"","Kingdom","Phylum","Class","Order","Family","Genus","Primary_lifestyle","tid"
"g__Coprinellus","k__Fungi","p__Basidiomycota","c__Agaricomycetes","o__Agaricales","f__Psathyrellaceae","g__Coprinellus","soil_saprotroph","ft_1"
"g__Saccharomyces","k__Fungi","p__Ascomycota","c__Saccharomycetes","o__Saccharomycetales","f__Saccharomycetaceae","g__Saccharomyces","nectar/tap_saprotroph","ft_2"
"g__Penicillium","k__Fungi","p__Ascomycota","c__Eurotiomycetes","o__Eurotiales","f__Aspergillaceae","g__Penicillium","unspecified_saprotroph","ft_3"
"g__Tuber","k__Fungi","p__Ascomycota","c__Pezizomycetes","o__Pezizales","f__Tuberaceae","g__Tuber","ectomycorrhizal","ft_4"
"g__Clavulina","k__Fungi","p__Basidiomycota","c__Agaricomycetes","o__Cantharellales","f__Hydnaceae","g__Clavulina","ectomycorrhizal","ft_5"
"Unclass_o__Agaricales","k__Fungi","p__Basidiomycota","c__Agaricomycetes","o__Agaricales",NA,"Unclass_o__Agaricales",NA,"ft_6"
"g__Cortinarius","k__Fungi","p__Basidiomycota","c__Agaricomycetes","o__Agaricales","f__Cortinariaceae","g__Cortinarius","ectomycorrhizal","ft_7"
"g__Penicillago","k__Fungi","p__Ascomycota","c__Eurotiomycetes","o__Eurotiales","f__Penicillaginaceae","g__Penicillago","","ft_8"
"g__Pulvinula","k__Fungi","p__Ascomycota","c__Pezizomycetes","o__Pezizales","f__Pyronemataceae","g__Pulvinula","ectomycorrhizal","ft_9"
"g__Paragalactinia","k__Fungi","p__Ascomycota","c__Pezizomycetes","o__Pezizales","f__Pezizaceae","g__Paragalactinia","","ft_10"
"g__Cenococcum","k__Fungi","p__Ascomycota","c__Dothideomycetes","o__Gloniales","f__Gloniaceae","g__Cenococcum","ectomycorrhizal","ft_11"
"g__Lactarius","k__Fungi","p__Basidiomycota","c__Agaricomycetes","o__Russulales","f__Russulaceae","g__Lactarius","ectomycorrhizal","ft_12"
"Unclass_o__Pleosporales","k__Fungi","p__Ascomycota","c__Dothideomycetes","o__Pleosporales",NA,"Unclass_o__Pleosporales",NA,"ft_13"
"Unclass_f__Chaetomiaceae","k__Fungi","p__Ascomycota","c__Sordariomycetes","o__Sordariales","f__Chaetomiaceae","Unclass_f__Chaetomiaceae",NA,"ft_14"
"g__Astraeus","k__Fungi","p__Basidiomycota","c__Agaricomycetes","o__Boletales","f__Astraeaceae","g__Astraeus","ectomycorrhizal","ft_15"
"g__Tomentella","k__Fungi","p__Basidiomycota","c__Agaricomycetes","o__Thelephorales","f__Thelephoraceae","g__Tomentella","ectomycorrhizal","ft_16"
"g__Inosperma","k__Fungi","p__Basidiomycota","c__Agaricomycetes","o__Agaricales","f__Inocybaceae","g__Inosperma","","ft_17"
"g__Lobulomycetales_gen_Incertae_sedis","k__Fungi","p__Chytridiomycota","c__Lobulomycetes","o__Lobulomycetales","f__Lobulomycetales_fam_Incertae_sedis","g__Lobulomycetales_gen_Incertae_sedis","","ft_18"
"g__Pezizaceae_gen_Incertae_sedis","k__Fungi","p__Ascomycota","c__Pezizomycetes","o__Pezizales","f__Pezizaceae","g__Pezizaceae_gen_Incertae_sedis","","ft_19"
"g__Solicoccozyma","k__Fungi","p__Basidiomycota","c__Tremellomycetes","o__Filobasidiales","f__Piskurozymaceae","g__Solicoccozyma","soil_saprotroph","ft_20"
"g__Thelephora","k__Fungi","p__Basidiomycota","c__Agaricomycetes","o__Thelephorales","f__Thelephoraceae","g__Thelephora","ectomycorrhizal","ft_21"
"g__Inocybe","k__Fungi","p__Basidiomycota","c__Agaricomycetes","o__Agaricales","f__Inocybaceae","g__Inocybe","ectomycorrhizal","ft_22"
"g__Diaporthe","k__Fungi","p__Ascomycota","c__Sordariomycetes","o__Diaporthales","f__Diaporthaceae","g__Diaporthe","plant_pathogen","ft_23"
"g__Ijuhya","k__Fungi","p__Ascomycota","c__Sordariomycetes","o__Hypocreales","f__Bionectriaceae","g__Ijuhya","litter_saprotroph","ft_24"
"g__Russula","k__Fungi","p__Basidiomycota","c__Agaricomycetes","o__Russulales","f__Russulaceae","g__Russula","ectomycorrhizal","ft_25"
"g__Genea","k__Fungi","p__Ascomycota","c__Pezizomycetes","o__Pezizales","f__Pyronemataceae","g__Genea","ectomycorrhizal","ft_26"
"g__Pyronema","k__Fungi","p__Ascomycota","c__Pezizomycetes","o__Pezizales","f__Pyronemataceae","g__Pyronema","soil_saprotroph","ft_27"
"g__Leucoagaricus","k__Fungi","p__Basidiomycota","c__Agaricomycetes","o__Agaricales","f__Agaricaceae","g__Leucoagaricus","soil_saprotroph","ft_28"
"g__Pulvinulaceae_gen_Incertae_sedis","k__Fungi","p__Ascomycota","c__Pezizomycetes","o__Pezizales","f__Pulvinulaceae","g__Pulvinulaceae_gen_Incertae_sedis","","ft_29"
"g__Cladorrhinum","k__Fungi","p__Ascomycota","c__Sordariomycetes","o__Sordariales","f__Podosporaceae","g__Cladorrhinum","unspecified_saprotroph","ft_30"
"g__Annulatascaceae_gen_Incertae_sedis","k__Fungi","p__Ascomycota","c__Sordariomycetes","o__Annulatascales","f__Annulatascaceae","g__Annulatascaceae_gen_Incertae_sedis","","ft_31"
"g__Cazia","k__Fungi","p__Ascomycota","c__Pezizomycetes","o__Pezizales","f__Pezizaceae","g__Cazia","ectomycorrhizal","ft_32"
"g__Trichothecium","k__Fungi","p__Ascomycota","c__Sordariomycetes","o__Hypocreales","f__Hypocreales_fam_Incertae_sedis","g__Trichothecium","plant_pathogen","ft_33"
"g__Venturiales_gen_Incertae_sedis","k__Fungi","p__Ascomycota","c__Dothideomycetes","o__Venturiales","f__Venturiales_fam_Incertae_sedis","g__Venturiales_gen_Incertae_sedis","","ft_34"
"g__Hydnobolites","k__Fungi","p__Ascomycota","c__Pezizomycetes","o__Pezizales","f__Pezizaceae","g__Hydnobolites","ectomycorrhizal","ft_35"
"g__Funneliformis","k__Fungi","p__Glomeromycota","c__Glomeromycetes","o__Glomerales","f__Glomeraceae","g__Funneliformis","arbuscular_mycorrhizal","ft_36"
"g__Naganishia","k__Fungi","p__Basidiomycota","c__Tremellomycetes","o__Filobasidiales","f__Filobasidiaceae","g__Naganishia","unspecified_saprotroph","ft_37"
"g__Fusarium","k__Fungi","p__Ascomycota","c__Sordariomycetes","o__Hypocreales","f__Nectriaceae","g__Fusarium","plant_pathogen","ft_38"
"g__Didymellaceae_gen_Incertae_sedis","k__Fungi","p__Ascomycota","c__Dothideomycetes","o__Pleosporales","f__Didymellaceae","g__Didymellaceae_gen_Incertae_sedis","","ft_39"
"g__Scleroderma","k__Fungi","p__Basidiomycota","c__Agaricomycetes","o__Boletales","f__Sclerodermataceae","g__Scleroderma","ectomycorrhizal","ft_40"
"g__Ascobolus","k__Fungi","p__Ascomycota","c__Pezizomycetes","o__Pezizales","f__Ascobolaceae","g__Ascobolus","litter_saprotroph","ft_41"
"g__Dothiora","k__Fungi","p__Ascomycota","c__Dothideomycetes","o__Dothideales","f__Dothioraceae","g__Dothiora","wood_saprotroph","ft_42"
"Unclass_c__Eurotiomycetes","k__Fungi","p__Ascomycota","c__Eurotiomycetes",NA,NA,"Unclass_c__Eurotiomycetes",NA,"ft_43"
"g__Podila","k__Fungi","p__Mortierellomycota","c__Mortierellomycetes","o__Mortierellales","f__Mortierellaceae","g__Podila","","ft_44"
"g__Pseudoechria","k__Fungi","p__Ascomycota","c__Sordariomycetes","o__Sordariales","f__Schizotheciaceae","g__Pseudoechria","","ft_45"
"g__Thelonectria","k__Fungi","p__Ascomycota","c__Sordariomycetes","o__Hypocreales","f__Nectriaceae","g__Thelonectria","litter_saprotroph","ft_46"
"g__Helvella","k__Fungi","p__Ascomycota","c__Pezizomycetes","o__Pezizales","f__Helvellaceae","g__Helvella","ectomycorrhizal","ft_47"
"g__Paraphoma","k__Fungi","p__Ascomycota","c__Dothideomycetes","o__Pleosporales","f__Phaeosphaeriaceae","g__Paraphoma","plant_pathogen","ft_48"
"g__Cladosporium","k__Fungi","p__Ascomycota","c__Dothideomycetes","o__Capnodiales","f__Cladosporiaceae","g__Cladosporium","litter_saprotroph","ft_49"
"g__Alternaria","k__Fungi","p__Ascomycota","c__Dothideomycetes","o__Pleosporales","f__Pleosporaceae","g__Alternaria","plant_pathogen","ft_50"
"Unclass_f__Russulaceae","k__Fungi","p__Basidiomycota","c__Agaricomycetes","o__Russulales","f__Russulaceae","Unclass_f__Russulaceae",NA,"ft_51"
"g__Antarctomyces","k__Fungi","p__Ascomycota","c__Leotiomycetes","o__Thelebolales","f__Thelebolaceae","g__Antarctomyces","soil_saprotroph","ft_52"
"Unclass_f__Mortierellaceae","k__Fungi","p__Mortierellomycota","c__Mortierellomycetes","o__Mortierellales","f__Mortierellaceae","Unclass_f__Mortierellaceae",NA,"ft_53"
"g__Phialemonium","k__Fungi","p__Ascomycota","c__Sordariomycetes","o__Sordariales","f__Cephalothecaceae","g__Phialemonium","animal_parasite","ft_54"
"g__Hydnoplicata","k__Fungi","p__Ascomycota","c__Pezizomycetes","o__Pezizales","f__Pezizaceae","g__Hydnoplicata","ectomycorrhizal","ft_55"
"g__Pseudopithomyces","k__Fungi","p__Ascomycota","c__Dothideomycetes","o__Pleosporales","f__Didymosphaeriaceae","g__Pseudopithomyces","plant_pathogen","ft_56"
"g__Mortierella","k__Fungi","p__Mortierellomycota","c__Mortierellomycetes","o__Mortierellales","f__Mortierellaceae","g__Mortierella","soil_saprotroph","ft_57"
"g__Humicola","k__Fungi","p__Ascomycota","c__Sordariomycetes","o__Sordariales","f__Chaetomiaceae","g__Humicola","wood_saprotroph","ft_58"
"g__Chaetothyriales_gen_Incertae_sedis","k__Fungi","p__Ascomycota","c__Eurotiomycetes","o__Chaetothyriales","f__Chaetothyriales_fam_Incertae_sedis","g__Chaetothyriales_gen_Incertae_sedis","","ft_59"
"g__Atrocalyx","k__Fungi","p__Ascomycota","c__Dothideomycetes","o__Pleosporales","f__Lophiotremataceae","g__Atrocalyx","wood_saprotroph","ft_60"
"g__Beauveria","k__Fungi","p__Ascomycota","c__Sordariomycetes","o__Hypocreales","f__Cordycipitaceae","g__Beauveria","animal_parasite","ft_61"
"g__Myxomphalia","k__Fungi","p__Basidiomycota","c__Agaricomycetes","o__Agaricales","f__Tricholomataceae","g__Myxomphalia","litter_saprotroph","ft_62"
"g__Elaphomyces","k__Fungi","p__Ascomycota","c__Eurotiomycetes","o__Eurotiales","f__Elaphomycetaceae","g__Elaphomyces","ectomycorrhizal","ft_63"
"g__Pteridiospora","k__Fungi","p__Ascomycota","c__Dothideomycetes","o__Pleosporales","f__Pleosporales_fam_Incertae_sedis","g__Pteridiospora","wood_saprotroph","ft_64"
"g__Coprinus","k__Fungi","p__Basidiomycota","c__Agaricomycetes","o__Agaricales","f__Agaricaceae","g__Coprinus","dung_saprotroph","ft_65"
"g__Jugulospora","k__Fungi","p__Ascomycota","c__Sordariomycetes","o__Sordariales","f__Neoschizotheciaceae","g__Jugulospora","unspecified_saprotroph","ft_66"
"g__Mortierellales_gen_Incertae_sedis","k__Fungi","p__Mortierellomycota","c__Mortierellomycetes","o__Mortierellales","f__Mortierellales_fam_Incertae_sedis","g__Mortierellales_gen_Incertae_sedis","","ft_67"
"g__Cryptococcus","k__Fungi","p__Basidiomycota","c__Tremellomycetes","o__Tremellales","f__Cryptococcaceae","g__Cryptococcus","unspecified_saprotroph","ft_68"
"g__Oidiodendron","k__Fungi","p__Ascomycota","c__Leotiomycetes","o__Helotiales","f__Myxotrichaceae","g__Oidiodendron","soil_saprotroph","ft_69"
"g__Glomus","k__Fungi","p__Glomeromycota","c__Glomeromycetes","o__Glomerales","f__Glomeraceae","g__Glomus","arbuscular_mycorrhizal","ft_70"
"Unclass_o__Onygenales","k__Fungi","p__Ascomycota","c__Eurotiomycetes","o__Onygenales",NA,"Unclass_o__Onygenales",NA,"ft_71"
"g__Arachnomyces","k__Fungi","p__Ascomycota","c__Eurotiomycetes","o__Onygenales","f__Arachnomycetaceae","g__Arachnomyces","animal_parasite","ft_72"
"g__Onygenales_gen_Incertae_sedis","k__Fungi","p__Ascomycota","c__Eurotiomycetes","o__Onygenales","f__Onygenales_fam_Incertae_sedis","g__Onygenales_gen_Incertae_sedis","","ft_73"
"g__Membranomyces","k__Fungi","p__Basidiomycota","c__Agaricomycetes","o__Cantharellales","f__Hydnaceae","g__Membranomyces","ectomycorrhizal","ft_74"
"g__Neoschizothecium","k__Fungi","p__Ascomycota","c__Sordariomycetes","o__Sordariales","f__Neoschizotheciaceae","g__Neoschizothecium","","ft_75"
"g__Niesslia","k__Fungi","p__Ascomycota","c__Sordariomycetes","o__Hypocreales","f__Niessliaceae","g__Niesslia","litter_saprotroph","ft_76"
"g__Didymosphaeria","k__Fungi","p__Ascomycota","c__Dothideomycetes","o__Pleosporales","f__Didymosphaeriaceae","g__Didymosphaeria","plant_pathogen","ft_77"
"Unclass_o__Sordariales","k__Fungi","p__Ascomycota","c__Sordariomycetes","o__Sordariales",NA,"Unclass_o__Sordariales",NA,"ft_78"
"g__Purpureocillium","k__Fungi","p__Ascomycota","c__Sordariomycetes","o__Hypocreales","f__Ophiocordycipitaceae","g__Purpureocillium","animal_parasite","ft_79"
"g__Synchytriaceae_gen_Incertae_sedis","k__Fungi","p__Chytridiomycota","c__Synchytriomycetes","o__Synchytriales","f__Synchytriaceae","g__Synchytriaceae_gen_Incertae_sedis","","ft_80"
"g__Pyrenophora","k__Fungi","p__Ascomycota","c__Dothideomycetes","o__Pleosporales","f__Pleosporaceae","g__Pyrenophora","plant_pathogen","ft_81"
"g__Cyphellophora","k__Fungi","p__Ascomycota","c__Eurotiomycetes","o__Chaetothyriales","f__Cyphellophoraceae","g__Cyphellophora","litter_saprotroph","ft_82"
"g__Melaspileella","k__Fungi","p__Ascomycota","c__Dothideomycetes","o__Asterinales","f__Melaspileaceae","g__Melaspileella","wood_saprotroph","ft_83"
"g__Otidea","k__Fungi","p__Ascomycota","c__Pezizomycetes","o__Pezizales","f__Pyronemataceae","g__Otidea","ectomycorrhizal","ft_84"
"Unclass_f__Orbiliaceae","k__Fungi","p__Ascomycota","c__Orbiliomycetes","o__Orbiliales","f__Orbiliaceae","Unclass_f__Orbiliaceae",NA,"ft_85"
"Unclass_f__Bionectriaceae","k__Fungi","p__Ascomycota","c__Sordariomycetes","o__Hypocreales","f__Bionectriaceae","Unclass_f__Bionectriaceae",NA,"ft_86"
"g__Geoglossales_gen_Incertae_sedis","k__Fungi","p__Ascomycota","c__Geoglossomycetes","o__Geoglossales","f__Geoglossales_fam_Incertae_sedis","g__Geoglossales_gen_Incertae_sedis","","ft_87"
"g__Neostagonospora","k__Fungi","p__Ascomycota","c__Dothideomycetes","o__Pleosporales","f__Phaeosphaeriaceae","g__Neostagonospora","litter_saprotroph","ft_88"
"g__Tremellodendropsidales_gen_Incertae_sedis","k__Fungi","p__Basidiomycota","c__Agaricomycetes","o__Tremellodendropsidales","f__Tremellodendropsidales_fam_Incertae_sedis","g__Tremellodendropsidales_gen_Incertae_sedis","","ft_89"
"Unclass_p__Ascomycota","k__Fungi","p__Ascomycota",NA,NA,NA,"Unclass_p__Ascomycota",NA,"ft_90"
"g__Sclerococcum","k__Fungi","p__Ascomycota","c__Eurotiomycetes","o__Sclerococcales","f__Sclerococcaceae","g__Sclerococcum","lichen_parasite","ft_91"
"Unclass_f__Cordycipitaceae","k__Fungi","p__Ascomycota","c__Sordariomycetes","o__Hypocreales","f__Cordycipitaceae","Unclass_f__Cordycipitaceae",NA,"ft_92"
"g__Ilyonectria","k__Fungi","p__Ascomycota","c__Sordariomycetes","o__Hypocreales","f__Nectriaceae","g__Ilyonectria","plant_pathogen","ft_93"
"g__Basidiobolales_gen_Incertae_sedis","k__Fungi","p__Basidiobolomycota","c__Basidiobolomycetes","o__Basidiobolales","f__Basidiobolales_fam_Incertae_sedis","g__Basidiobolales_gen_Incertae_sedis","","ft_94"
"Unclass_f__Aspergillaceae","k__Fungi","p__Ascomycota","c__Eurotiomycetes","o__Eurotiales","f__Aspergillaceae","Unclass_f__Aspergillaceae",NA,"ft_95"
"Unclass_k__Fungi","k__Fungi",NA,NA,NA,NA,"Unclass_k__Fungi",NA,"ft_96"
"g__Aureobasidium","k__Fungi","p__Ascomycota","c__Dothideomycetes","o__Dothideales","f__Saccotheciaceae","g__Aureobasidium","sooty_mold","ft_97"
"g__Hyaloscypha","k__Fungi","p__Ascomycota","c__Leotiomycetes","o__Helotiales","f__Hyaloscyphaceae","g__Hyaloscypha","litter_saprotroph","ft_98"
"g__Basidiomycota_gen_Incertae_sedis","k__Fungi","p__Basidiomycota","c__Basidiomycota_cls_Incertae_sedis","o__Basidiomycota_ord_Incertae_sedis","f__Basidiomycota_fam_Incertae_sedis","g__Basidiomycota_gen_Incertae_sedis","","ft_99"
"g__Rhodotorula","k__Fungi","p__Basidiomycota","c__Microbotryomycetes","o__Sporidiobolales","f__Sporidiobolaceae","g__Rhodotorula","unspecified_saprotroph","ft_100"
"g__Pseudoarthrographis","k__Fungi","p__Ascomycota","c__Dothideomycetes","o__Dothideomycetes_ord_Incertae_sedis","f__Dothideomycetes_fam_Incertae_sedis","g__Pseudoarthrographis","plant_pathogen","ft_101"
"g__Trichocladium","k__Fungi","p__Ascomycota","c__Sordariomycetes","o__Sordariales","f__Chaetomiaceae","g__Trichocladium","unspecified_saprotroph","ft_102"
"g__Chaetosphaeronema","k__Fungi","p__Ascomycota","c__Dothideomycetes","o__Pleosporales","f__Phaeosphaeriaceae","g__Chaetosphaeronema","plant_pathogen","ft_103"
"g__Monocillium","k__Fungi","p__Ascomycota","c__Sordariomycetes","o__Hypocreales","f__Hypocreaceae","g__Monocillium","litter_saprotroph","ft_104"
"g__Filobasidium","k__Fungi","p__Basidiomycota","c__Tremellomycetes","o__Filobasidiales","f__Filobasidiaceae","g__Filobasidium","unspecified_saprotroph","ft_105"
"g__Ascochyta","k__Fungi","p__Ascomycota","c__Dothideomycetes","o__Pleosporales","f__Didymellaceae","g__Ascochyta","plant_pathogen","ft_106"
"g__Rhizoctonia","k__Fungi","p__Basidiomycota","c__Agaricomycetes","o__Cantharellales","f__Ceratobasidiaceae","g__Rhizoctonia","plant_pathogen","ft_107"
"g__Umbelopsis","k__Fungi","p__Mucoromycota","c__Umbelopsidomycetes","o__Umbelopsidales","f__Umbelopsidaceae","g__Umbelopsis","soil_saprotroph","ft_108"
"Unclass_f__Didymellaceae","k__Fungi","p__Ascomycota","c__Dothideomycetes","o__Pleosporales","f__Didymellaceae","Unclass_f__Didymellaceae",NA,"ft_109"
"Unclass_f__Nectriaceae","k__Fungi","p__Ascomycota","c__Sordariomycetes","o__Hypocreales","f__Nectriaceae","Unclass_f__Nectriaceae",NA,"ft_110"
"g__Sordariomycetes_gen_Incertae_sedis","k__Fungi","p__Ascomycota","c__Sordariomycetes","o__Sordariomycetes_ord_Incertae_sedis","f__Sordariomycetes_fam_Incertae_sedis","g__Sordariomycetes_gen_Incertae_sedis","","ft_111"
"g__Venturia","k__Fungi","p__Ascomycota","c__Dothideomycetes","o__Venturiales","f__Venturiaceae","g__Venturia","plant_pathogen","ft_112"
"Unclass_f__Tubeufiaceae","k__Fungi","p__Ascomycota","c__Dothideomycetes","o__Tubeufiales","f__Tubeufiaceae","Unclass_f__Tubeufiaceae",NA,"ft_113"
"g__Teratosphaeria","k__Fungi","p__Ascomycota","c__Dothideomycetes","o__Mycosphaerellales","f__Teratosphaeriaceae","g__Teratosphaeria","plant_pathogen","ft_114"
"g__Wojnowiciella","k__Fungi","p__Ascomycota","c__Dothideomycetes","o__Pleosporales","f__Phaeosphaeriaceae","g__Wojnowiciella","litter_saprotroph","ft_115"
"g__Spizellomycetaceae_gen_Incertae_sedis","k__Fungi","p__Chytridiomycota","c__Spizellomycetes","o__Spizellomycetales","f__Spizellomycetaceae","g__Spizellomycetaceae_gen_Incertae_sedis","","ft_116"
"g__Chytridiomycota_gen_Incertae_sedis","k__Fungi","p__Chytridiomycota","c__Chytridiomycota_cls_Incertae_sedis","o__Chytridiomycota_ord_Incertae_sedis","f__Chytridiomycota_fam_Incertae_sedis","g__Chytridiomycota_gen_Incertae_sedis","","ft_117"
"g__Mucor","k__Fungi","p__Mucoromycota","c__Mucoromycetes","o__Mucorales","f__Mucoraceae","g__Mucor","soil_saprotroph","ft_118"
"g__Pseudogymnoascus","k__Fungi","p__Ascomycota","c__Leotiomycetes","o__Thelebolales","f__Pseudeurotiaceae","g__Pseudogymnoascus","soil_saprotroph","ft_119"
"g__Spizellomyces","k__Fungi","p__Chytridiomycota","c__Spizellomycetes","o__Spizellomycetales","f__Spizellomycetaceae","g__Spizellomyces","pollen_saprotroph","ft_120"
"g__Rhizopogon","k__Fungi","p__Basidiomycota","c__Agaricomycetes","o__Boletales","f__Rhizopogonaceae","g__Rhizopogon","ectomycorrhizal","ft_121"
"g__Tetracladium_f__Helotiaceae","k__Fungi","p__Ascomycota","c__Leotiomycetes","o__Helotiales","f__Helotiaceae","g__Tetracladium_f__Helotiaceae",NA,"ft_122"
"g__Thelebolus","k__Fungi","p__Ascomycota","c__Leotiomycetes","o__Thelebolales","f__Thelebolaceae","g__Thelebolus","dung_saprotroph","ft_123"
"Unclass_f__Herpotrichiellaceae","k__Fungi","p__Ascomycota","c__Eurotiomycetes","o__Chaetothyriales","f__Herpotrichiellaceae","Unclass_f__Herpotrichiellaceae",NA,"ft_124"
"g__Phaeosphaeriaceae_gen_Incertae_sedis","k__Fungi","p__Ascomycota","c__Dothideomycetes","o__Pleosporales","f__Phaeosphaeriaceae","g__Phaeosphaeriaceae_gen_Incertae_sedis","","ft_125"
"g__Periconia","k__Fungi","p__Ascomycota","c__Dothideomycetes","o__Pleosporales","f__Periconiaceae","g__Periconia","plant_pathogen","ft_126"
"g__Laburnicola","k__Fungi","p__Ascomycota","c__Dothideomycetes","o__Pleosporales","f__Didymosphaeriaceae","g__Laburnicola","wood_saprotroph","ft_127"
"g__Fusariella","k__Fungi","p__Ascomycota","c__Sordariomycetes","o__Hypocreales","f__Hypocreales_fam_Incertae_sedis","g__Fusariella","plant_pathogen","ft_128"
"g__Chaetomium","k__Fungi","p__Ascomycota","c__Sordariomycetes","o__Sordariales","f__Chaetomiaceae","g__Chaetomium","litter_saprotroph","ft_129"
"g__Tricellula","k__Fungi","p__Ascomycota","c__Pezizomycotina_cls_Incertae_sedis","o__Pezizomycotina_ord_Incertae_sedis","f__Pezizomycotina_fam_Incertae_sedis","g__Tricellula","litter_saprotroph","ft_130"
"g__Claroideoglomus","k__Fungi","p__Glomeromycota","c__Glomeromycetes","o__Glomerales","f__Claroideoglomeraceae","g__Claroideoglomus","arbuscular_mycorrhizal","ft_131"
"g__Tephrocybe","k__Fungi","p__Basidiomycota","c__Agaricomycetes","o__Agaricales","f__Lyophyllaceae","g__Tephrocybe","soil_saprotroph","ft_132"
"g__Oliveonia","k__Fungi","p__Basidiomycota","c__Agaricomycetes","o__Auriculariales","f__Auriculariales_fam_Incertae_sedis","g__Oliveonia","wood_saprotroph","ft_133"
"g__Acremonium","k__Fungi","p__Ascomycota","c__Sordariomycetes","o__Hypocreales","f__Hypocreales_fam_Incertae_sedis","g__Acremonium","unspecified_saprotroph","ft_134"
"Unclass_f__Thelephoraceae","k__Fungi","p__Basidiomycota","c__Agaricomycetes","o__Thelephorales","f__Thelephoraceae","Unclass_f__Thelephoraceae",NA,"ft_135"
"g__Phialocephala","k__Fungi","p__Ascomycota","c__Leotiomycetes","o__Helotiales","f__Mollisiaceae","g__Phialocephala","soil_saprotroph","ft_136"
"g__Saitozyma","k__Fungi","p__Basidiomycota","c__Tremellomycetes","o__Tremellales","f__Trimorphomycetaceae","g__Saitozyma","soil_saprotroph","ft_137"
"g__Dinemasporium","k__Fungi","p__Ascomycota","c__Sordariomycetes","o__Chaetosphaeriales","f__Chaetosphaeriaceae","g__Dinemasporium","litter_saprotroph","ft_138"
"g__Calloriaceae_gen_Incertae_sedis","k__Fungi","p__Ascomycota","c__Leotiomycetes","o__Helotiales","f__Calloriaceae","g__Calloriaceae_gen_Incertae_sedis","","ft_139"
"g__Pezicula","k__Fungi","p__Ascomycota","c__Leotiomycetes","o__Helotiales","f__Dermateaceae","g__Pezicula","root_endophyte","ft_140"
"g__Exophiala","k__Fungi","p__Ascomycota","c__Eurotiomycetes","o__Chaetothyriales","f__Herpotrichiellaceae","g__Exophiala","animal_parasite","ft_141"
"Unclass_o__Pezizales","k__Fungi","p__Ascomycota","c__Pezizomycetes","o__Pezizales",NA,"Unclass_o__Pezizales",NA,"ft_142"
"Unclass_f__Pyronemataceae","k__Fungi","p__Ascomycota","c__Pezizomycetes","o__Pezizales","f__Pyronemataceae","Unclass_f__Pyronemataceae",NA,"ft_143"
"g__Kirschsteiniothelia","k__Fungi","p__Ascomycota","c__Dothideomycetes","o__Kirschsteiniotheliales","f__Kirschsteiniotheliaceae","g__Kirschsteiniothelia","wood_saprotroph","ft_144"
"g__Lasiosphaeris","k__Fungi","p__Ascomycota","c__Sordariomycetes","o__Sordariales","f__Lasiosphaeriaceae","g__Lasiosphaeris","unspecified_saprotroph","ft_145"
"Unclass_o__Pyxidiophorales","k__Fungi","p__Ascomycota","c__Laboulbeniomycetes","o__Pyxidiophorales",NA,"Unclass_o__Pyxidiophorales",NA,"ft_146"
"g__Neosartorya","k__Fungi","p__Ascomycota","c__Eurotiomycetes","o__Eurotiales","f__Aspergillaceae","g__Neosartorya","unspecified_saprotroph","ft_147"
"g__Coniochaeta","k__Fungi","p__Ascomycota","c__Sordariomycetes","o__Coniochaetales","f__Coniochaetaceae","g__Coniochaeta","unspecified_saprotroph","ft_148"
"g__Lichenoconium","k__Fungi","p__Ascomycota","c__Dothideomycetes","o__Abrothallales","f__Lichenoconiaceae","g__Lichenoconium","lichen_parasite","ft_149"
"g__Phaeosphaeria","k__Fungi","p__Ascomycota","c__Dothideomycetes","o__Pleosporales","f__Phaeosphaeriaceae","g__Phaeosphaeria","litter_saprotroph","ft_150"
"g__Sporothrix","k__Fungi","p__Ascomycota","c__Sordariomycetes","o__Ophiostomatales","f__Ophiostomataceae","g__Sporothrix","plant_pathogen","ft_151"
"g__Hyalorbilia","k__Fungi","p__Ascomycota","c__Orbiliomycetes","o__Orbiliales","f__Orbiliaceae","g__Hyalorbilia","wood_saprotroph","ft_152"
"g__Lachnum","k__Fungi","p__Ascomycota","c__Leotiomycetes","o__Helotiales","f__Hyaloscyphaceae","g__Lachnum","litter_saprotroph","ft_153"
"Unclass_c__Sordariomycetes","k__Fungi","p__Ascomycota","c__Sordariomycetes",NA,NA,"Unclass_c__Sordariomycetes",NA,"ft_154"
"g__Venturiaceae_gen_Incertae_sedis","k__Fungi","p__Ascomycota","c__Dothideomycetes","o__Venturiales","f__Venturiaceae","g__Venturiaceae_gen_Incertae_sedis","","ft_155"
"g__Pseudeurotium","k__Fungi","p__Ascomycota","c__Leotiomycetes","o__Thelebolales","f__Pseudeurotiaceae","g__Pseudeurotium","dung_saprotroph","ft_156"
"g__Ceratobasidium","k__Fungi","p__Basidiomycota","c__Agaricomycetes","o__Cantharellales","f__Ceratobasidiaceae","g__Ceratobasidium","plant_pathogen","ft_157"
"g__Sagenomella","k__Fungi","p__Ascomycota","c__Eurotiomycetes","o__Eurotiales","f__Trichocomaceae","g__Sagenomella","unspecified_saprotroph","ft_158"
"g__Pholiotina","k__Fungi","p__Basidiomycota","c__Agaricomycetes","o__Agaricales","f__Bolbitiaceae","g__Pholiotina","soil_saprotroph","ft_159"
"g__Plicariella","k__Fungi","p__Ascomycota","c__Pezizomycetes","o__Pezizales","f__Pezizaceae","g__Plicariella","ectomycorrhizal","ft_160"
"Unclass_c__Dothideomycetes","k__Fungi","p__Ascomycota","c__Dothideomycetes",NA,NA,"Unclass_c__Dothideomycetes",NA,"ft_161"
"Unclass_o__Chaetothyriales","k__Fungi","p__Ascomycota","c__Eurotiomycetes","o__Chaetothyriales",NA,"Unclass_o__Chaetothyriales",NA,"ft_162"
"g__Tricharina","k__Fungi","p__Ascomycota","c__Pezizomycetes","o__Pezizales","f__Pyronemataceae","g__Tricharina","soil_saprotroph","ft_163"
"g__Schizothecium","k__Fungi","p__Ascomycota","c__Sordariomycetes","o__Sordariales","f__Lasiosphaeriaceae","g__Schizothecium","dung_saprotroph","ft_164"
"g__Paracladophialophora","k__Fungi","p__Ascomycota","c__Eurotiomycetes","o__Chaetothyriales","f__Paracladophialophoraceae","g__Paracladophialophora","plant_pathogen","ft_165"
"g__Epicoccum","k__Fungi","p__Ascomycota","c__Dothideomycetes","o__Pleosporales","f__Didymellaceae","g__Epicoccum","plant_pathogen","ft_166"
"Unclass_c__Agaricomycetes","k__Fungi","p__Basidiomycota","c__Agaricomycetes",NA,NA,"Unclass_c__Agaricomycetes",NA,"ft_167"
"g__Lecanicillium","k__Fungi","p__Ascomycota","c__Sordariomycetes","o__Hypocreales","f__Cordycipitaceae","g__Lecanicillium","animal_parasite","ft_168"
"g__Parasola","k__Fungi","p__Basidiomycota","c__Agaricomycetes","o__Agaricales","f__Psathyrellaceae","g__Parasola","soil_saprotroph","ft_169"
"g__Orbiliales_gen_Incertae_sedis","k__Fungi","p__Ascomycota","c__Orbiliomycetes","o__Orbiliales","f__Orbiliales_fam_Incertae_sedis","g__Orbiliales_gen_Incertae_sedis","","ft_170"
"g__Talaromyces","k__Fungi","p__Ascomycota","c__Eurotiomycetes","o__Eurotiales","f__Aspergillaceae","g__Talaromyces","unspecified_saprotroph","ft_171"
"g__Hypocreales_gen_Incertae_sedis","k__Fungi","p__Ascomycota","c__Sordariomycetes","o__Hypocreales","f__Hypocreales_fam_Incertae_sedis","g__Hypocreales_gen_Incertae_sedis","","ft_172"
"g__Gamszarea","k__Fungi","p__Ascomycota","c__Sordariomycetes","o__Hypocreales","f__Cordycipitaceae","g__Gamszarea","","ft_173"
"g__Pseudocosmospora","k__Fungi","p__Ascomycota","c__Sordariomycetes","o__Hypocreales","f__Nectriaceae","g__Pseudocosmospora","mycoparasite","ft_174"
"g__Distoseptispora","k__Fungi","p__Ascomycota","c__Sordariomycetes","o__Distoseptisporales","f__Distoseptisporaceae","g__Distoseptispora","wood_saprotroph","ft_175"
"g__Gliomastix","k__Fungi","p__Ascomycota","c__Sordariomycetes","o__Hypocreales","f__Bionectriaceae","g__Gliomastix","unspecified_saprotroph","ft_176"
"g__Tyrannosorus","k__Fungi","p__Ascomycota","c__Dothideomycetes","o__Venturiales","f__Venturiaceae","g__Tyrannosorus","wood_saprotroph","ft_177"
"Unclass_f__Phaeosphaeriaceae","k__Fungi","p__Ascomycota","c__Dothideomycetes","o__Pleosporales","f__Phaeosphaeriaceae","Unclass_f__Phaeosphaeriaceae",NA,"ft_178"
"g__Serendipita","k__Fungi","p__Basidiomycota","c__Agaricomycetes","o__Sebacinales","f__Serendipitaceae","g__Serendipita","root_endophyte","ft_179"
"g__Xenasma","k__Fungi","p__Basidiomycota","c__Agaricomycetes","o__Agaricomycetes_ord_Incertae_sedis","f__Xenasmataceae","g__Xenasma","wood_saprotroph","ft_180"
"Unclass_o__Hypocreales","k__Fungi","p__Ascomycota","c__Sordariomycetes","o__Hypocreales",NA,"Unclass_o__Hypocreales",NA,"ft_181"
"g__Iodophanus","k__Fungi","p__Ascomycota","c__Pezizomycetes","o__Pezizales","f__Pezizaceae","g__Iodophanus","soil_saprotroph","ft_182"
"g__Gloniaceae_gen_Incertae_sedis","k__Fungi","p__Ascomycota","c__Dothideomycetes","o__Gloniales","f__Gloniaceae","g__Gloniaceae_gen_Incertae_sedis","","ft_183"
"g__Glarea","k__Fungi","p__Ascomycota","c__Leotiomycetes","o__Helotiales","f__Helotiaceae","g__Glarea","soil_saprotroph","ft_184"
"g__Preussia","k__Fungi","p__Ascomycota","c__Dothideomycetes","o__Pleosporales","f__Sporormiaceae","g__Preussia","dung_saprotroph","ft_185"
"g__Metapochonia","k__Fungi","p__Ascomycota","c__Sordariomycetes","o__Hypocreales","f__Clavicipitaceae","g__Metapochonia","animal_parasite","ft_186"
"g__Neocucurbitaria","k__Fungi","p__Ascomycota","c__Dothideomycetes","o__Pleosporales","f__Cucurbitariaceae","g__Neocucurbitaria","unspecified_saprotroph","ft_187"
"g__Hamigera","k__Fungi","p__Ascomycota","c__Eurotiomycetes","o__Eurotiales","f__Aspergillaceae","g__Hamigera","unspecified_saprotroph","ft_188"
"g__Hebeloma","k__Fungi","p__Basidiomycota","c__Agaricomycetes","o__Agaricales","f__Hymenogastraceae","g__Hebeloma","ectomycorrhizal","ft_189"
"g__Entrophospora","k__Fungi","p__Glomeromycota","c__Glomeromycetes","o__Entrophosporales","f__Entrophosporaceae","g__Entrophospora","arbuscular_mycorrhizal","ft_190"
"g__Geastrales_gen_Incertae_sedis","k__Fungi","p__Basidiomycota","c__Agaricomycetes","o__Geastrales","f__Geastrales_fam_Incertae_sedis","g__Geastrales_gen_Incertae_sedis","","ft_191"
"g__Pluteus","k__Fungi","p__Basidiomycota","c__Agaricomycetes","o__Agaricales","f__Pluteaceae","g__Pluteus","litter_saprotroph","ft_192"
"g__Scytalidium","k__Fungi","p__Ascomycota","c__Leotiomycetes","o__Helotiales","f__Helotiaceae","g__Scytalidium","wood_saprotroph","ft_193"
"g__Didymella","k__Fungi","p__Ascomycota","c__Dothideomycetes","o__Pleosporales","f__Didymellaceae","g__Didymella","plant_pathogen","ft_194"
"g__Jeremyomyces","k__Fungi","p__Ascomycota","c__Dothideomycetes","o__Pleosporales","f__Phaeosphaeriaceae","g__Jeremyomyces","wood_saprotroph","ft_195"
"g__Glutinomyces","k__Fungi","p__Ascomycota","c__Leotiomycetes","o__Helotiales","f__Hyaloscyphaceae","g__Glutinomyces","root_endophyte","ft_196"
"g__Omphalotus","k__Fungi","p__Basidiomycota","c__Agaricomycetes","o__Agaricales","f__Omphalotaceae","g__Omphalotus","wood_saprotroph","ft_197"
"g__Geminibasidium","k__Fungi","p__Basidiomycota","c__Geminibasidiomycetes","o__Geminibasidiales","f__Geminibasidiaceae","g__Geminibasidium","soil_saprotroph","ft_198"
"g__Lyophyllum","k__Fungi","p__Basidiomycota","c__Agaricomycetes","o__Agaricales","f__Lyophyllaceae","g__Lyophyllum","ectomycorrhizal","ft_199"
"g__Cytospora","k__Fungi","p__Ascomycota","c__Sordariomycetes","o__Diaporthales","f__Valsaceae","g__Cytospora","plant_pathogen","ft_200"
"Unclass_f__Sclerotiniaceae","k__Fungi","p__Ascomycota","c__Leotiomycetes","o__Helotiales","f__Sclerotiniaceae","Unclass_f__Sclerotiniaceae",NA,"ft_201"
"g__Crocicreas","k__Fungi","p__Ascomycota","c__Leotiomycetes","o__Helotiales","f__Helotiaceae","g__Crocicreas","litter_saprotroph","ft_202"
"Unclass_f__Paracladophialophoraceae","k__Fungi","p__Ascomycota","c__Eurotiomycetes","o__Chaetothyriales","f__Paracladophialophoraceae","Unclass_f__Paracladophialophoraceae",NA,"ft_203"
"g__Arnium","k__Fungi","p__Ascomycota","c__Sordariomycetes","o__Sordariales","f__Lasiosphaeriaceae","g__Arnium","dung_saprotroph","ft_204"
"g__Botryotinia","k__Fungi","p__Ascomycota","c__Leotiomycetes","o__Helotiales","f__Sclerotiniaceae","g__Botryotinia","plant_pathogen","ft_205"
"g__Capronia","k__Fungi","p__Ascomycota","c__Eurotiomycetes","o__Chaetothyriales","f__Herpotrichiellaceae","g__Capronia","soil_saprotroph","ft_206"
"g__Varicellaria","k__Fungi","p__Ascomycota","c__Lecanoromycetes","o__Pertusariales","f__Pertusariaceae","g__Varicellaria","lichenized","ft_207"
"Unclass_p__Basidiomycota","k__Fungi","p__Basidiomycota",NA,NA,NA,"Unclass_p__Basidiomycota",NA,"ft_208"
"g__Aspergillaceae_gen_Incertae_sedis","k__Fungi","p__Ascomycota","c__Eurotiomycetes","o__Eurotiales","f__Aspergillaceae","g__Aspergillaceae_gen_Incertae_sedis","","ft_209"
"g__Neosetophoma","k__Fungi","p__Ascomycota","c__Dothideomycetes","o__Pleosporales","f__Phaeosphaeriaceae","g__Neosetophoma","litter_saprotroph","ft_210"
"g__Aspergillus","k__Fungi","p__Ascomycota","c__Eurotiomycetes","o__Eurotiales","f__Aspergillaceae","g__Aspergillus","unspecified_saprotroph","ft_211"
"g__Fusicolla","k__Fungi","p__Ascomycota","c__Sordariomycetes","o__Hypocreales","f__Nectriaceae","g__Fusicolla","mycoparasite","ft_212"
"g__Paracylindrocarpon","k__Fungi","p__Ascomycota","c__Sordariomycetes","o__Hypocreales","f__Bionectriaceae","g__Paracylindrocarpon","litter_saprotroph","ft_213"
"g__Powellomycetaceae_gen_Incertae_sedis","k__Fungi","p__Chytridiomycota","c__Spizellomycetes","o__Spizellomycetales","f__Powellomycetaceae","g__Powellomycetaceae_gen_Incertae_sedis","","ft_214"
"g__Pectenia","k__Fungi","p__Ascomycota","c__Lecanoromycetes","o__Peltigerales","f__Pannariaceae","g__Pectenia","lichenized","ft_215"
"Unclass_f__Lasiosphaeriaceae","k__Fungi","p__Ascomycota","c__Sordariomycetes","o__Sordariales","f__Lasiosphaeriaceae","Unclass_f__Lasiosphaeriaceae",NA,"ft_216"
"g__Fungi_gen_Incertae_sedis","k__Fungi","p__Fungi_phy_Incertae_sedis","c__Fungi_cls_Incertae_sedis","o__Fungi_ord_Incertae_sedis","f__Fungi_fam_Incertae_sedis","g__Fungi_gen_Incertae_sedis","","ft_217"
"g__Arachniotus","k__Fungi","p__Ascomycota","c__Eurotiomycetes","o__Onygenales","f__Gymnoascaceae","g__Arachniotus","soil_saprotroph","ft_218"
"g__Leptodontidium","k__Fungi","p__Ascomycota","c__Leotiomycetes","o__Helotiales","f__Leptodontidiaceae","g__Leptodontidium","litter_saprotroph","ft_219"
"g__Chalara","k__Fungi","p__Ascomycota","c__Leotiomycetes","o__Helotiales","f__Helotiales_fam_Incertae_sedis","g__Chalara","litter_saprotroph","ft_220"
"g__Calyptella","k__Fungi","p__Basidiomycota","c__Agaricomycetes","o__Agaricales","f__Tricholomataceae","g__Calyptella","litter_saprotroph","ft_221"
"g__Spizellomycetales_gen_Incertae_sedis","k__Fungi","p__Chytridiomycota","c__Spizellomycetes","o__Spizellomycetales","f__Spizellomycetales_fam_Incertae_sedis","g__Spizellomycetales_gen_Incertae_sedis","","ft_222"
"g__Vishniacozyma","k__Fungi","p__Basidiomycota","c__Tremellomycetes","o__Tremellales","f__Bulleribasidiaceae","g__Vishniacozyma","soil_saprotroph","ft_223"
"Unclass_c__Endogonomycetes","k__Fungi","p__Mucoromycota","c__Endogonomycetes",NA,NA,"Unclass_c__Endogonomycetes",NA,"ft_224"
"g__Leohumicola","k__Fungi","p__Ascomycota","c__Leotiomycetes","o__Helotiales","f__Helotiales_fam_Incertae_sedis","g__Leohumicola","soil_saprotroph","ft_225"
"g__Monoblepharidales_gen_Incertae_sedis","k__Fungi","p__Monoblepharomycota","c__Monoblepharidomycetes","o__Monoblepharidales","f__Monoblepharidales_fam_Incertae_sedis","g__Monoblepharidales_gen_Incertae_sedis","","ft_226"
"g__Pyrenochaeta","k__Fungi","p__Ascomycota","c__Dothideomycetes","o__Pleosporales","f__Cucurbitariaceae","g__Pyrenochaeta","wood_saprotroph","ft_227"
"g__Tumularia","k__Fungi","p__Ascomycota","c__Dothideomycetes","o__Pleosporales","f__Pleomassariaceae","g__Tumularia","litter_saprotroph","ft_228"
"g__Leucosporidium","k__Fungi","p__Basidiomycota","c__Microbotryomycetes","o__Leucosporidiales","f__Leucosporidiaceae","g__Leucosporidium","soil_saprotroph","ft_229"
"g__Myrmecridium","k__Fungi","p__Ascomycota","c__Sordariomycetes","o__Myrmecridiales","f__Myrmecridiaceae","g__Myrmecridium","soil_saprotroph","ft_230"
"g__Orbiliaceae_gen_Incertae_sedis","k__Fungi","p__Ascomycota","c__Orbiliomycetes","o__Orbiliales","f__Orbiliaceae","g__Orbiliaceae_gen_Incertae_sedis","","ft_231"
"Unclass_f__Xylariaceae","k__Fungi","p__Ascomycota","c__Sordariomycetes","o__Xylariales","f__Xylariaceae","Unclass_f__Xylariaceae",NA,"ft_232"
"g__Cephalotrichum","k__Fungi","p__Ascomycota","c__Sordariomycetes","o__Microascales","f__Microascaceae","g__Cephalotrichum","soil_saprotroph","ft_233"
"g__Linnemannia","k__Fungi","p__Mortierellomycota","c__Mortierellomycetes","o__Mortierellales","f__Mortierellaceae","g__Linnemannia","","ft_234"
"Unclass_f__Pezizaceae","k__Fungi","p__Ascomycota","c__Pezizomycetes","o__Pezizales","f__Pezizaceae","Unclass_f__Pezizaceae",NA,"ft_235"
"Unclass_f__Helvellaceae","k__Fungi","p__Ascomycota","c__Pezizomycetes","o__Pezizales","f__Helvellaceae","Unclass_f__Helvellaceae",NA,"ft_236"
"g__Ramophialophora","k__Fungi","p__Ascomycota","c__Sordariomycetes","o__Sordariales","f__Bombardiaceae","g__Ramophialophora","soil_saprotroph","ft_237"
"g__Sclerococcales_gen_Incertae_sedis","k__Fungi","p__Ascomycota","c__Eurotiomycetes","o__Sclerococcales","f__Sclerococcales_fam_Incertae_sedis","g__Sclerococcales_gen_Incertae_sedis","","ft_238"
"g__Pleomassariaceae_gen_Incertae_sedis","k__Fungi","p__Ascomycota","c__Dothideomycetes","o__Pleosporales","f__Pleomassariaceae","g__Pleomassariaceae_gen_Incertae_sedis","","ft_239"
"g__Waitea","k__Fungi","p__Basidiomycota","c__Agaricomycetes","o__Corticiales","f__Corticiaceae","g__Waitea","plant_pathogen","ft_240"
"g__Pseudorhypophila","k__Fungi","p__Ascomycota","c__Sordariomycetes","o__Sordariales","f__Naviculisporaceae","g__Pseudorhypophila","","ft_241"
"g__Gibellulopsis","k__Fungi","p__Ascomycota","c__Sordariomycetes","o__Glomerellales","f__Plectosphaerellaceae","g__Gibellulopsis","plant_pathogen","ft_242"
"g__Ascotricha","k__Fungi","p__Ascomycota","c__Sordariomycetes","o__Xylariales","f__Xylariaceae","g__Ascotricha","soil_saprotroph","ft_243"
"Unclass_f__Venturiaceae","k__Fungi","p__Ascomycota","c__Dothideomycetes","o__Venturiales","f__Venturiaceae","Unclass_f__Venturiaceae",NA,"ft_244"
"g__Lunasporangiospora","k__Fungi","p__Mortierellomycota","c__Mortierellomycetes","o__Mortierellales","f__Mortierellaceae","g__Lunasporangiospora","","ft_245"
"g__Pseudotomentella","k__Fungi","p__Basidiomycota","c__Agaricomycetes","o__Thelephorales","f__Thelephoraceae","g__Pseudotomentella","ectomycorrhizal","ft_246"
"g__Calyptrozyma","k__Fungi","p__Ascomycota","c__Leotiomycetes","o__Helotiales","f__Helotiaceae","g__Calyptrozyma","unspecified_saprotroph","ft_247"
"g__Diversisporaceae_gen_Incertae_sedis","k__Fungi","p__Glomeromycota","c__Glomeromycetes","o__Diversisporales","f__Diversisporaceae","g__Diversisporaceae_gen_Incertae_sedis","","ft_248"
"Unclass_f__Ceratobasidiaceae","k__Fungi","p__Basidiomycota","c__Agaricomycetes","o__Cantharellales","f__Ceratobasidiaceae","Unclass_f__Ceratobasidiaceae",NA,"ft_249"
"g__Halosphaeriaceae_gen_Incertae_sedis","k__Fungi","p__Ascomycota","c__Sordariomycetes","o__Microascales","f__Halosphaeriaceae","g__Halosphaeriaceae_gen_Incertae_sedis","","ft_250"
"g__Phaeosphaeriopsis","k__Fungi","p__Ascomycota","c__Dothideomycetes","o__Pleosporales","f__Phaeosphaeriaceae","g__Phaeosphaeriopsis","plant_pathogen","ft_251"
"g__Rhagadostoma","k__Fungi","p__Ascomycota","c__Sordariomycetes","o__Coronophorales","f__Nitschkiaceae","g__Rhagadostoma","lichen_parasite","ft_252"
"g__Septoriella","k__Fungi","p__Ascomycota","c__Dothideomycetes","o__Pleosporales","f__Phaeosphaeriaceae","g__Septoriella","litter_saprotroph","ft_253"
"g__Clohesyomyces","k__Fungi","p__Ascomycota","c__Dothideomycetes","o__Pleosporales","f__Lindgomycetaceae","g__Clohesyomyces","wood_saprotroph","ft_254"
"g__Cryptodiscus","k__Fungi","p__Ascomycota","c__Lecanoromycetes","o__Ostropales","f__Stictidaceae","g__Cryptodiscus","lichen_parasite","ft_255"
"g__Ceratobasidiaceae_gen_Incertae_sedis","k__Fungi","p__Basidiomycota","c__Agaricomycetes","o__Cantharellales","f__Ceratobasidiaceae","g__Ceratobasidiaceae_gen_Incertae_sedis","","ft_256"
"g__Keithomyces","k__Fungi","p__Ascomycota","c__Sordariomycetes","o__Hypocreales","f__Clavicipitaceae","g__Keithomyces","","ft_257"
"g__Microcera","k__Fungi","p__Ascomycota","c__Sordariomycetes","o__Hypocreales","f__Nectriaceae","g__Microcera","animal_parasite","ft_258"
"g__Geopora","k__Fungi","p__Ascomycota","c__Pezizomycetes","o__Pezizales","f__Pyronemataceae","g__Geopora","ectomycorrhizal","ft_259"
"g__Podospora","k__Fungi","p__Ascomycota","c__Sordariomycetes","o__Sordariales","f__Podosporaceae","g__Podospora","dung_saprotroph","ft_260"
"g__Cirrenalia","k__Fungi","p__Ascomycota","c__Sordariomycetes","o__Microascales","f__Halosphaeriaceae","g__Cirrenalia","wood_saprotroph","ft_261"
"g__Polyphilus","k__Fungi","p__Ascomycota","c__Leotiomycetes","o__Helotiales","f__Calloriaceae","g__Polyphilus","unspecified_saprotroph","ft_262"
"Unclass_o__Boletales","k__Fungi","p__Basidiomycota","c__Agaricomycetes","o__Boletales",NA,"Unclass_o__Boletales",NA,"ft_263"
"g__Phaeoacremonium","k__Fungi","p__Ascomycota","c__Sordariomycetes","o__Togniniales","f__Togniniaceae","g__Phaeoacremonium","plant_pathogen","ft_264"
"Unclass_c__Lecanoromycetes","k__Fungi","p__Ascomycota","c__Lecanoromycetes",NA,NA,"Unclass_c__Lecanoromycetes",NA,"ft_265"
"g__Cucurbitariaceae_gen_Incertae_sedis","k__Fungi","p__Ascomycota","c__Dothideomycetes","o__Pleosporales","f__Cucurbitariaceae","g__Cucurbitariaceae_gen_Incertae_sedis","","ft_266"
"g__Capnodiales_gen_Incertae_sedis","k__Fungi","p__Ascomycota","c__Dothideomycetes","o__Capnodiales","f__Capnodiales_fam_Incertae_sedis","g__Capnodiales_gen_Incertae_sedis","","ft_267"
"Unclass_o__Helotiales","k__Fungi","p__Ascomycota","c__Leotiomycetes","o__Helotiales",NA,"Unclass_o__Helotiales",NA,"ft_268"
"g__Papiliotrema","k__Fungi","p__Basidiomycota","c__Tremellomycetes","o__Tremellales","f__Rhynchogastremataceae","g__Papiliotrema","mycoparasite","ft_269"
"g__Coleophoma","k__Fungi","p__Ascomycota","c__Leotiomycetes","o__Helotiales","f__Dermateaceae","g__Coleophoma","plant_pathogen","ft_270"
"g__Rhizophlyctis","k__Fungi","p__Chytridiomycota","c__Rhizophlyctidomycetes","o__Rhizophlyctidales","f__Rhizophlyctidaceae","g__Rhizophlyctis","litter_saprotroph","ft_271"
"g__Dactylonectria","k__Fungi","p__Ascomycota","c__Sordariomycetes","o__Hypocreales","f__Nectriaceae","g__Dactylonectria","plant_pathogen","ft_272"
"g__Heydenia","k__Fungi","p__Ascomycota","c__Pezizomycetes","o__Pezizales","f__Pyronemataceae","g__Heydenia","litter_saprotroph","ft_273"
"Unclass_o__Cladochytriales","k__Fungi","p__Chytridiomycota","c__Cladochytriomycetes","o__Cladochytriales",NA,"Unclass_o__Cladochytriales",NA,"ft_274"
"Unclass_f__Helotiaceae","k__Fungi","p__Ascomycota","c__Leotiomycetes","o__Helotiales","f__Helotiaceae","Unclass_f__Helotiaceae",NA,"ft_275"
"g__Articulospora","k__Fungi","p__Ascomycota","c__Leotiomycetes","o__Helotiales","f__Helotiaceae","g__Articulospora","litter_saprotroph","ft_276"
"Unclass_f__Cucurbitariaceae","k__Fungi","p__Ascomycota","c__Dothideomycetes","o__Pleosporales","f__Cucurbitariaceae","Unclass_f__Cucurbitariaceae",NA,"ft_277"
"g__Trichosporiella","k__Fungi","p__Ascomycota","c__Leotiomycetes","o__Helotiales","f__Dermateaceae","g__Trichosporiella","soil_saprotroph","ft_278"
"g__Neobulgaria","k__Fungi","p__Ascomycota","c__Leotiomycetes","o__Helotiales","f__Gelatinodiscaceae","g__Neobulgaria","wood_saprotroph","ft_279"
"g__Chaetosphaeria","k__Fungi","p__Ascomycota","c__Sordariomycetes","o__Chaetosphaeriales","f__Chaetosphaeriaceae","g__Chaetosphaeria","litter_saprotroph","ft_280"
"g__Clonostachys","k__Fungi","p__Ascomycota","c__Sordariomycetes","o__Hypocreales","f__Bionectriaceae","g__Clonostachys","wood_saprotroph","ft_281"
"g__Trichoderma","k__Fungi","p__Ascomycota","c__Sordariomycetes","o__Hypocreales","f__Hypocreaceae","g__Trichoderma","mycoparasite","ft_282"
"g__Rhizophagus","k__Fungi","p__Glomeromycota","c__Glomeromycetes","o__Glomerales","f__Glomeraceae","g__Rhizophagus","arbuscular_mycorrhizal","ft_283"
"g__GS36_gen_Incertae_sedis","k__Fungi","p__Ascomycota","c__Lecanoromycetes","o__GS36","f__GS36_fam_Incertae_sedis","g__GS36_gen_Incertae_sedis","","ft_284"
"Unclass_f__Pleosporales_fam_Incertae_sedis","k__Fungi","p__Ascomycota","c__Dothideomycetes","o__Pleosporales","f__Pleosporales_fam_Incertae_sedis","Unclass_f__Pleosporales_fam_Incertae_sedis",NA,"ft_285"
"g__Lophiostoma","k__Fungi","p__Ascomycota","c__Dothideomycetes","o__Pleosporales","f__Lophiostomataceae","g__Lophiostoma","wood_saprotroph","ft_286"
"g__Diplogelasinospora","k__Fungi","p__Ascomycota","c__Sordariomycetes","o__Sordariales","f__Sordariaceae","g__Diplogelasinospora","soil_saprotroph","ft_287"
"g__Dactylella","k__Fungi","p__Ascomycota","c__Orbiliomycetes","o__Orbiliales","f__Orbiliaceae","g__Dactylella","wood_saprotroph","ft_288"
"g__Slooffia","k__Fungi","p__Basidiomycota","c__Microbotryomycetes","o__Microbotryomycetes_ord_Incertae_sedis","f__Chrysozymaceae","g__Slooffia","unspecified_saprotroph","ft_289"
"g__Geomyces","k__Fungi","p__Ascomycota","c__Leotiomycetes","o__Thelebolales","f__Pseudeurotiaceae","g__Geomyces","soil_saprotroph","ft_290"
"g__Arxiella","k__Fungi","p__Ascomycota","c__Sordariomycetes","o__Magnaporthales","f__Magnaporthaceae","g__Arxiella","litter_saprotroph","ft_291"
"g__Cunninghamellaceae_gen_Incertae_sedis","k__Fungi","p__Mucoromycota","c__Mucoromycetes","o__Mucorales","f__Cunninghamellaceae","g__Cunninghamellaceae_gen_Incertae_sedis","","ft_292"
"g__Cladochytriales_gen_Incertae_sedis","k__Fungi","p__Chytridiomycota","c__Cladochytriomycetes","o__Cladochytriales","f__Cladochytriales_fam_Incertae_sedis","g__Cladochytriales_gen_Incertae_sedis","","ft_293"
"g__Amphisphaeriales_gen_Incertae_sedis","k__Fungi","p__Ascomycota","c__Sordariomycetes","o__Amphisphaeriales","f__Amphisphaeriales_fam_Incertae_sedis","g__Amphisphaeriales_gen_Incertae_sedis","","ft_294"
"g__Pisorisporiales_gen_Incertae_sedis","k__Fungi","p__Ascomycota","c__Sordariomycetes","o__Pisorisporiales","f__Pisorisporiales_fam_Incertae_sedis","g__Pisorisporiales_gen_Incertae_sedis","","ft_295"
"g__Absidia","k__Fungi","p__Mucoromycota","c__Mucoromycetes","o__Mucorales","f__Cunninghamellaceae","g__Absidia","soil_saprotroph","ft_296"
"g__Dothiorella","k__Fungi","p__Ascomycota","c__Dothideomycetes","o__Botryosphaeriales","f__Botryosphaeriaceae","g__Dothiorella","plant_pathogen","ft_297"
"g__Pyxidiophorales_gen_Incertae_sedis","k__Fungi","p__Ascomycota","c__Laboulbeniomycetes","o__Pyxidiophorales","f__Pyxidiophorales_fam_Incertae_sedis","g__Pyxidiophorales_gen_Incertae_sedis","","ft_298"
"Unclass_o__Diaporthales","k__Fungi","p__Ascomycota","c__Sordariomycetes","o__Diaporthales",NA,"Unclass_o__Diaporthales",NA,"ft_299"
"g__Immersidiscosia","k__Fungi","p__Ascomycota","c__Sordariomycetes","o__Xylariales","f__Sporocadaceae","g__Immersidiscosia","plant_pathogen","ft_300"
"g__Mycena","k__Fungi","p__Basidiomycota","c__Agaricomycetes","o__Agaricales","f__Mycenaceae","g__Mycena","litter_saprotroph","ft_301"
"g__Murispora","k__Fungi","p__Ascomycota","c__Dothideomycetes","o__Pleosporales","f__Amniculicolaceae","g__Murispora","wood_saprotroph","ft_302"
"g__Dioszegia","k__Fungi","p__Basidiomycota","c__Tremellomycetes","o__Tremellales","f__Bulleribasidiaceae","g__Dioszegia","litter_saprotroph","ft_303"
"g__Chaetomidium","k__Fungi","p__Ascomycota","c__Sordariomycetes","o__Sordariales","f__Chaetomiaceae","g__Chaetomidium","dung_saprotroph","ft_304"
"g__Protomyces","k__Fungi","p__Ascomycota","c__Taphrinomycetes","o__Taphrinales","f__Protomycetaceae","g__Protomyces","plant_pathogen","ft_305"
"g__Knufia","k__Fungi","p__Ascomycota","c__Eurotiomycetes","o__Chaetothyriales","f__Trichomeriaceae","g__Knufia","soil_saprotroph","ft_306"
"g__Pezizomycotina_gen_Incertae_sedis","k__Fungi","p__Ascomycota","c__Pezizomycotina_cls_Incertae_sedis","o__Pezizomycotina_ord_Incertae_sedis","f__Pezizomycotina_fam_Incertae_sedis","g__Pezizomycotina_gen_Incertae_sedis","","ft_307"
"g__Rutstroemia","k__Fungi","p__Ascomycota","c__Leotiomycetes","o__Helotiales","f__Rutstroemiaceae","g__Rutstroemia","litter_saprotroph","ft_308"
"g__Cosmospora","k__Fungi","p__Ascomycota","c__Sordariomycetes","o__Hypocreales","f__Nectriaceae","g__Cosmospora","mycoparasite","ft_309"
"g__Pithoascus","k__Fungi","p__Ascomycota","c__Sordariomycetes","o__Microascales","f__Microascaceae","g__Pithoascus","soil_saprotroph","ft_310"
"g__Septoglomus","k__Fungi","p__Glomeromycota","c__Glomeromycetes","o__Glomerales","f__Glomeraceae","g__Septoglomus","arbuscular_mycorrhizal","ft_311"
"g__Limonomyces","k__Fungi","p__Basidiomycota","c__Agaricomycetes","o__Corticiales","f__Corticiaceae","g__Limonomyces","plant_pathogen","ft_312"
"g__Fimicolochytrium","k__Fungi","p__Chytridiomycota","c__Spizellomycetes","o__Spizellomycetales","f__Powellomycetaceae","g__Fimicolochytrium","pollen_saprotroph","ft_313"
"g__Cladophialophora","k__Fungi","p__Ascomycota","c__Eurotiomycetes","o__Chaetothyriales","f__Herpotrichiellaceae","g__Cladophialophora","soil_saprotroph","ft_314"
"g__Acaulosporaceae_gen_Incertae_sedis","k__Fungi","p__Glomeromycota","c__Glomeromycetes","o__Diversisporales","f__Acaulosporaceae","g__Acaulosporaceae_gen_Incertae_sedis","","ft_315"
"g__Cylindrosympodium","k__Fungi","p__Ascomycota","c__Dothideomycetes","o__Venturiales","f__Cylindrosympodiaceae","g__Cylindrosympodium","plant_pathogen","ft_316"
"Unclass_o__Sebacinales","k__Fungi","p__Basidiomycota","c__Agaricomycetes","o__Sebacinales",NA,"Unclass_o__Sebacinales",NA,"ft_317"
"g__Harzia","k__Fungi","p__Ascomycota","c__Sordariomycetes","o__Melanosporales","f__Ceratostomataceae","g__Harzia","wood_saprotroph","ft_318"
"g__Tricladiaceae_gen_Incertae_sedis","k__Fungi","p__Ascomycota","c__Leotiomycetes","o__Helotiales","f__Tricladiaceae","g__Tricladiaceae_gen_Incertae_sedis","","ft_319"
"g__Dominikia","k__Fungi","p__Glomeromycota","c__Glomeromycetes","o__Glomerales","f__Glomeraceae","g__Dominikia","arbuscular_mycorrhizal","ft_320"
"g__Hyaloscyphaceae_gen_Incertae_sedis","k__Fungi","p__Ascomycota","c__Leotiomycetes","o__Helotiales","f__Hyaloscyphaceae","g__Hyaloscyphaceae_gen_Incertae_sedis","","ft_321"
"g__Subramaniula","k__Fungi","p__Ascomycota","c__Sordariomycetes","o__Sordariales","f__Chaetomiaceae","g__Subramaniula","unspecified_saprotroph","ft_322"
"g__Rhinocladiella","k__Fungi","p__Ascomycota","c__Eurotiomycetes","o__Chaetothyriales","f__Herpotrichiellaceae","g__Rhinocladiella","soil_saprotroph","ft_323"
"g__Xenoacremonium","k__Fungi","p__Ascomycota","c__Sordariomycetes","o__Hypocreales","f__Nectriaceae","g__Xenoacremonium","wood_saprotroph","ft_324"
"g__Pisolithus","k__Fungi","p__Basidiomycota","c__Agaricomycetes","o__Boletales","f__Pisolithaceae","g__Pisolithus","ectomycorrhizal","ft_325"
"g__Flavopunctelia","k__Fungi","p__Ascomycota","c__Lecanoromycetes","o__Lecanorales","f__Parmeliaceae","g__Flavopunctelia","lichenized","ft_326"
"g__Paragibellulopsis","k__Fungi","p__Ascomycota","c__Sordariomycetes","o__Glomerellales","f__Plectosphaerellaceae","g__Paragibellulopsis","litter_saprotroph","ft_327"
"g__Herpotrichia","k__Fungi","p__Ascomycota","c__Dothideomycetes","o__Pleosporales","f__Melanommataceae","g__Herpotrichia","plant_pathogen","ft_328"
"g__Rhizophlyctidales_gen_Incertae_sedis","k__Fungi","p__Chytridiomycota","c__Rhizophlyctidomycetes","o__Rhizophlyctidales","f__Rhizophlyctidales_fam_Incertae_sedis","g__Rhizophlyctidales_gen_Incertae_sedis","","ft_329"
"g__Pleomonodictydaceae_gen_Incertae_sedis","k__Fungi","p__Ascomycota","c__Dothideomycetes","o__Pleosporales","f__Pleomonodictydaceae","g__Pleomonodictydaceae_gen_Incertae_sedis","","ft_330"
"Unclass_f__Hyaloscyphaceae","k__Fungi","p__Ascomycota","c__Leotiomycetes","o__Helotiales","f__Hyaloscyphaceae","Unclass_f__Hyaloscyphaceae",NA,"ft_331"
"g__Cryptocline","k__Fungi","p__Ascomycota","c__Leotiomycetes","o__Helotiales","f__Helotiales_fam_Incertae_sedis","g__Cryptocline","plant_pathogen","ft_332"
"Unclass_p__Chytridiomycota","k__Fungi","p__Chytridiomycota",NA,NA,NA,"Unclass_p__Chytridiomycota",NA,"ft_333"
"g__Macrotyphula","k__Fungi","p__Basidiomycota","c__Agaricomycetes","o__Agaricales","f__Typhulaceae","g__Macrotyphula","litter_saprotroph","ft_334"
"g__Agaricomycetes_gen_Incertae_sedis","k__Fungi","p__Basidiomycota","c__Agaricomycetes","o__Agaricomycetes_ord_Incertae_sedis","f__Agaricomycetes_fam_Incertae_sedis","g__Agaricomycetes_gen_Incertae_sedis","","ft_335"
"g__Plicaria","k__Fungi","p__Ascomycota","c__Pezizomycetes","o__Pezizales","f__Pezizaceae","g__Plicaria","soil_saprotroph","ft_336"
"g__Truncatella","k__Fungi","p__Ascomycota","c__Sordariomycetes","o__Xylariales","f__Bartaliniaceae","g__Truncatella","plant_pathogen","ft_337"
"g__Didymocyrtis","k__Fungi","p__Ascomycota","c__Dothideomycetes","o__Pleosporales","f__Phaeosphaeriaceae","g__Didymocyrtis","lichen_parasite","ft_338"
"g__Metacordyceps","k__Fungi","p__Ascomycota","c__Sordariomycetes","o__Hypocreales","f__Clavicipitaceae","g__Metacordyceps","animal_parasite","ft_339"
"g__Scleroconidioma","k__Fungi","p__Ascomycota","c__Dothideomycetes","o__Dothideales","f__Dothideaceae","g__Scleroconidioma","plant_pathogen","ft_340"
"g__Apophysomyces","k__Fungi","p__Mucoromycota","c__Mucoromycetes","o__Mucorales","f__Saksenaeaceae","g__Apophysomyces","soil_saprotroph","ft_341"
"g__Myxarium","k__Fungi","p__Basidiomycota","c__Agaricomycetes","o__Auriculariales","f__Hyaloriaceae","g__Myxarium","wood_saprotroph","ft_342"
"g__Diversispora","k__Fungi","p__Glomeromycota","c__Glomeromycetes","o__Diversisporales","f__Diversisporaceae","g__Diversispora","arbuscular_mycorrhizal","ft_343"
"g__Marjia","k__Fungi","p__Ascomycota","c__Dothideomycetes","o__Pleosporales","f__Melanommataceae","g__Marjia","wood_saprotroph","ft_344"
"Unclass_f__Hypocreales_fam_Incertae_sedis","k__Fungi","p__Ascomycota","c__Sordariomycetes","o__Hypocreales","f__Hypocreales_fam_Incertae_sedis","Unclass_f__Hypocreales_fam_Incertae_sedis",NA,"ft_345"
"g__Trichophaeopsis","k__Fungi","p__Ascomycota","c__Pezizomycetes","o__Pezizales","f__Pyronemataceae","g__Trichophaeopsis","litter_saprotroph","ft_346"
"g__Spirosphaera","k__Fungi","p__Ascomycota","c__Leotiomycetes","o__Helotiales","f__Tricladiaceae","g__Spirosphaera","litter_saprotroph","ft_347"
"g__Microdochium","k__Fungi","p__Ascomycota","c__Sordariomycetes","o__Xylariales","f__Amphisphaeriaceae","g__Microdochium","plant_pathogen","ft_348"
"Unclass_f__Leptosphaeriaceae","k__Fungi","p__Ascomycota","c__Dothideomycetes","o__Pleosporales","f__Leptosphaeriaceae","Unclass_f__Leptosphaeriaceae",NA,"ft_349"
"g__Harpochytrium","k__Fungi","p__Monoblepharomycota","c__Monoblepharidomycetes","o__Monoblepharidales","f__Harpochytriaceae","g__Harpochytrium","litter_saprotroph","ft_350"
"g__Sphaerosporella","k__Fungi","p__Ascomycota","c__Pezizomycetes","o__Pezizales","f__Pyronemataceae","g__Sphaerosporella","ectomycorrhizal","ft_351"
"g__Apiosordaria","k__Fungi","p__Ascomycota","c__Sordariomycetes","o__Sordariales","f__Lasiosphaeriaceae","g__Apiosordaria","dung_saprotroph","ft_352"
"g__Stachybotryaceae_gen_Incertae_sedis","k__Fungi","p__Ascomycota","c__Sordariomycetes","o__Hypocreales","f__Stachybotryaceae","g__Stachybotryaceae_gen_Incertae_sedis","","ft_353"
"g__Cunninghamella","k__Fungi","p__Mucoromycota","c__Mucoromycetes","o__Mucorales","f__Cunninghamellaceae","g__Cunninghamella","soil_saprotroph","ft_354"
"g__Endogonales_gen_Incertae_sedis","k__Fungi","p__Mucoromycota","c__Endogonomycetes","o__Endogonales","f__Endogonales_fam_Incertae_sedis","g__Endogonales_gen_Incertae_sedis","","ft_355"
"g__Neonectria","k__Fungi","p__Ascomycota","c__Sordariomycetes","o__Hypocreales","f__Nectriaceae","g__Neonectria","plant_pathogen","ft_356"
"g__Nowakowskiella","k__Fungi","p__Chytridiomycota","c__Cladochytriomycetes","o__Cladochytriales","f__Nowakowskiellaceae","g__Nowakowskiella","litter_saprotroph","ft_357"
"g__Stemphylium","k__Fungi","p__Ascomycota","c__Dothideomycetes","o__Pleosporales","f__Pleosporaceae","g__Stemphylium","plant_pathogen","ft_358"
"g__Achroceratosphaeria","k__Fungi","p__Ascomycota","c__Sordariomycetes","o__Pisorisporiales","f__Pisorisporiaceae","g__Achroceratosphaeria","wood_saprotroph","ft_359"
"g__Phacidium","k__Fungi","p__Ascomycota","c__Leotiomycetes","o__Phacidiales","f__Phacidiaceae","g__Phacidium","plant_pathogen","ft_360"
"g__Biscogniauxia","k__Fungi","p__Ascomycota","c__Sordariomycetes","o__Xylariales","f__Graphostromataceae","g__Biscogniauxia","wood_saprotroph","ft_361"
"g__Phomatospora","k__Fungi","p__Ascomycota","c__Sordariomycetes","o__Phomatosporales","f__Phomatosporaceae","g__Phomatospora","wood_saprotroph","ft_362"
"g__Lacrymaria","k__Fungi","p__Basidiomycota","c__Agaricomycetes","o__Agaricales","f__Psathyrellaceae","g__Lacrymaria","litter_saprotroph","ft_363"
"g__Saitoella","k__Fungi","p__Ascomycota","c__Taphrinomycetes","o__Taphrinales","f__Protomycetaceae","g__Saitoella","soil_saprotroph","ft_364"
"g__Peziza","k__Fungi","p__Ascomycota","c__Pezizomycetes","o__Pezizales","f__Pezizaceae","g__Peziza","soil_saprotroph","ft_365"
"g__Fontanospora","k__Fungi","p__Ascomycota","c__Leotiomycetes","o__Helotiales","f__Helotiaceae","g__Fontanospora","litter_saprotroph","ft_366"
"g__Triscelophorus","k__Fungi","p__Ascomycota","c__Pezizomycotina_cls_Incertae_sedis","o__Pezizomycotina_ord_Incertae_sedis","f__Pezizomycotina_fam_Incertae_sedis","g__Triscelophorus","foliar_endophyte","ft_367"
"g__Pezizales_gen_Incertae_sedis","k__Fungi","p__Ascomycota","c__Pezizomycetes","o__Pezizales","f__Pezizales_fam_Incertae_sedis","g__Pezizales_gen_Incertae_sedis","","ft_368"
"g__Monosporascus","k__Fungi","p__Ascomycota","c__Sordariomycetes","o__Xylariales","f__Diatrypaceae","g__Monosporascus","plant_pathogen","ft_369"
"g__Phaeococcomyces","k__Fungi","p__Ascomycota","c__Arthoniomycetes","o__Lichenostigmatales","f__Phaeococcomycetaceae","g__Phaeococcomyces","unspecified_saprotroph","ft_370"
"g__Archaeorhizomyces","k__Fungi","p__Ascomycota","c__Archaeorhizomycetes","o__Archaeorhizomycetales","f__Archaeorhizomycetaceae","g__Archaeorhizomyces","soil_saprotroph","ft_371"
"Unclass_o__Eurotiales","k__Fungi","p__Ascomycota","c__Eurotiomycetes","o__Eurotiales",NA,"Unclass_o__Eurotiales",NA,"ft_372"
"g__Zoopagaceae_gen_Incertae_sedis","k__Fungi","p__Zoopagomycota","c__Zoopagomycetes","o__Zoopagales","f__Zoopagaceae","g__Zoopagaceae_gen_Incertae_sedis","","ft_373"
"g__Chaetasbolisia","k__Fungi","p__Ascomycota","c__Dothideomycetes","o__Pleosporales","f__Didymellaceae","g__Chaetasbolisia","litter_saprotroph","ft_374"
"Unclass_o__Minutisphaerales","k__Fungi","p__Ascomycota","c__Dothideomycetes","o__Minutisphaerales",NA,"Unclass_o__Minutisphaerales",NA,"ft_375"
"Unclass_c__Glomeromycetes","k__Fungi","p__Glomeromycota","c__Glomeromycetes",NA,NA,"Unclass_c__Glomeromycetes",NA,"ft_376"
"g__Leuconeurospora","k__Fungi","p__Ascomycota","c__Leotiomycetes","o__Thelebolales","f__Pseudeurotiaceae","g__Leuconeurospora","dung_saprotroph","ft_377"
"g__Geoglossum","k__Fungi","p__Ascomycota","c__Geoglossomycetes","o__Geoglossales","f__Geoglossaceae","g__Geoglossum","soil_saprotroph","ft_378"
"g__Darksidea","k__Fungi","p__Ascomycota","c__Dothideomycetes","o__Pleosporales","f__Lentitheciaceae","g__Darksidea","root_endophyte","ft_379"
"g__Hirsutella","k__Fungi","p__Ascomycota","c__Sordariomycetes","o__Hypocreales","f__Ophiocordycipitaceae","g__Hirsutella","animal_parasite","ft_380"
"g__Rhizophlyctidaceae_gen_Incertae_sedis","k__Fungi","p__Chytridiomycota","c__Rhizophlyctidomycetes","o__Rhizophlyctidales","f__Rhizophlyctidaceae","g__Rhizophlyctidaceae_gen_Incertae_sedis","","ft_381"
"g__Vaginatispora","k__Fungi","p__Ascomycota","c__Dothideomycetes","o__Pleosporales","f__Lophiostomataceae","g__Vaginatispora","wood_saprotroph","ft_382"
"g__Neophaeosphaeria","k__Fungi","p__Ascomycota","c__Dothideomycetes","o__Pleosporales","f__Neophaeosphaeriaceae","g__Neophaeosphaeria","wood_saprotroph","ft_383"
"g__Apodus","k__Fungi","p__Ascomycota","c__Sordariomycetes","o__Sordariales","f__Lasiosphaeriaceae","g__Apodus","dung_saprotroph","ft_384"
"g__Delitschia","k__Fungi","p__Ascomycota","c__Dothideomycetes","o__Pleosporales","f__Delitschiaceae","g__Delitschia","litter_saprotroph","ft_385"
"g__Fusculinaceae_gen_Incertae_sedis","k__Fungi","p__Ascomycota","c__Dothideomycetes","o__Pleosporales","f__Fusculinaceae","g__Fusculinaceae_gen_Incertae_sedis","","ft_386"
"g__Phialophora","k__Fungi","p__Ascomycota","c__Eurotiomycetes","o__Chaetothyriales","f__Herpotrichiellaceae","g__Phialophora","litter_saprotroph","ft_387"
"g__Torula","k__Fungi","p__Ascomycota","c__Dothideomycetes","o__Pleosporales","f__Torulaceae","g__Torula","foliar_endophyte","ft_388"
"g__Subulicystidium","k__Fungi","p__Basidiomycota","c__Agaricomycetes","o__Trechisporales","f__Hydnodontaceae","g__Subulicystidium","wood_saprotroph","ft_389"
"g__Orbiliomycetes_gen_Incertae_sedis","k__Fungi","p__Ascomycota","c__Orbiliomycetes","o__Orbiliomycetes_ord_Incertae_sedis","f__Orbiliomycetes_fam_Incertae_sedis","g__Orbiliomycetes_gen_Incertae_sedis","","ft_390"
"Unclass_f__Archaeosporaceae","k__Fungi","p__Glomeromycota","c__Archaeosporomycetes","o__Archaeosporales","f__Archaeosporaceae","Unclass_f__Archaeosporaceae",NA,"ft_391"
"g__Ascomycota_gen_Incertae_sedis","k__Fungi","p__Ascomycota","c__Ascomycota_cls_Incertae_sedis","o__Ascomycota_ord_Incertae_sedis","f__Ascomycota_fam_Incertae_sedis","g__Ascomycota_gen_Incertae_sedis","","ft_392"
"Unclass_o__Orbiliales","k__Fungi","p__Ascomycota","c__Orbiliomycetes","o__Orbiliales",NA,"Unclass_o__Orbiliales",NA,"ft_393"
"g__Neomicrosphaeropsis","k__Fungi","p__Ascomycota","c__Dothideomycetes","o__Pleosporales","f__Didymellaceae","g__Neomicrosphaeropsis","litter_saprotroph","ft_394"
"g__Pseudosigmoidea","k__Fungi","p__Ascomycota","c__Dothideomycetes","o__Venturiales","f__Sympoventuriaceae","g__Pseudosigmoidea","soil_saprotroph","ft_395"
"g__Balsamia","k__Fungi","p__Ascomycota","c__Pezizomycetes","o__Pezizales","f__Helvellaceae","g__Balsamia","ectomycorrhizal","ft_396"
"g__Mortierellaceae_gen_Incertae_sedis","k__Fungi","p__Mortierellomycota","c__Mortierellomycetes","o__Mortierellales","f__Mortierellaceae","g__Mortierellaceae_gen_Incertae_sedis","","ft_397"
"g__Paraglomus","k__Fungi","p__Glomeromycota","c__Paraglomeromycetes","o__Paraglomerales","f__Paraglomeraceae","g__Paraglomus","arbuscular_mycorrhizal","ft_398"
"Unclass_f__Didymosphaeriaceae","k__Fungi","p__Ascomycota","c__Dothideomycetes","o__Pleosporales","f__Didymosphaeriaceae","Unclass_f__Didymosphaeriaceae",NA,"ft_399"
"g__Pleurocatena","k__Fungi","p__Ascomycota","c__Laboulbeniomycetes","o__Pyxidiophorales","f__Pyxidiophoraceae","g__Pleurocatena","unspecified_saprotroph","ft_400"
"g__Ramicandelaber","k__Fungi","p__Kickxellomycota","c__Ramicandelaberomycetes","o__Ramicandelaberales","f__Ramicandelaberaceae","g__Ramicandelaber","soil_saprotroph","ft_401"
"g__Crepidotus","k__Fungi","p__Basidiomycota","c__Agaricomycetes","o__Agaricales","f__Crepidotaceae","g__Crepidotus","wood_saprotroph","ft_402"
"g__Plectosphaerella","k__Fungi","p__Ascomycota","c__Sordariomycetes","o__Glomerellales","f__Plectosphaerellaceae","g__Plectosphaerella","plant_pathogen","ft_403"
"g__Karstenia","k__Fungi","p__Ascomycota","c__Lecanoromycetes","o__Ostropales","f__Stictidaceae","g__Karstenia","unspecified_saprotroph","ft_404"
"g__Endosporium","k__Fungi","p__Ascomycota","c__Dothideomycetes","o__Myriangiales","f__Endosporiaceae","g__Endosporium","litter_saprotroph","ft_405"
"Unclass_f__Microascaceae","k__Fungi","p__Ascomycota","c__Sordariomycetes","o__Microascales","f__Microascaceae","Unclass_f__Microascaceae",NA,"ft_406"
"g__Paramyrothecium","k__Fungi","p__Ascomycota","c__Sordariomycetes","o__Hypocreales","f__Stachybotryaceae","g__Paramyrothecium","soil_saprotroph","ft_407"
"g__Ajellomycetaceae_gen_Incertae_sedis","k__Fungi","p__Ascomycota","c__Eurotiomycetes","o__Onygenales","f__Ajellomycetaceae","g__Ajellomycetaceae_gen_Incertae_sedis","","ft_408"
"g__Rozellomycota_gen_Incertae_sedis","k__Fungi","p__Rozellomycota","c__Rozellomycota_cls_Incertae_sedis","o__Rozellomycota_ord_Incertae_sedis","f__Rozellomycota_fam_Incertae_sedis","g__Rozellomycota_gen_Incertae_sedis","","ft_409"
"g__Cylindrium","k__Fungi","p__Ascomycota","c__Sordariomycetes","o__Hypocreales","f__Cylindriaceae","g__Cylindrium","plant_pathogen","ft_410"
"g__Alatospora","k__Fungi","p__Ascomycota","c__Leotiomycetes","o__Helotiales","f__Leotiaceae","g__Alatospora","litter_saprotroph","ft_411"
"g__Peristomialis","k__Fungi","p__Ascomycota","c__Sordariomycetes","o__Hypocreales","f__Bionectriaceae","g__Peristomialis","litter_saprotroph","ft_412"
"g__Tubeufiales_gen_Incertae_sedis","k__Fungi","p__Ascomycota","c__Dothideomycetes","o__Tubeufiales","f__Tubeufiales_fam_Incertae_sedis","g__Tubeufiales_gen_Incertae_sedis","","ft_413"
"g__Melanogaster","k__Fungi","p__Basidiomycota","c__Agaricomycetes","o__Boletales","f__Melanogastraceae","g__Melanogaster","ectomycorrhizal","ft_414"
"g__Claussenomyces","k__Fungi","p__Ascomycota","c__Leotiomycetes","o__Helotiales","f__Helotiaceae","g__Claussenomyces","wood_saprotroph","ft_415"
"g__Hydropisphaera","k__Fungi","p__Ascomycota","c__Sordariomycetes","o__Hypocreales","f__Bionectriaceae","g__Hydropisphaera","litter_saprotroph","ft_416"
"g__Neohelicomyces","k__Fungi","p__Ascomycota","c__Dothideomycetes","o__Tubeufiales","f__Tubeufiaceae","g__Neohelicomyces","wood_saprotroph","ft_417"
"g__Paramicrothyrium","k__Fungi","p__Ascomycota","c__Sordariomycetes","o__Boliniales","f__Boliniales_fam_Incertae_sedis","g__Paramicrothyrium","epiphyte","ft_418"
"g__Rhizoglomus","k__Fungi","p__Glomeromycota","c__Glomeromycetes","o__Glomerales","f__Glomeraceae","g__Rhizoglomus","arbuscular_mycorrhizal","ft_419"
"g__Simplicillium","k__Fungi","p__Ascomycota","c__Sordariomycetes","o__Hypocreales","f__Cordycipitaceae","g__Simplicillium","animal_parasite","ft_420"
"g__Ochrocladosporium","k__Fungi","p__Ascomycota","c__Dothideomycetes","o__Pleosporales","f__Pleosporales_fam_Incertae_sedis","g__Ochrocladosporium","wood_saprotroph","ft_421"
"g__Helicosporium","k__Fungi","p__Ascomycota","c__Dothideomycetes","o__Tubeufiales","f__Tubeufiaceae","g__Helicosporium","wood_saprotroph","ft_422"
"g__Delitschiaceae_gen_Incertae_sedis","k__Fungi","p__Ascomycota","c__Dothideomycetes","o__Pleosporales","f__Delitschiaceae","g__Delitschiaceae_gen_Incertae_sedis","","ft_423"
"g__Paecilomyces","k__Fungi","p__Ascomycota","c__Eurotiomycetes","o__Eurotiales","f__Aspergillaceae","g__Paecilomyces","foliar_endophyte","ft_424"
"g__Hyaloraphidiales_gen_Incertae_sedis","k__Fungi","p__Monoblepharomycota","c__Hyaloraphidiomycetes","o__Hyaloraphidiales","f__Hyaloraphidiales_fam_Incertae_sedis","g__Hyaloraphidiales_gen_Incertae_sedis","","ft_425"
"g__Lepidotia","k__Fungi","p__Ascomycota","c__Pezizomycetes","o__Pezizales","f__Pezizaceae","g__Lepidotia","litter_saprotroph","ft_426"
"g__Candelariella","k__Fungi","p__Ascomycota","c__Candelariomycetes","o__Candelariales","f__Candelariaceae","g__Candelariella","lichenized","ft_427"
"g__GS18_ord_Incertae_sedis_gen_Incertae_sedis","k__Fungi","p__Olpidiomycota","c__GS18","o__GS18_ord_Incertae_sedis","f__GS18_ord_Incertae_sedis_fam_Incertae_sedis","g__GS18_ord_Incertae_sedis_gen_Incertae_sedis","","ft_428"
"g__Dactylospora","k__Fungi","p__Ascomycota","c__Eurotiomycetes","o__Sclerococcales","f__Dactylosporaceae","g__Dactylospora","lichen_parasite","ft_429"
"g__Tubeufiaceae_gen_Incertae_sedis","k__Fungi","p__Ascomycota","c__Dothideomycetes","o__Tubeufiales","f__Tubeufiaceae","g__Tubeufiaceae_gen_Incertae_sedis","","ft_430"
"g__Macrophomina","k__Fungi","p__Ascomycota","c__Dothideomycetes","o__Botryosphaeriales","f__Botryosphaeriaceae","g__Macrophomina","plant_pathogen","ft_431"
"g__Pezizellaster","k__Fungi","p__Ascomycota","c__Leotiomycetes","o__Helotiales","f__Lachnaceae","g__Pezizellaster","","ft_432"
"g__Coprotus","k__Fungi","p__Ascomycota","c__Pezizomycetes","o__Pezizales","f__Pezizales_fam_Incertae_sedis","g__Coprotus","dung_saprotroph","ft_433"
"g__Hormiactis","k__Fungi","p__Ascomycota","c__Pezizomycotina_cls_Incertae_sedis","o__Pezizomycotina_ord_Incertae_sedis","f__Pezizomycotina_fam_Incertae_sedis","g__Hormiactis","mycoparasite","ft_434"
"g__Corticiales_gen_Incertae_sedis","k__Fungi","p__Basidiomycota","c__Agaricomycetes","o__Corticiales","f__Corticiales_fam_Incertae_sedis","g__Corticiales_gen_Incertae_sedis","","ft_435"
"g__Geranomyces","k__Fungi","p__Chytridiomycota","c__Spizellomycetes","o__Spizellomycetales","f__Powellomycetaceae","g__Geranomyces","pollen_saprotroph","ft_436"
"g__Cystofilobasidium","k__Fungi","p__Basidiomycota","c__Tremellomycetes","o__Cystofilobasidiales","f__Cystofilobasidiaceae","g__Cystofilobasidium","litter_saprotroph","ft_437"
"g__Kochiomyces","k__Fungi","p__Chytridiomycota","c__Spizellomycetes","o__Spizellomycetales","f__Spizellomycetaceae","g__Kochiomyces","pollen_saprotroph","ft_438"
"g__Clavulinopsis","k__Fungi","p__Basidiomycota","c__Agaricomycetes","o__Agaricales","f__Clavariaceae","g__Clavulinopsis","soil_saprotroph","ft_439"
"g__Trappea","k__Fungi","p__Basidiomycota","c__Agaricomycetes","o__Hysterangiales","f__Hysterangiaceae","g__Trappea","soil_saprotroph","ft_440"
"g__Orbilia","k__Fungi","p__Ascomycota","c__Orbiliomycetes","o__Orbiliales","f__Orbiliaceae","g__Orbilia","wood_saprotroph","ft_441"
"g__Chionosphaeraceae_gen_Incertae_sedis","k__Fungi","p__Basidiomycota","c__Agaricostilbomycetes","o__Agaricostilbales","f__Chionosphaeraceae","g__Chionosphaeraceae_gen_Incertae_sedis","","ft_442"
"g__Lasiosphaeria","k__Fungi","p__Ascomycota","c__Sordariomycetes","o__Sordariales","f__Lasiosphaeriaceae","g__Lasiosphaeria","unspecified_saprotroph","ft_443"
"g__Amniculicola","k__Fungi","p__Ascomycota","c__Dothideomycetes","o__Pleosporales","f__Amniculicolaceae","g__Amniculicola","wood_saprotroph","ft_444"
"Unclass_f__Amniculicolaceae","k__Fungi","p__Ascomycota","c__Dothideomycetes","o__Pleosporales","f__Amniculicolaceae","Unclass_f__Amniculicolaceae",NA,"ft_445"
"g__Cryptococcaceae_gen_Incertae_sedis","k__Fungi","p__Basidiomycota","c__Tremellomycetes","o__Tremellales","f__Cryptococcaceae","g__Cryptococcaceae_gen_Incertae_sedis","","ft_446"
"g__Sporobolomyces","k__Fungi","p__Basidiomycota","c__Microbotryomycetes","o__Sporidiobolales","f__Sporidiobolaceae","g__Sporobolomyces","mycoparasite","ft_447"
"g__Lecythophora","k__Fungi","p__Ascomycota","c__Sordariomycetes","o__Coniochaetales","f__Coniochaetaceae","g__Lecythophora","unspecified_saprotroph","ft_448"
"g__Eurotiales_gen_Incertae_sedis","k__Fungi","p__Ascomycota","c__Eurotiomycetes","o__Eurotiales","f__Eurotiales_fam_Incertae_sedis","g__Eurotiales_gen_Incertae_sedis","","ft_449"
"g__Veronaeopsis","k__Fungi","p__Ascomycota","c__Dothideomycetes","o__Venturiales","f__Sympoventuriaceae","g__Veronaeopsis","litter_saprotroph","ft_450"
"g__Athelia","k__Fungi","p__Basidiomycota","c__Agaricomycetes","o__Atheliales","f__Atheliaceae","g__Athelia","lichen_parasite","ft_451"
"g__Cystobasidium","k__Fungi","p__Basidiomycota","c__Cystobasidiomycetes","o__Cystobasidiales","f__Cystobasidiaceae","g__Cystobasidium","mycoparasite","ft_452"
"g__Pseudoanungitea","k__Fungi","p__Ascomycota","c__Dothideomycetes","o__Venturiales","f__Venturiaceae","g__Pseudoanungitea","wood_saprotroph","ft_453"
"g__Apodospora","k__Fungi","p__Ascomycota","c__Sordariomycetes","o__Sordariales","f__Lasiosphaeriaceae","g__Apodospora","unspecified_saprotroph","ft_454"
"g__Melanommataceae_gen_Incertae_sedis","k__Fungi","p__Ascomycota","c__Dothideomycetes","o__Pleosporales","f__Melanommataceae","g__Melanommataceae_gen_Incertae_sedis","","ft_455"
"g__Trichobolus","k__Fungi","p__Ascomycota","c__Pezizomycetes","o__Pezizales","f__Pezizales_fam_Incertae_sedis","g__Trichobolus","dung_saprotroph","ft_456"
"g__Glomeraceae_gen_Incertae_sedis","k__Fungi","p__Glomeromycota","c__Glomeromycetes","o__Glomerales","f__Glomeraceae","g__Glomeraceae_gen_Incertae_sedis","","ft_457"
"g__Trichophaea","k__Fungi","p__Ascomycota","c__Pezizomycetes","o__Pezizales","f__Pyronemataceae","g__Trichophaea","ectomycorrhizal","ft_458"
"g__Pseudoacrodictys","k__Fungi","p__Ascomycota","c__Sordariomycetes","o__Glomerellales","f__Reticulascaceae","g__Pseudoacrodictys","foliar_endophyte","ft_459"
"g__Ostropales_gen_Incertae_sedis","k__Fungi","p__Ascomycota","c__Lecanoromycetes","o__Ostropales","f__Ostropales_fam_Incertae_sedis","g__Ostropales_gen_Incertae_sedis","","ft_460"
"g__Tubaria","k__Fungi","p__Basidiomycota","c__Agaricomycetes","o__Agaricales","f__Strophariaceae","g__Tubaria","litter_saprotroph","ft_461"
"g__Curvibasidium","k__Fungi","p__Basidiomycota","c__Microbotryomycetes","o__Microbotryomycetes_ord_Incertae_sedis","f__Microbotryomycetes_fam_Incertae_sedis","g__Curvibasidium","wood_saprotroph","ft_462"
"g__Lanzia","k__Fungi","p__Ascomycota","c__Leotiomycetes","o__Helotiales","f__Rutstroemiaceae","g__Lanzia","litter_saprotroph","ft_463"
"g__Sporormiella","k__Fungi","p__Ascomycota","c__Dothideomycetes","o__Pleosporales","f__Sporormiaceae","g__Sporormiella","litter_saprotroph","ft_464"
"Unclass_f__Glomeraceae","k__Fungi","p__Glomeromycota","c__Glomeromycetes","o__Glomerales","f__Glomeraceae","Unclass_f__Glomeraceae",NA,"ft_465"
"g__Entyloma","k__Fungi","p__Basidiomycota","c__Exobasidiomycetes","o__Entylomatales","f__Entylomataceae","g__Entyloma","plant_pathogen","ft_466"
"Unclass_f__Typhulaceae","k__Fungi","p__Basidiomycota","c__Agaricomycetes","o__Agaricales","f__Typhulaceae","Unclass_f__Typhulaceae",NA,"ft_467"
"g__Endogone","k__Fungi","p__Mucoromycota","c__Endogonomycetes","o__Endogonales","f__Endogonaceae","g__Endogone","soil_saprotroph","ft_468"
"g__Podosphaera","k__Fungi","p__Ascomycota","c__Leotiomycetes","o__Erysiphales","f__Erysiphaceae","g__Podosphaera","plant_pathogen","ft_469"
"g__Archaeospora","k__Fungi","p__Glomeromycota","c__Archaeosporomycetes","o__Archaeosporales","f__Archaeosporaceae","g__Archaeospora","arbuscular_mycorrhizal","ft_470"
"g__Erythricium","k__Fungi","p__Basidiomycota","c__Agaricomycetes","o__Corticiales","f__Corticiaceae","g__Erythricium","wood_saprotroph","ft_471"
"g__Halenospora","k__Fungi","p__Ascomycota","c__Leotiomycetes","o__Helotiales","f__Tricladiaceae","g__Halenospora","wood_saprotroph","ft_472"
"g__Pyronemataceae_gen_Incertae_sedis","k__Fungi","p__Ascomycota","c__Pezizomycetes","o__Pezizales","f__Pyronemataceae","g__Pyronemataceae_gen_Incertae_sedis","","ft_473"
"g__Kondoa","k__Fungi","p__Basidiomycota","c__Agaricostilbomycetes","o__Agaricostilbales","f__Kondoaceae","g__Kondoa","unspecified_saprotroph","ft_474"
"Unclass_f__Serendipitaceae","k__Fungi","p__Basidiomycota","c__Agaricomycetes","o__Sebacinales","f__Serendipitaceae","Unclass_f__Serendipitaceae",NA,"ft_475"
"g__Endogonomycetes_gen_Incertae_sedis","k__Fungi","p__Mucoromycota","c__Endogonomycetes","o__Endogonomycetes_ord_Incertae_sedis","f__Endogonomycetes_fam_Incertae_sedis","g__Endogonomycetes_gen_Incertae_sedis","","ft_476"
"g__Rasamsonia","k__Fungi","p__Ascomycota","c__Eurotiomycetes","o__Eurotiales","f__Aspergillaceae","g__Rasamsonia","soil_saprotroph","ft_477"
"g__Rupestriomyces","k__Fungi","p__Ascomycota","c__Dothideomycetes","o__Dothideomycetes_ord_Incertae_sedis","f__Dothideomycetes_fam_Incertae_sedis","g__Rupestriomyces","unspecified_saprotroph","ft_478"
"Unclass_f__Parmeliaceae","k__Fungi","p__Ascomycota","c__Lecanoromycetes","o__Lecanorales","f__Parmeliaceae","Unclass_f__Parmeliaceae",NA,"ft_479"
"g__Lamprospora","k__Fungi","p__Ascomycota","c__Pezizomycetes","o__Pezizales","f__Pyronemataceae","g__Lamprospora","moss_symbiont","ft_480"
"g__Rhizophydium","k__Fungi","p__Chytridiomycota","c__Rhizophydiomycetes","o__Rhizophydiales","f__Rhizophydiaceae","g__Rhizophydium","algal_parasite","ft_481"
"g__Sistotrema","k__Fungi","p__Basidiomycota","c__Agaricomycetes","o__Cantharellales","f__Hydnaceae","g__Sistotrema","litter_saprotroph","ft_482"
"g__Sphaerostilbella","k__Fungi","p__Ascomycota","c__Sordariomycetes","o__Hypocreales","f__Hypocreaceae","g__Sphaerostilbella","mycoparasite","ft_483"
"g__Unguicularia","k__Fungi","p__Ascomycota","c__Leotiomycetes","o__Helotiales","f__Hyaloscyphaceae","g__Unguicularia","litter_saprotroph","ft_484"
"g__Auricularia","k__Fungi","p__Basidiomycota","c__Agaricomycetes","o__Auriculariales","f__Auriculariaceae","g__Auricularia","wood_saprotroph","ft_485"
"g__Ophiocordyceps","k__Fungi","p__Ascomycota","c__Sordariomycetes","o__Hypocreales","f__Ophiocordycipitaceae","g__Ophiocordyceps","animal_parasite","ft_486"
"Unclass_f__Monoblastiaceae","k__Fungi","p__Ascomycota","c__Dothideomycetes","o__Monoblastiales","f__Monoblastiaceae","Unclass_f__Monoblastiaceae",NA,"ft_487"
"g__Coprinopsis","k__Fungi","p__Basidiomycota","c__Agaricomycetes","o__Agaricales","f__Psathyrellaceae","g__Coprinopsis","soil_saprotroph","ft_488"
"g__Sebacinales_gen_Incertae_sedis","k__Fungi","p__Basidiomycota","c__Agaricomycetes","o__Sebacinales","f__Sebacinales_fam_Incertae_sedis","g__Sebacinales_gen_Incertae_sedis","","ft_489"
"g__Myriangiales_gen_Incertae_sedis","k__Fungi","p__Ascomycota","c__Dothideomycetes","o__Myriangiales","f__Myriangiales_fam_Incertae_sedis","g__Myriangiales_gen_Incertae_sedis","","ft_490"
"g__Gaeumannomyces","k__Fungi","p__Ascomycota","c__Sordariomycetes","o__Magnaporthales","f__Magnaporthaceae","g__Gaeumannomyces","plant_pathogen","ft_491"
"Unclass_f__Diaporthaceae","k__Fungi","p__Ascomycota","c__Sordariomycetes","o__Diaporthales","f__Diaporthaceae","Unclass_f__Diaporthaceae",NA,"ft_492"
"g__Gallinipes","k__Fungi","p__Chytridiomycota","c__Spizellomycetes","o__Spizellomycetales","f__Spizellomycetaceae","g__Gallinipes","pollen_saprotroph","ft_493"
"Unclass_f__Cortinariaceae","k__Fungi","p__Basidiomycota","c__Agaricomycetes","o__Agaricales","f__Cortinariaceae","Unclass_f__Cortinariaceae",NA,"ft_494"
"g__Rhodosporidiobolus","k__Fungi","p__Basidiomycota","c__Microbotryomycetes","o__Sporidiobolales","f__Sporidiobolaceae","g__Rhodosporidiobolus","unspecified_saprotroph","ft_495"
"g__Litschauerella","k__Fungi","p__Basidiomycota","c__Agaricomycetes","o__Trechisporales","f__Hydnodontaceae","g__Litschauerella","wood_saprotroph","ft_496"
"g__Hypomyces","k__Fungi","p__Ascomycota","c__Sordariomycetes","o__Hypocreales","f__Hypocreaceae","g__Hypomyces","mycoparasite","ft_497"
"g__Nothoseiridium","k__Fungi","p__Ascomycota","c__Sordariomycetes","o__Xylariales","f__Sporocadaceae","g__Nothoseiridium","","ft_498"
"g__Sordariales_gen_Incertae_sedis","k__Fungi","p__Ascomycota","c__Sordariomycetes","o__Sordariales","f__Sordariales_fam_Incertae_sedis","g__Sordariales_gen_Incertae_sedis","","ft_499"
"g__Geastrum","k__Fungi","p__Basidiomycota","c__Agaricomycetes","o__Geastrales","f__Geastraceae","g__Geastrum","litter_saprotroph","ft_500"
"Unclass_f__Inocybaceae","k__Fungi","p__Basidiomycota","c__Agaricomycetes","o__Agaricales","f__Inocybaceae","Unclass_f__Inocybaceae",NA,"ft_501"
"g__Gnomoniopsis","k__Fungi","p__Ascomycota","c__Sordariomycetes","o__Diaporthales","f__Gnomoniaceae","g__Gnomoniopsis","foliar_endophyte","ft_502"
"Unclass_f__Sympoventuriaceae","k__Fungi","p__Ascomycota","c__Dothideomycetes","o__Venturiales","f__Sympoventuriaceae","Unclass_f__Sympoventuriaceae",NA,"ft_503"
"g__Tricladium","k__Fungi","p__Ascomycota","c__Leotiomycetes","o__Helotiales","f__Tricladiaceae","g__Tricladium","litter_saprotroph","ft_504"
"g__Hymenoscyphus","k__Fungi","p__Ascomycota","c__Leotiomycetes","o__Helotiales","f__Helotiaceae","g__Hymenoscyphus","litter_saprotroph","ft_505"
"g__Scutellinia","k__Fungi","p__Ascomycota","c__Pezizomycetes","o__Pezizales","f__Pyronemataceae","g__Scutellinia","wood_saprotroph","ft_506"
"g__Cryptosporiopsis","k__Fungi","p__Ascomycota","c__Leotiomycetes","o__Helotiales","f__Dermateaceae","g__Cryptosporiopsis","unspecified_saprotroph","ft_507"
"Unclass_f__Mollisiaceae","k__Fungi","p__Ascomycota","c__Leotiomycetes","o__Helotiales","f__Mollisiaceae","Unclass_f__Mollisiaceae",NA,"ft_508"
"g__Degelia","k__Fungi","p__Ascomycota","c__Lecanoromycetes","o__Peltigerales","f__Pannariaceae","g__Degelia","lichenized","ft_509"
"g__Botryohypochnus","k__Fungi","p__Basidiomycota","c__Agaricomycetes","o__Cantharellales","f__Botryobasidiaceae","g__Botryohypochnus","wood_saprotroph","ft_510"
"g__Rhizophydiales_gen_Incertae_sedis","k__Fungi","p__Chytridiomycota","c__Rhizophydiomycetes","o__Rhizophydiales","f__Rhizophydiales_fam_Incertae_sedis","g__Rhizophydiales_gen_Incertae_sedis","","ft_511"
"Unclass_o__Spizellomycetales","k__Fungi","p__Chytridiomycota","c__Spizellomycetes","o__Spizellomycetales",NA,"Unclass_o__Spizellomycetales",NA,"ft_512"
"g__Pteridiosperma","k__Fungi","p__Ascomycota","c__Sordariomycetes","o__Melanosporales","f__Ceratostomataceae","g__Pteridiosperma","dung_saprotroph","ft_513"
"g__Sympoventuriaceae_gen_Incertae_sedis","k__Fungi","p__Ascomycota","c__Dothideomycetes","o__Venturiales","f__Sympoventuriaceae","g__Sympoventuriaceae_gen_Incertae_sedis","","ft_514"
"g__Infundichalara","k__Fungi","p__Ascomycota","c__Leotiomycetes","o__Helotiales","f__Helotiaceae","g__Infundichalara","litter_saprotroph","ft_515"
"g__Mycenella","k__Fungi","p__Basidiomycota","c__Agaricomycetes","o__Agaricales","f__Tricholomataceae","g__Mycenella","litter_saprotroph","ft_516"
"g__Lasionectriopsis","k__Fungi","p__Ascomycota","c__Sordariomycetes","o__Hypocreales","f__Bionectriaceae","g__Lasionectriopsis","","ft_517"
"g__Pseudoophiobolus","k__Fungi","p__Ascomycota","c__Dothideomycetes","o__Pleosporales","f__Phaeosphaeriaceae","g__Pseudoophiobolus","litter_saprotroph","ft_518"
"g__Petrophila","k__Fungi","p__Ascomycota","c__Dothideomycetes","o__Mycosphaerellales","f__Extremaceae","g__Petrophila","unspecified_saprotroph","ft_519"
"g__Calcarisporiella","k__Fungi","p__Calcarisporiellomycota","c__Calcarisporiellomycetes","o__Calcarisporiellales","f__Calcarisporiellaceae","g__Calcarisporiella","soil_saprotroph","ft_520"
"g__Hawksworthiomyces","k__Fungi","p__Ascomycota","c__Sordariomycetes","o__Ophiostomatales","f__Ophiostomataceae","g__Hawksworthiomyces","soil_saprotroph","ft_521"
"Unclass_o__Endogonales","k__Fungi","p__Mucoromycota","c__Endogonomycetes","o__Endogonales",NA,"Unclass_o__Endogonales",NA,"ft_522"
"g__Conocybe","k__Fungi","p__Basidiomycota","c__Agaricomycetes","o__Agaricales","f__Bolbitiaceae","g__Conocybe","soil_saprotroph","ft_523"
"g__Itersonilia","k__Fungi","p__Basidiomycota","c__Tremellomycetes","o__Cystofilobasidiales","f__Mrakiaceae","g__Itersonilia","plant_pathogen","ft_524"
"g__Cylindrosympodioides","k__Fungi","p__Ascomycota","c__Dothideomycetes","o__Venturiales","f__Venturiaceae","g__Cylindrosympodioides","epiphyte","ft_525"
"g__Micropeltidaceae_gen_Incertae_sedis","k__Fungi","p__Ascomycota","c__Lecanoromycetes","o__Lecanoromycetes_ord_Incertae_sedis","f__Micropeltidaceae","g__Micropeltidaceae_gen_Incertae_sedis","","ft_526"
"g__Tulasnella","k__Fungi","p__Basidiomycota","c__Agaricomycetes","o__Cantharellales","f__Tulasnellaceae","g__Tulasnella","litter_saprotroph","ft_527"
"g__Acidomelania","k__Fungi","p__Ascomycota","c__Leotiomycetes","o__Helotiales","f__Helotiales_fam_Incertae_sedis","g__Acidomelania","root_endophyte","ft_528"
"g__Dactylaria","k__Fungi","p__Ascomycota","c__Orbiliomycetes","o__Orbiliales","f__Orbiliaceae","g__Dactylaria","animal_parasite","ft_529"
"g__Valsaceae_gen_Incertae_sedis","k__Fungi","p__Ascomycota","c__Sordariomycetes","o__Diaporthales","f__Valsaceae","g__Valsaceae_gen_Incertae_sedis","","ft_530"
"g__Physcia","k__Fungi","p__Ascomycota","c__Lecanoromycetes","o__Caliciales","f__Physciaceae","g__Physcia","lichenized","ft_531"
"g__Plenodomus","k__Fungi","p__Ascomycota","c__Dothideomycetes","o__Pleosporales","f__Leptosphaeriaceae","g__Plenodomus","plant_pathogen","ft_532"
"g__Celosporium","k__Fungi","p__Ascomycota","c__Dothideomycetes","o__Dothideales","f__Dothideaceae","g__Celosporium","plant_pathogen","ft_533"
"Unclass_f__Protrudomycetaceae","k__Fungi","p__Chytridiomycota","c__Rhizophydiomycetes","o__Rhizophydiales","f__Protrudomycetaceae","Unclass_f__Protrudomycetaceae",NA,"ft_534"
"g__Lentitheciaceae_gen_Incertae_sedis","k__Fungi","p__Ascomycota","c__Dothideomycetes","o__Pleosporales","f__Lentitheciaceae","g__Lentitheciaceae_gen_Incertae_sedis","","ft_535"
"g__Sympodiella","k__Fungi","p__Ascomycota","c__Dothideomycetes","o__Venturiales","f__Venturiaceae","g__Sympodiella","litter_saprotroph","ft_536"
"g__Gongronella","k__Fungi","p__Mucoromycota","c__Mucoromycetes","o__Mucorales","f__Cunninghamellaceae","g__Gongronella","soil_saprotroph","ft_537"
"g__Curvularia","k__Fungi","p__Ascomycota","c__Dothideomycetes","o__Pleosporales","f__Pleosporaceae","g__Curvularia","plant_pathogen","ft_538"
"g__Sakaguchia","k__Fungi","p__Basidiomycota","c__Cystobasidiomycetes","o__Sakaguchiales","f__Sakaguchiaceae","g__Sakaguchia","unspecified_saprotroph","ft_539"
"g__Powellomyces","k__Fungi","p__Chytridiomycota","c__Spizellomycetes","o__Spizellomycetales","f__Powellomycetaceae","g__Powellomyces","pollen_saprotroph","ft_540"
"g__Agaricostilbomycetes_gen_Incertae_sedis","k__Fungi","p__Basidiomycota","c__Agaricostilbomycetes","o__Agaricostilbomycetes_ord_Incertae_sedis","f__Agaricostilbomycetes_fam_Incertae_sedis","g__Agaricostilbomycetes_gen_Incertae_sedis","","ft_541"
"Unclass_f__Ascobolaceae","k__Fungi","p__Ascomycota","c__Pezizomycetes","o__Pezizales","f__Ascobolaceae","Unclass_f__Ascobolaceae",NA,"ft_542"
"g__Udeniozyma","k__Fungi","p__Basidiomycota","c__Microbotryomycetes","o__Microbotryomycetes_ord_Incertae_sedis","f__Chrysozymaceae","g__Udeniozyma","unspecified","ft_543"
"g__Junewangiaceae_gen_Incertae_sedis","k__Fungi","p__Ascomycota","c__Sordariomycetes","o__Sordariomycetes_ord_Incertae_sedis","f__Junewangiaceae","g__Junewangiaceae_gen_Incertae_sedis","","ft_544"
"g__Botrytis","k__Fungi","p__Ascomycota","c__Leotiomycetes","o__Helotiales","f__Sclerotiniaceae","g__Botrytis","plant_pathogen","ft_545"
"g__Leptosphaeriaceae_gen_Incertae_sedis","k__Fungi","p__Ascomycota","c__Dothideomycetes","o__Pleosporales","f__Leptosphaeriaceae","g__Leptosphaeriaceae_gen_Incertae_sedis","","ft_546"
"g__Paraloratospora","k__Fungi","p__Ascomycota","c__Dothideomycetes","o__Pleosporales","f__Phaeosphaeriaceae","g__Paraloratospora","wood_saprotroph","ft_547"
"g__Arthrocladium","k__Fungi","p__Ascomycota","c__Eurotiomycetes","o__Chaetothyriales","f__Trichomeriaceae","g__Arthrocladium","soil_saprotroph","ft_548"
"g__Dendrophoma","k__Fungi","p__Ascomycota","c__Sordariomycetes","o__Chaetosphaeriales","f__Chaetosphaeriales_fam_Incertae_sedis","g__Dendrophoma","plant_pathogen","ft_549"
"g__Blastocladiomycetes_gen_Incertae_sedis","k__Fungi","p__Blastocladiomycota","c__Blastocladiomycetes","o__Blastocladiomycetes_ord_Incertae_sedis","f__Blastocladiomycetes_fam_Incertae_sedis","g__Blastocladiomycetes_gen_Incertae_sedis","","ft_550"
"g__Aleuria","k__Fungi","p__Ascomycota","c__Pezizomycetes","o__Pezizales","f__Pyronemataceae","g__Aleuria","soil_saprotroph","ft_551"
"g__Dissoconium","k__Fungi","p__Ascomycota","c__Dothideomycetes","o__Capnodiales","f__Dissoconiaceae","g__Dissoconium","litter_saprotroph","ft_552"
"g__Herpotrichiellaceae_gen_Incertae_sedis","k__Fungi","p__Ascomycota","c__Eurotiomycetes","o__Chaetothyriales","f__Herpotrichiellaceae","g__Herpotrichiellaceae_gen_Incertae_sedis","","ft_553"
"Unclass_f__Ploettnerulaceae","k__Fungi","p__Ascomycota","c__Leotiomycetes","o__Helotiales","f__Ploettnerulaceae","Unclass_f__Ploettnerulaceae",NA,"ft_554"
"g__Stachybotrys","k__Fungi","p__Ascomycota","c__Sordariomycetes","o__Hypocreales","f__Stachybotryaceae","g__Stachybotrys","wood_saprotroph","ft_555"
"g__Tausonia","k__Fungi","p__Basidiomycota","c__Tremellomycetes","o__Cystofilobasidiales","f__Mrakiaceae","g__Tausonia","soil_saprotroph","ft_556"
"g__Pseudocoleophoma","k__Fungi","p__Ascomycota","c__Dothideomycetes","o__Pleosporales","f__Dictyosporiaceae","g__Pseudocoleophoma","plant_pathogen","ft_557"
"Unclass_o__Pisorisporiales","k__Fungi","p__Ascomycota","c__Sordariomycetes","o__Pisorisporiales",NA,"Unclass_o__Pisorisporiales",NA,"ft_558"
"g__Contumyces","k__Fungi","p__Basidiomycota","c__Agaricomycetes","o__Hymenochaetales","f__Hymenochaetales_fam_Incertae_sedis","g__Contumyces","moss_symbiont","ft_559"
"Unclass_f__Ceratostomataceae","k__Fungi","p__Ascomycota","c__Sordariomycetes","o__Melanosporales","f__Ceratostomataceae","Unclass_f__Ceratostomataceae",NA,"ft_560"
"g__Melanomma","k__Fungi","p__Ascomycota","c__Dothideomycetes","o__Pleosporales","f__Melanommataceae","g__Melanomma","wood_saprotroph","ft_561"
"g__Phaeotremella","k__Fungi","p__Basidiomycota","c__Tremellomycetes","o__Tremellales","f__Phaeotremellaceae","g__Phaeotremella","mycoparasite","ft_562"
"g__Cadophora","k__Fungi","p__Ascomycota","c__Leotiomycetes","o__Helotiales","f__Ploettnerulaceae","g__Cadophora","litter_saprotroph","ft_563"
"g__Densospora","k__Fungi","p__Mucoromycota","c__Endogonomycetes","o__Endogonales","f__Endogonales_fam_Incertae_sedis","g__Densospora","ectomycorrhizal","ft_564"
"Unclass_o__Auriculariales","k__Fungi","p__Basidiomycota","c__Agaricomycetes","o__Auriculariales",NA,"Unclass_o__Auriculariales",NA,"ft_565"
"g__Lentithecium","k__Fungi","p__Ascomycota","c__Dothideomycetes","o__Pleosporales","f__Lentitheciaceae","g__Lentithecium","wood_saprotroph","ft_566"
"Unclass_f__Rhizophydiales_fam_Incertae_sedis","k__Fungi","p__Chytridiomycota","c__Rhizophydiomycetes","o__Rhizophydiales","f__Rhizophydiales_fam_Incertae_sedis","Unclass_f__Rhizophydiales_fam_Incertae_sedis",NA,"ft_567"
"g__Evernia","k__Fungi","p__Ascomycota","c__Lecanoromycetes","o__Lecanorales","f__Parmeliaceae","g__Evernia","lichenized","ft_568"
"g__Serendipitaceae_gen_Incertae_sedis","k__Fungi","p__Basidiomycota","c__Agaricomycetes","o__Sebacinales","f__Serendipitaceae","g__Serendipitaceae_gen_Incertae_sedis","","ft_569"
"g__Mycenaceae_gen_Incertae_sedis","k__Fungi","p__Basidiomycota","c__Agaricomycetes","o__Agaricales","f__Mycenaceae","g__Mycenaceae_gen_Incertae_sedis","","ft_570"
"g__Piptocephalis","k__Fungi","p__Zoopagomycota","c__Zoopagomycetes","o__Zoopagales","f__Piptocephalidaceae","g__Piptocephalis","mycoparasite","ft_571"
"g__Constantinomyces","k__Fungi","p__Ascomycota","c__Dothideomycetes","o__Mycosphaerellales","f__Teratosphaeriaceae","g__Constantinomyces","unspecified_saprotroph","ft_572"
"Unclass_f__Clavariaceae","k__Fungi","p__Basidiomycota","c__Agaricomycetes","o__Agaricales","f__Clavariaceae","Unclass_f__Clavariaceae",NA,"ft_573"
"Unclass_o__Polyporales","k__Fungi","p__Basidiomycota","c__Agaricomycetes","o__Polyporales",NA,"Unclass_o__Polyporales",NA,"ft_574"
"g__Neophaeococcomyces","k__Fungi","p__Ascomycota","c__Eurotiomycetes","o__Chaetothyriales","f__Chaetothyriales_fam_Incertae_sedis","g__Neophaeococcomyces","plant_pathogen","ft_575"
"g__Haudseptoria","k__Fungi","p__Ascomycota","c__Dothideomycetes","o__Monoblastiales","f__Monoblastiaceae","g__Haudseptoria","","ft_576"
"Unclass_p__Zoopagomycota","k__Fungi","p__Zoopagomycota",NA,NA,NA,"Unclass_p__Zoopagomycota",NA,"ft_577"
"g__Chytridiales_gen_Incertae_sedis","k__Fungi","p__Chytridiomycota","c__Chytridiomycetes","o__Chytridiales","f__Chytridiales_fam_Incertae_sedis","g__Chytridiales_gen_Incertae_sedis","","ft_578"
"g__Cystofilobasidiales_gen_Incertae_sedis","k__Fungi","p__Basidiomycota","c__Tremellomycetes","o__Cystofilobasidiales","f__Cystofilobasidiales_fam_Incertae_sedis","g__Cystofilobasidiales_gen_Incertae_sedis","","ft_579"
"g__Kalmusia","k__Fungi","p__Ascomycota","c__Dothideomycetes","o__Pleosporales","f__Didymosphaeriaceae","g__Kalmusia","wood_saprotroph","ft_580"
"Unclass_f__Dermateaceae","k__Fungi","p__Ascomycota","c__Leotiomycetes","o__Helotiales","f__Dermateaceae","Unclass_f__Dermateaceae",NA,"ft_581"
"Unclass_f__Muyocopronaceae","k__Fungi","p__Ascomycota","c__Dothideomycetes","o__Muyocopronales","f__Muyocopronaceae","Unclass_f__Muyocopronaceae",NA,"ft_582"
"g__Dothidotthia","k__Fungi","p__Ascomycota","c__Dothideomycetes","o__Pleosporales","f__Dothidotthiaceae","g__Dothidotthia","plant_pathogen","ft_583"
"g__Blastobotrys","k__Fungi","p__Ascomycota","c__Saccharomycetes","o__Saccharomycetales","f__Trichomonascaceae","g__Blastobotrys","nectar/tap_saprotroph","ft_584"
"g__Berkeleyomyces","k__Fungi","p__Ascomycota","c__Sordariomycetes","o__Microascales","f__Ceratocystidaceae","g__Berkeleyomyces","plant_pathogen","ft_585"
"g__Lachnellula","k__Fungi","p__Ascomycota","c__Leotiomycetes","o__Helotiales","f__Hyaloscyphaceae","g__Lachnellula","wood_saprotroph","ft_586"
"g__Antealophiotrema","k__Fungi","p__Ascomycota","c__Dothideomycetes","o__Pleosporales","f__Pleosporales_fam_Incertae_sedis","g__Antealophiotrema","wood_saprotroph","ft_587"
"g__Teunia","k__Fungi","p__Basidiomycota","c__Tremellomycetes","o__Tremellales","f__Cryptococcaceae","g__Teunia","soil_saprotroph","ft_588"
"g__Colletotrichum","k__Fungi","p__Ascomycota","c__Sordariomycetes","o__Glomerellales","f__Glomerellaceae","g__Colletotrichum","plant_pathogen","ft_589"
"g__Bhatiellae","k__Fungi","p__Ascomycota","c__Dothideomycetes","o__Pleosporales","f__Phaeosphaeriaceae","g__Bhatiellae","wood_saprotroph","ft_590"
"Unclass_p__Mucoromycota","k__Fungi","p__Mucoromycota",NA,NA,NA,"Unclass_p__Mucoromycota",NA,"ft_591"
"Unclass_o__Xylariales","k__Fungi","p__Ascomycota","c__Sordariomycetes","o__Xylariales",NA,"Unclass_o__Xylariales",NA,"ft_592"
"g__GS22_gen_Incertae_sedis","k__Fungi","p__Mucoromycota","c__Endogonomycetes","o__GS22","f__GS22_fam_Incertae_sedis","g__GS22_gen_Incertae_sedis","","ft_593"
"g__Kurtzmanomyces","k__Fungi","p__Basidiomycota","c__Agaricostilbomycetes","o__Agaricostilbales","f__Chionosphaeraceae","g__Kurtzmanomyces","unspecified_saprotroph","ft_594"
"g__Cystobasidiaceae_gen_Incertae_sedis","k__Fungi","p__Basidiomycota","c__Cystobasidiomycetes","o__Cystobasidiales","f__Cystobasidiaceae","g__Cystobasidiaceae_gen_Incertae_sedis","","ft_595"
"Unclass_f__Dothioraceae","k__Fungi","p__Ascomycota","c__Dothideomycetes","o__Dothideales","f__Dothioraceae","Unclass_f__Dothioraceae",NA,"ft_596"
"g__Necromortierella","k__Fungi","p__Mortierellomycota","c__Mortierellomycetes","o__Mortierellales","f__Mortierellaceae","g__Necromortierella","","ft_597"
"Unclass_f__Pannariaceae","k__Fungi","p__Ascomycota","c__Lecanoromycetes","o__Peltigerales","f__Pannariaceae","Unclass_f__Pannariaceae",NA,"ft_598"
"g__Neovaginatispora","k__Fungi","p__Ascomycota","c__Dothideomycetes","o__Pleosporales","f__Lophiostomataceae","g__Neovaginatispora","wood_saprotroph","ft_599"
"g__Isthmomyces","k__Fungi","p__Ascomycota","c__Dothideomycetes","o__Microthyriales","f__Microthyriaceae","g__Isthmomyces","","ft_600"
"g__Phoma","k__Fungi","p__Ascomycota","c__Dothideomycetes","o__Pleosporales","f__Didymellaceae","g__Phoma","plant_pathogen","ft_601"
"g__Paraphaeosphaeria","k__Fungi","p__Ascomycota","c__Dothideomycetes","o__Pleosporales","f__Didymosphaeriaceae","g__Paraphaeosphaeria","wood_saprotroph","ft_602"
"g__Agaricostilbales_gen_Incertae_sedis","k__Fungi","p__Basidiomycota","c__Agaricostilbomycetes","o__Agaricostilbales","f__Agaricostilbales_fam_Incertae_sedis","g__Agaricostilbales_gen_Incertae_sedis","","ft_603"
"g__Keissleriella","k__Fungi","p__Ascomycota","c__Dothideomycetes","o__Pleosporales","f__Lentitheciaceae","g__Keissleriella","wood_saprotroph","ft_604"
"g__Microbotryomycetes_gen_Incertae_sedis","k__Fungi","p__Basidiomycota","c__Microbotryomycetes","o__Microbotryomycetes_ord_Incertae_sedis","f__Microbotryomycetes_fam_Incertae_sedis","g__Microbotryomycetes_gen_Incertae_sedis","","ft_605"
"g__Minutisphaera","k__Fungi","p__Ascomycota","c__Dothideomycetes","o__Minutisphaerales","f__Minutisphaeraceae","g__Minutisphaera","wood_saprotroph","ft_606"
"Unclass_o__Archaeorhizomycetales","k__Fungi","p__Ascomycota","c__Archaeorhizomycetes","o__Archaeorhizomycetales",NA,"Unclass_o__Archaeorhizomycetales",NA,"ft_607"
"g__Eucasphaeria","k__Fungi","p__Ascomycota","c__Sordariomycetes","o__Hypocreales","f__Niessliaceae","g__Eucasphaeria","plant_pathogen","ft_608"
"g__Pleurotheciella","k__Fungi","p__Ascomycota","c__Sordariomycetes","o__Pleurotheciales","f__Pleurotheciaceae","g__Pleurotheciella","wood_saprotroph","ft_609"
"g__Botryosphaeria","k__Fungi","p__Ascomycota","c__Dothideomycetes","o__Botryosphaeriales","f__Botryosphaeriaceae","g__Botryosphaeria","plant_pathogen","ft_610"
"g__GS27_gen_Incertae_sedis","k__Fungi","p__Basidiomycota","c__GS27","o__GS27_ord_Incertae_sedis","f__GS27_fam_Incertae_sedis","g__GS27_gen_Incertae_sedis","","ft_611"
"g__Neopyrenochaeta","k__Fungi","p__Ascomycota","c__Dothideomycetes","o__Pleosporales","f__Neopyrenochaetaceae","g__Neopyrenochaeta","unspecified_saprotroph","ft_612"
"g__Protrudomycetaceae_gen_Incertae_sedis","k__Fungi","p__Chytridiomycota","c__Rhizophydiomycetes","o__Rhizophydiales","f__Protrudomycetaceae","g__Protrudomycetaceae_gen_Incertae_sedis","","ft_613"
"g__Typhula","k__Fungi","p__Basidiomycota","c__Agaricomycetes","o__Agaricales","f__Typhulaceae","g__Typhula","plant_pathogen","ft_614"
"g__Clavaria","k__Fungi","p__Basidiomycota","c__Agaricomycetes","o__Agaricales","f__Clavariaceae","g__Clavaria","soil_saprotroph","ft_615"
"g__Mucoraceae_gen_Incertae_sedis","k__Fungi","p__Mucoromycota","c__Mucoromycetes","o__Mucorales","f__Mucoraceae","g__Mucoraceae_gen_Incertae_sedis","","ft_616"
"g__Seiridium","k__Fungi","p__Ascomycota","c__Sordariomycetes","o__Xylariales","f__Sporocadaceae","g__Seiridium","plant_pathogen","ft_617"
"g__Nigrospora","k__Fungi","p__Ascomycota","c__Sordariomycetes","o__Trichosphaeriales","f__Trichosphaeriaceae","g__Nigrospora","litter_saprotroph","ft_618"
"g__Sympoventuria","k__Fungi","p__Ascomycota","c__Dothideomycetes","o__Venturiales","f__Sympoventuriaceae","g__Sympoventuria","litter_saprotroph","ft_619"
"Unclass_f__Acaulosporaceae","k__Fungi","p__Glomeromycota","c__Glomeromycetes","o__Diversisporales","f__Acaulosporaceae","Unclass_f__Acaulosporaceae",NA,"ft_620"
"g__Mycoleptodiscus","k__Fungi","p__Ascomycota","c__Dothideomycetes","o__Muyocopronales","f__Muyocopronaceae","g__Mycoleptodiscus","plant_pathogen","ft_621"
"g__Endophragmiella","k__Fungi","p__Ascomycota","c__Sordariomycetes","o__Sordariales","f__Helminthosphaeriaceae","g__Endophragmiella","wood_saprotroph","ft_622"
"g__Bensingtonia","k__Fungi","p__Basidiomycota","c__Agaricostilbomycetes","o__Agaricostilbales","f__Kondoaceae","g__Bensingtonia","unspecified_saprotroph","ft_623"
"g__Haptocillium","k__Fungi","p__Ascomycota","c__Sordariomycetes","o__Hypocreales","f__Ophiocordycipitaceae","g__Haptocillium","animal_parasite","ft_624"
"g__Disciseda","k__Fungi","p__Basidiomycota","c__Agaricomycetes","o__Agaricales","f__Lycoperdaceae","g__Disciseda","soil_saprotroph","ft_625"
"g__Lecanoromycetes_gen_Incertae_sedis","k__Fungi","p__Ascomycota","c__Lecanoromycetes","o__Lecanoromycetes_ord_Incertae_sedis","f__Lecanoromycetes_fam_Incertae_sedis","g__Lecanoromycetes_gen_Incertae_sedis","","ft_626"
"g__Mortierellomycetes_gen_Incertae_sedis","k__Fungi","p__Mortierellomycota","c__Mortierellomycetes","o__Mortierellomycetes_ord_Incertae_sedis","f__Mortierellomycetes_fam_Incertae_sedis","g__Mortierellomycetes_gen_Incertae_sedis","","ft_627"
"Unclass_f__Chaetosphaeriaceae","k__Fungi","p__Ascomycota","c__Sordariomycetes","o__Chaetosphaeriales","f__Chaetosphaeriaceae","Unclass_f__Chaetosphaeriaceae",NA,"ft_628"
"Unclass_f__Pleosporaceae","k__Fungi","p__Ascomycota","c__Dothideomycetes","o__Pleosporales","f__Pleosporaceae","Unclass_f__Pleosporaceae",NA,"ft_629"
"g__Geosmithia","k__Fungi","p__Ascomycota","c__Sordariomycetes","o__Hypocreales","f__Bionectriaceae","g__Geosmithia","unspecified_saprotroph","ft_630"
"g__Psathyrella","k__Fungi","p__Basidiomycota","c__Agaricomycetes","o__Agaricales","f__Psathyrellaceae","g__Psathyrella","wood_saprotroph","ft_631"
"g__Entoloma","k__Fungi","p__Basidiomycota","c__Agaricomycetes","o__Agaricales","f__Entolomataceae","g__Entoloma","soil_saprotroph","ft_632"
"Unclass_f__Melanommataceae","k__Fungi","p__Ascomycota","c__Dothideomycetes","o__Pleosporales","f__Melanommataceae","Unclass_f__Melanommataceae",NA,"ft_633"
"Unclass_f__Kriegeriaceae","k__Fungi","p__Basidiomycota","c__Microbotryomycetes","o__Kriegeriales","f__Kriegeriaceae","Unclass_f__Kriegeriaceae",NA,"ft_634"
"g__Cryptotrichosporon","k__Fungi","p__Basidiomycota","c__Tremellomycetes","o__Trichosporonales","f__Tetragoniomycetaceae","g__Cryptotrichosporon","plant_pathogen","ft_635"
"g__Corticiaceae_gen_Incertae_sedis","k__Fungi","p__Basidiomycota","c__Agaricomycetes","o__Corticiales","f__Corticiaceae","g__Corticiaceae_gen_Incertae_sedis","","ft_636"
"g__Acaulospora","k__Fungi","p__Glomeromycota","c__Glomeromycetes","o__Diversisporales","f__Acaulosporaceae","g__Acaulospora","arbuscular_mycorrhizal","ft_637"
"g__Parazalerion","k__Fungi","p__Ascomycota","c__Dothideomycetes","o__Microthyriales","f__Microthyriales_fam_Incertae_sedis","g__Parazalerion","soil_saprotroph","ft_638"
"g__Spiculogloeomycetes_gen_Incertae_sedis","k__Fungi","p__Basidiomycota","c__Spiculogloeomycetes","o__Spiculogloeomycetes_ord_Incertae_sedis","f__Spiculogloeomycetes_fam_Incertae_sedis","g__Spiculogloeomycetes_gen_Incertae_sedis","","ft_639"
"g__Cephalothecaceae_gen_Incertae_sedis","k__Fungi","p__Ascomycota","c__Sordariomycetes","o__Sordariales","f__Cephalothecaceae","g__Cephalothecaceae_gen_Incertae_sedis","","ft_640"
"g__Dictyosporiaceae_gen_Incertae_sedis","k__Fungi","p__Ascomycota","c__Dothideomycetes","o__Pleosporales","f__Dictyosporiaceae","g__Dictyosporiaceae_gen_Incertae_sedis","","ft_641"
"g__Betamyces","k__Fungi","p__Chytridiomycota","c__Rhizophydiomycetes","o__Rhizophydiales","f__Alphamycetaceae","g__Betamyces","pollen_saprotroph","ft_642"
"g__Marcelleina","k__Fungi","p__Ascomycota","c__Pezizomycetes","o__Pezizales","f__Pyronemataceae","g__Marcelleina","ectomycorrhizal","ft_643"
"g__Microascus","k__Fungi","p__Ascomycota","c__Sordariomycetes","o__Microascales","f__Microascaceae","g__Microascus","soil_saprotroph","ft_644"
"Unclass_o__Monoblepharidales","k__Fungi","p__Monoblepharomycota","c__Monoblepharidomycetes","o__Monoblepharidales",NA,"Unclass_o__Monoblepharidales",NA,"ft_645"
"Unclass_f__Fusculinaceae","k__Fungi","p__Ascomycota","c__Dothideomycetes","o__Pleosporales","f__Fusculinaceae","Unclass_f__Fusculinaceae",NA,"ft_646"
"Unclass_o__Venturiales","k__Fungi","p__Ascomycota","c__Dothideomycetes","o__Venturiales",NA,"Unclass_o__Venturiales",NA,"ft_647"
"g__Physconia","k__Fungi","p__Ascomycota","c__Lecanoromycetes","o__Caliciales","f__Physciaceae","g__Physconia","lichenized","ft_648"
"g__Coltricia","k__Fungi","p__Basidiomycota","c__Agaricomycetes","o__Hymenochaetales","f__Hymenochaetaceae","g__Coltricia","ectomycorrhizal","ft_649"
"g__Lobulomyces","k__Fungi","p__Chytridiomycota","c__Lobulomycetes","o__Lobulomycetales","f__Lobulomycetaceae","g__Lobulomyces","pollen_saprotroph","ft_650"
"g__Clavulinaceae_gen_Incertae_sedis","k__Fungi","p__Basidiomycota","c__Agaricomycetes","o__Cantharellales","f__Clavulinaceae","g__Clavulinaceae_gen_Incertae_sedis","","ft_651"
"g__Rachicladosporium","k__Fungi","p__Ascomycota","c__Dothideomycetes","o__Capnodiales","f__Cladosporiaceae","g__Rachicladosporium","litter_saprotroph","ft_652"
"g__Clitopilus","k__Fungi","p__Basidiomycota","c__Agaricomycetes","o__Agaricales","f__Entolomataceae","g__Clitopilus","litter_saprotroph","ft_653"
"g__Saksenaea","k__Fungi","p__Mucoromycota","c__Mucoromycetes","o__Mucorales","f__Saksenaeaceae","g__Saksenaea","soil_saprotroph","ft_654"
"g__GS17_ord_Incertae_sedis_gen_Incertae_sedis","k__Fungi","p__Olpidiomycota","c__GS17","o__GS17_ord_Incertae_sedis","f__GS17_ord_Incertae_sedis_fam_Incertae_sedis","g__GS17_ord_Incertae_sedis_gen_Incertae_sedis","","ft_655"
"g__Oedocephalum","k__Fungi","p__Ascomycota","c__Pezizomycetes","o__Pezizales","f__Pezizaceae","g__Oedocephalum","litter_saprotroph","ft_656"
"g__Ochroconis","k__Fungi","p__Ascomycota","c__Dothideomycetes","o__Venturiales","f__Sympoventuriaceae","g__Ochroconis","animal_parasite","ft_657"
"g__Clavariaceae_gen_Incertae_sedis","k__Fungi","p__Basidiomycota","c__Agaricomycetes","o__Agaricales","f__Clavariaceae","g__Clavariaceae_gen_Incertae_sedis","","ft_658"
"g__Polyschema","k__Fungi","p__Ascomycota","c__Dothideomycetes","o__Pleosporales","f__Pleosporales_fam_Incertae_sedis","g__Polyschema","soil_saprotroph","ft_659"
"g__Metarhizium","k__Fungi","p__Ascomycota","c__Sordariomycetes","o__Hypocreales","f__Clavicipitaceae","g__Metarhizium","animal_parasite","ft_660"
"g__Fonsecazyma","k__Fungi","p__Basidiomycota","c__Tremellomycetes","o__Tremellales","f__Bulleraceae","g__Fonsecazyma","unspecified_saprotroph","ft_661"
"g__Arachnopeziza","k__Fungi","p__Ascomycota","c__Leotiomycetes","o__Helotiales","f__Hyaloscyphaceae","g__Arachnopeziza","wood_saprotroph","ft_662"
"g__Pleosporales_gen_Incertae_sedis","k__Fungi","p__Ascomycota","c__Dothideomycetes","o__Pleosporales","f__Pleosporales_fam_Incertae_sedis","g__Pleosporales_gen_Incertae_sedis","","ft_663"
"g__Diplodia","k__Fungi","p__Ascomycota","c__Dothideomycetes","o__Botryosphaeriales","f__Botryosphaeriaceae","g__Diplodia","plant_pathogen","ft_664"
"Unclass_o__Microbotryomycetes_ord_Incertae_sedis","k__Fungi","p__Basidiomycota","c__Microbotryomycetes","o__Microbotryomycetes_ord_Incertae_sedis",NA,"Unclass_o__Microbotryomycetes_ord_Incertae_sedis",NA,"ft_665"
"g__Lasiobolidium","k__Fungi","p__Ascomycota","c__Pezizomycetes","o__Pezizales","f__Pyronemataceae","g__Lasiobolidium","dung_saprotroph","ft_666"
"g__Tremellaceae_gen_Incertae_sedis","k__Fungi","p__Basidiomycota","c__Tremellomycetes","o__Tremellales","f__Tremellaceae","g__Tremellaceae_gen_Incertae_sedis","","ft_667"
"Unclass_o__Rhizophlyctidales","k__Fungi","p__Chytridiomycota","c__Rhizophlyctidomycetes","o__Rhizophlyctidales",NA,"Unclass_o__Rhizophlyctidales",NA,"ft_668"
"g__Fomitiporia","k__Fungi","p__Basidiomycota","c__Agaricomycetes","o__Hymenochaetales","f__Hymenochaetaceae","g__Fomitiporia","plant_pathogen","ft_669"
"g__GS05_gen_Incertae_sedis","k__Fungi","p__Rozellomycota","c__Rozellomycotina_cls_Incertae_sedis","o__GS05","f__GS05_fam_Incertae_sedis","g__GS05_gen_Incertae_sedis","","ft_670"
"g__Anthracobia","k__Fungi","p__Ascomycota","c__Pezizomycetes","o__Pezizales","f__Pyronemataceae","g__Anthracobia","soil_saprotroph","ft_671"
"g__Warcupia","k__Fungi","p__Ascomycota","c__Pezizomycetes","o__Pezizales","f__Pyronemataceae","g__Warcupia","soil_saprotroph","ft_672"
"g__Perilachnea","k__Fungi","p__Ascomycota","c__Pezizomycetes","o__Pezizales","f__Pyronemataceae","g__Perilachnea","","ft_673"
"Unclass_o__Tubeufiales","k__Fungi","p__Ascomycota","c__Dothideomycetes","o__Tubeufiales",NA,"Unclass_o__Tubeufiales",NA,"ft_674"
"Unclass_c__Leotiomycetes","k__Fungi","p__Ascomycota","c__Leotiomycetes",NA,NA,"Unclass_c__Leotiomycetes",NA,"ft_675"
"Unclass_o__Sclerococcales","k__Fungi","p__Ascomycota","c__Eurotiomycetes","o__Sclerococcales",NA,"Unclass_o__Sclerococcales",NA,"ft_676"
"g__Cyanodermella","k__Fungi","p__Ascomycota","c__Lecanoromycetes","o__Ostropales","f__Stictidaceae","g__Cyanodermella","wood_saprotroph","ft_677"
"g__Halosarpheia","k__Fungi","p__Ascomycota","c__Sordariomycetes","o__Microascales","f__Halosphaeriaceae","g__Halosarpheia","wood_saprotroph","ft_678"
"g__Catenulomyces","k__Fungi","p__Ascomycota","c__Dothideomycetes","o__Dothideomycetes_ord_Incertae_sedis","f__Dothideomycetes_fam_Incertae_sedis","g__Catenulomyces","soil_saprotroph","ft_679"
"g__Atractospora","k__Fungi","p__Ascomycota","c__Sordariomycetes","o__Myrmecridiales","f__Myrmecridiales_fam_Incertae_sedis","g__Atractospora","wood_saprotroph","ft_680"
"g__Hemibeltrania","k__Fungi","p__Ascomycota","c__Sordariomycetes","o__Xylariales","f__Beltraniaceae","g__Hemibeltrania","litter_saprotroph","ft_681"
"g__Papulaspora","k__Fungi","p__Ascomycota","c__Sordariomycetes","o__Sordariales","f__Sordariales_fam_Incertae_sedis","g__Papulaspora","wood_saprotroph","ft_682"
"Unclass_f__Niessliaceae","k__Fungi","p__Ascomycota","c__Sordariomycetes","o__Hypocreales","f__Niessliaceae","Unclass_f__Niessliaceae",NA,"ft_683"
"g__Dothideales_gen_Incertae_sedis","k__Fungi","p__Ascomycota","c__Dothideomycetes","o__Dothideales","f__Dothideales_fam_Incertae_sedis","g__Dothideales_gen_Incertae_sedis","","ft_684"
"Unclass_o__Agaricostilbales","k__Fungi","p__Basidiomycota","c__Agaricostilbomycetes","o__Agaricostilbales",NA,"Unclass_o__Agaricostilbales",NA,"ft_685"
"g__Hypoxylon","k__Fungi","p__Ascomycota","c__Sordariomycetes","o__Xylariales","f__Hypoxylaceae","g__Hypoxylon","wood_saprotroph","ft_686"
"Unclass_c__Archaeorhizomycetes","k__Fungi","p__Ascomycota","c__Archaeorhizomycetes",NA,NA,"Unclass_c__Archaeorhizomycetes",NA,"ft_687"
"Unclass_f__Gloniaceae","k__Fungi","p__Ascomycota","c__Dothideomycetes","o__Gloniales","f__Gloniaceae","Unclass_f__Gloniaceae",NA,"ft_688"
"g__Monoblepharomycota_gen_Incertae_sedis","k__Fungi","p__Monoblepharomycota","c__Monoblepharomycota_cls_Incertae_sedis","o__Monoblepharomycota_ord_Incertae_sedis","f__Monoblepharomycota_fam_Incertae_sedis","g__Monoblepharomycota_gen_Incertae_sedis","","ft_689"
"g__Mycopan","k__Fungi","p__Basidiomycota","c__Agaricomycetes","o__Agaricales","f__Marasmiaceae","g__Mycopan","litter_saprotroph","ft_690"
"g__Phlebia","k__Fungi","p__Basidiomycota","c__Agaricomycetes","o__Polyporales","f__Meruliaceae","g__Phlebia","wood_saprotroph","ft_691"
"g__Symmetrospora","k__Fungi","p__Basidiomycota","c__Cystobasidiomycetes","o__Cystobasidiomycetes_ord_Incertae_sedis","f__Symmetrosporaceae","g__Symmetrospora","epiphyte","ft_692"
"g__Polyporus","k__Fungi","p__Basidiomycota","c__Agaricomycetes","o__Polyporales","f__Polyporaceae","g__Polyporus","wood_saprotroph","ft_693"
"g__Heterocephalacria","k__Fungi","p__Basidiomycota","c__Tremellomycetes","o__Filobasidiales","f__Filobasidiaceae","g__Heterocephalacria","lichen_parasite","ft_694"
"g__Anteaglonium","k__Fungi","p__Ascomycota","c__Dothideomycetes","o__Pleosporales","f__Anteagloniaceae","g__Anteaglonium","wood_saprotroph","ft_695"
"g__Cyphellophoraceae_gen_Incertae_sedis","k__Fungi","p__Ascomycota","c__Eurotiomycetes","o__Chaetothyriales","f__Cyphellophoraceae","g__Cyphellophoraceae_gen_Incertae_sedis","","ft_696"
"g__Nanoglomus","k__Fungi","p__Glomeromycota","c__Glomeromycetes","o__Glomerales","f__Glomeraceae","g__Nanoglomus","arbuscular_mycorrhizal","ft_697"
"g__Angustimassarina","k__Fungi","p__Ascomycota","c__Dothideomycetes","o__Pleosporales","f__Amorosiaceae","g__Angustimassarina","mycoparasite","ft_698"
"g__Neodevriesia","k__Fungi","p__Ascomycota","c__Dothideomycetes","o__Capnodiales","f__Neodevriesiaceae","g__Neodevriesia","plant_pathogen","ft_699"
"g__Verrucaria","k__Fungi","p__Ascomycota","c__Eurotiomycetes","o__Verrucariales","f__Verrucariaceae","g__Verrucaria","lichenized","ft_700"
"Unclass_f__Sarcosomataceae","k__Fungi","p__Ascomycota","c__Pezizomycetes","o__Pezizales","f__Sarcosomataceae","Unclass_f__Sarcosomataceae",NA,"ft_701"
"g__Pycnopeziza","k__Fungi","p__Ascomycota","c__Leotiomycetes","o__Helotiales","f__Sclerotiniaceae","g__Pycnopeziza","litter_saprotroph","ft_702"
"g__Chrysozyma","k__Fungi","p__Basidiomycota","c__Microbotryomycetes","o__Microbotryomycetes_ord_Incertae_sedis","f__Chrysozymaceae","g__Chrysozyma","soil_saprotroph","ft_703"
"Unclass_f__Pleurotheciaceae","k__Fungi","p__Ascomycota","c__Sordariomycetes","o__Pleurotheciales","f__Pleurotheciaceae","Unclass_f__Pleurotheciaceae",NA,"ft_704"
"Unclass_f__Physciaceae","k__Fungi","p__Ascomycota","c__Lecanoromycetes","o__Caliciales","f__Physciaceae","Unclass_f__Physciaceae",NA,"ft_705"
"g__Zoopagomycota_gen_Incertae_sedis","k__Fungi","p__Zoopagomycota","c__Zoopagomycota_cls_Incertae_sedis","o__Zoopagomycota_ord_Incertae_sedis","f__Zoopagomycota_fam_Incertae_sedis","g__Zoopagomycota_gen_Incertae_sedis","","ft_706"
"Unclass_f__Sporocadaceae","k__Fungi","p__Ascomycota","c__Sordariomycetes","o__Xylariales","f__Sporocadaceae","Unclass_f__Sporocadaceae",NA,"ft_707"
"g__Buckleyzyma","k__Fungi","p__Basidiomycota","c__Cystobasidiomycetes","o__Cystobasidiomycetes_ord_Incertae_sedis","f__Buckleyzymaceae","g__Buckleyzyma","epiphyte","ft_708"
"Unclass_o__Hyaloraphidiales","k__Fungi","p__Monoblepharomycota","c__Hyaloraphidiomycetes","o__Hyaloraphidiales",NA,"Unclass_o__Hyaloraphidiales",NA,"ft_709"
"g__Golovinomyces","k__Fungi","p__Ascomycota","c__Leotiomycetes","o__Erysiphales","f__Erysiphaceae","g__Golovinomyces","plant_pathogen","ft_710"
"g__Circinella","k__Fungi","p__Mucoromycota","c__Mucoromycetes","o__Mucorales","f__Lichtheimiaceae","g__Circinella","soil_saprotroph","ft_711"
"g__Laccaria","k__Fungi","p__Basidiomycota","c__Agaricomycetes","o__Agaricales","f__Hydnangiaceae","g__Laccaria","ectomycorrhizal","ft_712"
"g__Xylomelasma","k__Fungi","p__Ascomycota","c__Sordariomycetes","o__Sordariomycetes_ord_Incertae_sedis","f__Sordariomycetes_fam_Incertae_sedis","g__Xylomelasma","wood_saprotroph","ft_713"
"g__Pseudorhizidium","k__Fungi","p__Chytridiomycota","c__Chytridiomycetes","o__Chytridiales","f__Chytridiales_fam_Incertae_sedis","g__Pseudorhizidium","pollen_saprotroph","ft_714"
"g__Piskurozyma","k__Fungi","p__Basidiomycota","c__Tremellomycetes","o__Filobasidiales","f__Piskurozymaceae","g__Piskurozyma","soil_saprotroph","ft_715"
"Unclass_f__Annulatascaceae","k__Fungi","p__Ascomycota","c__Sordariomycetes","o__Annulatascales","f__Annulatascaceae","Unclass_f__Annulatascaceae",NA,"ft_716"
"g__Comoclathris","k__Fungi","p__Ascomycota","c__Dothideomycetes","o__Pleosporales","f__Pleosporaceae","g__Comoclathris","wood_saprotroph","ft_717"
"Unclass_f__Gonapodyaceae","k__Fungi","p__Monoblepharomycota","c__Monoblepharidomycetes","o__Monoblepharidales","f__Gonapodyaceae","Unclass_f__Gonapodyaceae",NA,"ft_718"
"g__Scutellospora","k__Fungi","p__Glomeromycota","c__Glomeromycetes","o__Gigasporales","f__Scutellosporaceae","g__Scutellospora","arbuscular_mycorrhizal","ft_719"
"Unclass_f__Chionosphaeraceae","k__Fungi","p__Basidiomycota","c__Agaricostilbomycetes","o__Agaricostilbales","f__Chionosphaeraceae","Unclass_f__Chionosphaeraceae",NA,"ft_720"
"g__Byssomerulius","k__Fungi","p__Basidiomycota","c__Agaricomycetes","o__Polyporales","f__Irpicaceae","g__Byssomerulius","wood_saprotroph","ft_721"
"Unclass_f__Sporormiaceae","k__Fungi","p__Ascomycota","c__Dothideomycetes","o__Pleosporales","f__Sporormiaceae","Unclass_f__Sporormiaceae",NA,"ft_722"
"g__Erratomyces","k__Fungi","p__Basidiomycota","c__Exobasidiomycetes","o__Tilletiales","f__Tilletiaceae","g__Erratomyces","plant_pathogen","ft_723"
"g__Tetracladium_f__Calloriaceae","k__Fungi","p__Ascomycota","c__Leotiomycetes","o__Helotiales","f__Calloriaceae","g__Tetracladium_f__Calloriaceae",NA,"ft_724"
"g__Microthyrium","k__Fungi","p__Ascomycota","c__Dothideomycetes","o__Microthyriales","f__Microthyriaceae","g__Microthyrium","epiphyte","ft_725"
"g__Kazachstania","k__Fungi","p__Ascomycota","c__Saccharomycetes","o__Saccharomycetales","f__Saccharomycetaceae","g__Kazachstania","nectar/tap_saprotroph","ft_726"
"g__Colacogloea","k__Fungi","p__Basidiomycota","c__Microbotryomycetes","o__Microbotryomycetes_ord_Incertae_sedis","f__Colacogloeaceae","g__Colacogloea","mycoparasite","ft_727"
"g__Sarocladium","k__Fungi","p__Ascomycota","c__Sordariomycetes","o__Hypocreales","f__Hypocreales_fam_Incertae_sedis","g__Sarocladium","plant_pathogen","ft_728"
"Unclass_o__Mycosphaerellales","k__Fungi","p__Ascomycota","c__Dothideomycetes","o__Mycosphaerellales",NA,"Unclass_o__Mycosphaerellales",NA,"ft_729"
"g__Helotium","k__Fungi","p__Ascomycota","c__Leotiomycetes","o__Helotiales","f__Helotiaceae","g__Helotium","","ft_730"
"g__Kwoniella","k__Fungi","p__Basidiomycota","c__Tremellomycetes","o__Tremellales","f__Cryptococcaceae","g__Kwoniella","unspecified_saprotroph","ft_731"
"Unclass_c__Cystobasidiomycetes","k__Fungi","p__Basidiomycota","c__Cystobasidiomycetes",NA,NA,"Unclass_c__Cystobasidiomycetes",NA,"ft_732"
"Unclass_f__Trichomeriaceae","k__Fungi","p__Ascomycota","c__Eurotiomycetes","o__Chaetothyriales","f__Trichomeriaceae","Unclass_f__Trichomeriaceae",NA,"ft_733"
"g__Cytosporella","k__Fungi","p__Ascomycota","c__Pezizomycotina_cls_Incertae_sedis","o__Pezizomycotina_ord_Incertae_sedis","f__Pezizomycotina_fam_Incertae_sedis","g__Cytosporella","wood_saprotroph","ft_734"
"g__Hysterium","k__Fungi","p__Ascomycota","c__Dothideomycetes","o__Hysteriales","f__Hysteriaceae","g__Hysterium","wood_saprotroph","ft_735"
"Unclass_o__Rhizophydiales","k__Fungi","p__Chytridiomycota","c__Rhizophydiomycetes","o__Rhizophydiales",NA,"Unclass_o__Rhizophydiales",NA,"ft_736"
