"","Kingdom","Phylum","Class","Order","Family","Genus","Species","combined_traits","Unique_Node_Name"
"Unclass_f__Gemmatimonadaceae","k__Bacteria","p__Gemmatimonadota","c__Gemmatimonadetes","o__Gemmatimonadales","f__Gemmatimonadaceae","Unclass_f__Gemmatimonadaceae",NA,NA,"Unclass_f__Gemmatimonadaceae"
"g__Bradyrhizobium","k__Bacteria","p__Proteobacteria","c__Alphaproteobacteria","o__Rhizobiales","f__Xanthobacteraceae","g__Bradyrhizobium",NA,NA,"g__Bradyrhizobium"
"g__Arthrobacter","k__Bacteria","p__Actinobacteriota","c__Actinobacteria","o__Micrococcales","f__Micrococcaceae","g__Arthrobacter",NA,NA,"g__Arthrobacter"
"Unclass_o__Gaiellales","k__Bacteria","p__Actinobacteriota","c__Thermoleophilia","o__Gaiellales","f__","Unclass_o__Gaiellales",NA,NA,"Unclass_o__Gaiellales"
"Unclass_o__Subgroup 2","k__Bacteria","p__Acidobacteriota","c__Acidobacteriae","o__Subgroup 2","f__","Unclass_o__Subgroup 2",NA,NA,"Unclass_o__Subgroup 2"
"g__JG30a-KF-32","k__Bacteria","p__Chloroflexi","c__Ktedonobacteria","o__Ktedonobacterales","f__Ktedonobacteraceae","g__JG30a-KF-32",NA,NA,"g__JG30a-KF-32"
"g__Candidatus Udaeobacter","k__Bacteria","p__Verrucomicrobiota","c__Verrucomicrobiae","o__Chthoniobacterales","f__Chthoniobacteraceae","g__Candidatus Udaeobacter",NA,NA,"g__Candidatus Udaeobacter"
"g__GOUTA6","k__Bacteria","p__Proteobacteria","c__Gammaproteobacteria","o__Burkholderiales","f__Nitrosomonadaceae","g__GOUTA6",NA,NA,"g__GOUTA6"
"Unclass_c__KD4-96","k__Bacteria","p__Chloroflexi","c__KD4-96","o__","f__","Unclass_c__KD4-96",NA,NA,"Unclass_c__KD4-96"
"g__Adhaeribacter","k__Bacteria","p__Bacteroidota","c__Bacteroidia","o__Cytophagales","f__Hymenobacteraceae","g__Adhaeribacter",NA,NA,"g__Adhaeribacter"
"Unclass_k__Bacteria","k__Bacteria","p__","c__","o__","f__","Unclass_k__Bacteria",NA,NA,"Unclass_k__Bacteria"
"g__Bacillus","k__Bacteria","p__Firmicutes","c__Bacilli","o__Bacillales","f__Bacillaceae","g__Bacillus",NA,NA,"g__Bacillus"
"Unclass_f__67-14","k__Bacteria","p__Actinobacteriota","c__Thermoleophilia","o__Solirubrobacterales","f__67-14","Unclass_f__67-14",NA,NA,"Unclass_f__67-14"
"g__Staphylococcus","k__Bacteria","p__Firmicutes","c__Bacilli","o__Staphylococcales","f__Staphylococcaceae","g__Staphylococcus",NA,NA,"g__Staphylococcus"
"Unclass_f__Xanthobacteraceae","k__Bacteria","p__Proteobacteria","c__Alphaproteobacteria","o__Rhizobiales","f__Xanthobacteraceae","Unclass_f__Xanthobacteraceae",NA,NA,"Unclass_f__Xanthobacteraceae"
"g__Blastococcus","k__Bacteria","p__Actinobacteriota","c__Actinobacteria","o__Frankiales","f__Geodermatophilaceae","g__Blastococcus",NA,NA,"g__Blastococcus"
"g__Massilia","k__Bacteria","p__Proteobacteria","c__Gammaproteobacteria","o__Burkholderiales","f__Oxalobacteraceae","g__Massilia",NA,NA,"g__Massilia"
"Unclass_o__Vicinamibacterales","k__Bacteria","p__Acidobacteriota","c__Vicinamibacteria","o__Vicinamibacterales","f__","Unclass_o__Vicinamibacterales",NA,NA,"Unclass_o__Vicinamibacterales"
"g__Limosilactobacillus","k__Bacteria","p__Firmicutes","c__Bacilli","o__Lactobacillales","f__Lactobacillaceae","g__Limosilactobacillus",NA,NA,"g__Limosilactobacillus"
"g__Acidothermus","k__Bacteria","p__Actinobacteriota","c__Actinobacteria","o__Frankiales","f__Acidothermaceae","g__Acidothermus",NA,NA,"g__Acidothermus"
"Unclass_p__Desulfobacterota","k__Bacteria","p__Desulfobacterota","c__","o__","f__","Unclass_p__Desulfobacterota",NA,NA,"Unclass_p__Desulfobacterota"
"g__ADurb.Bin118","k__Bacteria","p__Verrucomicrobiota","c__Verrucomicrobiae","o__Pedosphaerales","f__Pedosphaeraceae","g__ADurb.Bin118",NA,NA,"g__ADurb.Bin118"
"g__Noviherbaspirillum","k__Bacteria","p__Proteobacteria","c__Gammaproteobacteria","o__Burkholderiales","f__Oxalobacteraceae","g__Noviherbaspirillum",NA,NA,"g__Noviherbaspirillum"
"g__Conexibacter","k__Bacteria","p__Actinobacteriota","c__Thermoleophilia","o__Solirubrobacterales","f__Solirubrobacteraceae","g__Conexibacter",NA,NA,"g__Conexibacter"
"g__Listeria","k__Bacteria","p__Firmicutes","c__Bacilli","o__Lactobacillales","f__Listeriaceae","g__Listeria",NA,NA,"g__Listeria"
"g__Caenimonas","k__Bacteria","p__Proteobacteria","c__Gammaproteobacteria","o__Burkholderiales","f__Comamonadaceae","g__Caenimonas",NA,NA,"g__Caenimonas"
"g__Sphingomonas","k__Bacteria","p__Proteobacteria","c__Alphaproteobacteria","o__Sphingomonadales","f__Sphingomonadaceae","g__Sphingomonas",NA,NA,"g__Sphingomonas"
"g__Solirubrobacter","k__Bacteria","p__Actinobacteriota","c__Thermoleophilia","o__Solirubrobacterales","f__Solirubrobacteraceae","g__Solirubrobacter",NA,NA,"g__Solirubrobacter"
"Unclass_f__BIrii41","k__Bacteria","p__Myxococcota","c__Polyangia","o__Polyangiales","f__BIrii41","Unclass_f__BIrii41",NA,NA,"Unclass_f__BIrii41"
"g__Gaiella","k__Bacteria","p__Actinobacteriota","c__Thermoleophilia","o__Gaiellales","f__Gaiellaceae","g__Gaiella",NA,NA,"g__Gaiella"
"g__Bryobacter","k__Bacteria","p__Acidobacteriota","c__Acidobacteriae","o__Bryobacterales","f__Bryobacteraceae","g__Bryobacter",NA,NA,"g__Bryobacter"
"g__Escherichia-Shigella","k__Bacteria","p__Proteobacteria","c__Gammaproteobacteria","o__Enterobacterales","f__Enterobacteriaceae","g__Escherichia-Shigella",NA,NA,"g__Escherichia-Shigella"
"Unclass_c__Subgroup 5","k__Bacteria","p__Acidobacteriota","c__Subgroup 5","o__","f__","Unclass_c__Subgroup 5",NA,NA,"Unclass_c__Subgroup 5"
"g__RB41","k__Bacteria","p__Acidobacteriota","c__Blastocatellia","o__Pyrinomonadales","f__Pyrinomonadaceae","g__RB41",NA,NA,"g__RB41"
"Unclass_c__bacteriap25","k__Bacteria","p__Myxococcota","c__bacteriap25","o__","f__","Unclass_c__bacteriap25",NA,NA,"Unclass_c__bacteriap25"
"g__MND1","k__Bacteria","p__Proteobacteria","c__Gammaproteobacteria","o__Burkholderiales","f__Nitrosomonadaceae","g__MND1",NA,NA,"g__MND1"
"g__Candidatus Solibacter","k__Bacteria","p__Acidobacteriota","c__Acidobacteriae","o__Solibacterales","f__Solibacteraceae","g__Candidatus Solibacter",NA,NA,"g__Candidatus Solibacter"
"Unclass_o__Acidobacteriales","k__Bacteria","p__Acidobacteriota","c__Acidobacteriae","o__Acidobacteriales","f__","Unclass_o__Acidobacteriales",NA,NA,"Unclass_o__Acidobacteriales"
"Unclass_c__MB-A2-108","k__Bacteria","p__Actinobacteriota","c__MB-A2-108","o__","f__","Unclass_c__MB-A2-108",NA,NA,"Unclass_c__MB-A2-108"
"g__Catenulispora","k__Bacteria","p__Actinobacteriota","c__Actinobacteria","o__Catenulisporales","f__Catenulisporaceae","g__Catenulispora",NA,NA,"g__Catenulispora"
"g__Salmonella","k__Bacteria","p__Proteobacteria","c__Gammaproteobacteria","o__Enterobacterales","f__Enterobacteriaceae","g__Salmonella",NA,NA,"g__Salmonella"
"Unclass_c__Actinobacteria","k__Bacteria","p__Actinobacteriota","c__Actinobacteria","o__","f__","Unclass_c__Actinobacteria",NA,NA,"Unclass_c__Actinobacteria"
"g__Ellin6055","k__Bacteria","p__Proteobacteria","c__Alphaproteobacteria","o__Sphingomonadales","f__Sphingomonadaceae","g__Ellin6055",NA,NA,"g__Ellin6055"
"Unclass_c__Subgroup 18","k__Bacteria","p__Acidobacteriota","c__Subgroup 18","o__","f__","Unclass_c__Subgroup 18",NA,NA,"Unclass_c__Subgroup 18"
"g__Enterococcus","k__Bacteria","p__Firmicutes","c__Bacilli","o__Lactobacillales","f__Enterococcaceae","g__Enterococcus",NA,NA,"g__Enterococcus"
"g__Phaselicystis","k__Bacteria","p__Myxococcota","c__Polyangia","o__Polyangiales","f__Phaselicystidaceae","g__Phaselicystis",NA,NA,"g__Phaselicystis"
"Unclass_p__RCP2-54","k__Bacteria","p__RCP2-54","c__","o__","f__","Unclass_p__RCP2-54",NA,NA,"Unclass_p__RCP2-54"
"g__Pseudomonas","k__Bacteria","p__Proteobacteria","c__Gammaproteobacteria","o__Pseudomonadales","f__Pseudomonadaceae","g__Pseudomonas",NA,NA,"g__Pseudomonas"
"Unclass_o__Elsterales","k__Bacteria","p__Proteobacteria","c__Alphaproteobacteria","o__Elsterales","f__","Unclass_o__Elsterales",NA,NA,"Unclass_o__Elsterales"
"Unclass_c__AD3","k__Bacteria","p__Chloroflexi","c__AD3","o__","f__","Unclass_c__AD3",NA,NA,"Unclass_c__AD3"
"g__Nocardioides","k__Bacteria","p__Actinobacteriota","c__Actinobacteria","o__Propionibacteriales","f__Nocardioidaceae","g__Nocardioides",NA,NA,"g__Nocardioides"
"g__Ramlibacter","k__Bacteria","p__Proteobacteria","c__Gammaproteobacteria","o__Burkholderiales","f__Comamonadaceae","g__Ramlibacter",NA,NA,"g__Ramlibacter"
"Unclass_f__JG30-KF-CM45","k__Bacteria","p__Chloroflexi","c__Chloroflexia","o__Thermomicrobiales","f__JG30-KF-CM45","Unclass_f__JG30-KF-CM45",NA,NA,"Unclass_f__JG30-KF-CM45"
"g__Kribbella","k__Bacteria","p__Actinobacteriota","c__Actinobacteria","o__Propionibacteriales","f__Nocardioidaceae","g__Kribbella",NA,NA,"g__Kribbella"
"Unclass_o__Rokubacteriales","k__Bacteria","p__Methylomirabilota","c__Methylomirabilia","o__Rokubacteriales","f__","Unclass_o__Rokubacteriales",NA,NA,"Unclass_o__Rokubacteriales"
"g__Streptomyces","k__Bacteria","p__Actinobacteriota","c__Actinobacteria","o__Streptomycetales","f__Streptomycetaceae","g__Streptomyces",NA,NA,"g__Streptomyces"
"Unclass_f__Vicinamibacteraceae","k__Bacteria","p__Acidobacteriota","c__Vicinamibacteria","o__Vicinamibacterales","f__Vicinamibacteraceae","Unclass_f__Vicinamibacteraceae",NA,NA,"Unclass_f__Vicinamibacteraceae"
"g__Dongia","k__Bacteria","p__Proteobacteria","c__Alphaproteobacteria","o__Dongiales","f__Dongiaceae","g__Dongia",NA,NA,"g__Dongia"
"Unclass_f__Isosphaeraceae","k__Bacteria","p__Planctomycetota","c__Planctomycetes","o__Isosphaerales","f__Isosphaeraceae","Unclass_f__Isosphaeraceae",NA,NA,"Unclass_f__Isosphaeraceae"
"g__Singulisphaera","k__Bacteria","p__Planctomycetota","c__Planctomycetes","o__Isosphaerales","f__Isosphaeraceae","g__Singulisphaera",NA,NA,"g__Singulisphaera"
"g__Promicromonospora","k__Bacteria","p__Actinobacteriota","c__Actinobacteria","o__Micrococcales","f__Promicromonosporaceae","g__Promicromonospora",NA,NA,"g__Promicromonospora"
"g__Anaeromyxobacter","k__Bacteria","p__Myxococcota","c__Myxococcia","o__Myxococcales","f__Anaeromyxobacteraceae","g__Anaeromyxobacter",NA,NA,"g__Anaeromyxobacter"
"g__Devosia","k__Bacteria","p__Proteobacteria","c__Alphaproteobacteria","o__Rhizobiales","f__Devosiaceae","g__Devosia",NA,NA,"g__Devosia"
"Unclass_f__WD2101 soil group","k__Bacteria","p__Planctomycetota","c__Phycisphaerae","o__Tepidisphaerales","f__WD2101 soil group","Unclass_f__WD2101 soil group",NA,NA,"Unclass_f__WD2101 soil group"
"Unclass_o__IMCC26256","k__Bacteria","p__Actinobacteriota","c__Acidimicrobiia","o__IMCC26256","f__","Unclass_o__IMCC26256",NA,NA,"Unclass_o__IMCC26256"
"g__Jatrophihabitans","k__Bacteria","p__Actinobacteriota","c__Actinobacteria","o__Frankiales","f__Frankiaceae","g__Jatrophihabitans",NA,NA,"g__Jatrophihabitans"
"g__Arenimonas","k__Bacteria","p__Proteobacteria","c__Gammaproteobacteria","o__Xanthomonadales","f__Xanthomonadaceae","g__Arenimonas",NA,NA,"g__Arenimonas"
"g__Haliangium","k__Bacteria","p__Myxococcota","c__Polyangia","o__Haliangiales","f__Haliangiaceae","g__Haliangium",NA,NA,"g__Haliangium"
"Unclass_f__URHD0088","k__Bacteria","p__Proteobacteria","c__Alphaproteobacteria","o__Elsterales","f__URHD0088","Unclass_f__URHD0088",NA,NA,"Unclass_f__URHD0088"
"g__Nitrosospira","k__Bacteria","p__Proteobacteria","c__Gammaproteobacteria","o__Burkholderiales","f__Nitrosomonadaceae","g__Nitrosospira",NA,NA,"g__Nitrosospira"
"Unclass_f__Entotheonellaceae","k__Bacteria","p__Entotheonellaeota","c__Entotheonellia","o__Entotheonellales","f__Entotheonellaceae","Unclass_f__Entotheonellaceae",NA,NA,"Unclass_f__Entotheonellaceae"
"g__Acidicaldus","k__Bacteria","p__Proteobacteria","c__Alphaproteobacteria","o__Acetobacterales","f__Acetobacteraceae","g__Acidicaldus",NA,NA,"g__Acidicaldus"
"g__Acidibacter","k__Bacteria","p__Proteobacteria","c__Gammaproteobacteria","o__","f__","g__Acidibacter",NA,NA,"g__Acidibacter"
"g__Pedomicrobium","k__Bacteria","p__Proteobacteria","c__Alphaproteobacteria","o__Rhizobiales","f__Hyphomicrobiaceae","g__Pedomicrobium",NA,NA,"g__Pedomicrobium"
"g__Mucilaginibacter","k__Bacteria","p__Bacteroidota","c__Bacteroidia","o__Sphingobacteriales","f__Sphingobacteriaceae","g__Mucilaginibacter",NA,NA,"g__Mucilaginibacter"
"Unclass_f__SC-I-84","k__Bacteria","p__Proteobacteria","c__Gammaproteobacteria","o__Burkholderiales","f__SC-I-84","Unclass_f__SC-I-84",NA,NA,"Unclass_f__SC-I-84"
"Unclass_c__Alphaproteobacteria","k__Bacteria","p__Proteobacteria","c__Alphaproteobacteria","o__","f__","Unclass_c__Alphaproteobacteria",NA,NA,"Unclass_c__Alphaproteobacteria"
"g__ADurb.Bin063-1","k__Bacteria","p__Verrucomicrobiota","c__Verrucomicrobiae","o__Pedosphaerales","f__Pedosphaeraceae","g__ADurb.Bin063-1",NA,NA,"g__ADurb.Bin063-1"
"g__Rubrobacter","k__Bacteria","p__Actinobacteriota","c__Rubrobacteria","o__Rubrobacterales","f__Rubrobacteriaceae","g__Rubrobacter",NA,NA,"g__Rubrobacter"
"g__Actinoallomurus","k__Bacteria","p__Actinobacteriota","c__Actinobacteria","o__Streptosporangiales","f__Thermomonosporaceae","g__Actinoallomurus",NA,NA,"g__Actinoallomurus"
"g__Pseudaminobacter","k__Bacteria","p__Proteobacteria","c__Alphaproteobacteria","o__Rhizobiales","f__Rhizobiaceae","g__Pseudaminobacter",NA,NA,"g__Pseudaminobacter"
"g__Micromonospora","k__Bacteria","p__Actinobacteriota","c__Actinobacteria","o__Micromonosporales","f__Micromonosporaceae","g__Micromonospora",NA,NA,"g__Micromonospora"
"Unclass_f__Thermomonosporaceae","k__Bacteria","p__Actinobacteriota","c__Actinobacteria","o__Streptosporangiales","f__Thermomonosporaceae","Unclass_f__Thermomonosporaceae",NA,NA,"Unclass_f__Thermomonosporaceae"
"g__Pseudonocardia","k__Bacteria","p__Actinobacteriota","c__Actinobacteria","o__Pseudonocardiales","f__Pseudonocardiaceae","g__Pseudonocardia",NA,NA,"g__Pseudonocardia"
"g__Steroidobacter","k__Bacteria","p__Proteobacteria","c__Gammaproteobacteria","o__Steroidobacterales","f__Steroidobacteraceae","g__Steroidobacter",NA,NA,"g__Steroidobacter"
"Unclass_o__Subgroup 17","k__Bacteria","p__Acidobacteriota","c__Vicinamibacteria","o__Subgroup 17","f__","Unclass_o__Subgroup 17",NA,NA,"Unclass_o__Subgroup 17"
"Unclass_o__Frankiales","k__Bacteria","p__Actinobacteriota","c__Actinobacteria","o__Frankiales","f__","Unclass_o__Frankiales",NA,NA,"Unclass_o__Frankiales"
"Unclass_o__C0119","k__Bacteria","p__Chloroflexi","c__Ktedonobacteria","o__C0119","f__","Unclass_o__C0119",NA,NA,"Unclass_o__C0119"
"g__HSB OF53-F07","k__Bacteria","p__Chloroflexi","c__Ktedonobacteria","o__Ktedonobacterales","f__Ktedonobacteraceae","g__HSB OF53-F07",NA,NA,"g__HSB OF53-F07"
"Unclass_f__Micromonosporaceae","k__Bacteria","p__Actinobacteriota","c__Actinobacteria","o__Micromonosporales","f__Micromonosporaceae","Unclass_f__Micromonosporaceae",NA,NA,"Unclass_f__Micromonosporaceae"
"g__Flavobacterium","k__Bacteria","p__Bacteroidota","c__Bacteroidia","o__Flavobacteriales","f__Flavobacteriaceae","g__Flavobacterium",NA,NA,"g__Flavobacterium"
"g__Pedobacter","k__Bacteria","p__Bacteroidota","c__Bacteroidia","o__Sphingobacteriales","f__Sphingobacteriaceae","g__Pedobacter",NA,NA,"g__Pedobacter"
"g__Reyranella","k__Bacteria","p__Proteobacteria","c__Alphaproteobacteria","o__Reyranellales","f__Reyranellaceae","g__Reyranella",NA,NA,"g__Reyranella"
"g__Mesorhizobium","k__Bacteria","p__Proteobacteria","c__Alphaproteobacteria","o__Rhizobiales","f__Rhizobiaceae","g__Mesorhizobium",NA,NA,"g__Mesorhizobium"
"g__Janthinobacterium","k__Bacteria","p__Proteobacteria","c__Gammaproteobacteria","o__Burkholderiales","f__Oxalobacteraceae","g__Janthinobacterium",NA,NA,"g__Janthinobacterium"
"Unclass_o__Chloroplast","k__Bacteria","p__Cyanobacteria","c__Cyanobacteriia","o__Chloroplast","f__","Unclass_o__Chloroplast",NA,NA,"Unclass_o__Chloroplast"
"Unclass_f__Gemmataceae","k__Bacteria","p__Planctomycetota","c__Planctomycetes","o__Gemmatales","f__Gemmataceae","Unclass_f__Gemmataceae",NA,NA,"Unclass_f__Gemmataceae"
"Unclass_o__Subgroup 7","k__Bacteria","p__Acidobacteriota","c__Holophagae","o__Subgroup 7","f__","Unclass_o__Subgroup 7",NA,NA,"Unclass_o__Subgroup 7"
"Unclass_c__Acidimicrobiia","k__Bacteria","p__Actinobacteriota","c__Acidimicrobiia","o__","f__","Unclass_c__Acidimicrobiia",NA,NA,"Unclass_c__Acidimicrobiia"
"g__Dactylosporangium","k__Bacteria","p__Actinobacteriota","c__Actinobacteria","o__Micromonosporales","f__Micromonosporaceae","g__Dactylosporangium",NA,NA,"g__Dactylosporangium"
"g__Oxalicibacterium","k__Bacteria","p__Proteobacteria","c__Gammaproteobacteria","o__Burkholderiales","f__Oxalobacteraceae","g__Oxalicibacterium",NA,NA,"g__Oxalicibacterium"
"g__Allorhizobium-Neorhizobium-Pararhizobium-Rhizobium","k__Bacteria","p__Proteobacteria","c__Alphaproteobacteria","o__Rhizobiales","f__Rhizobiaceae","g__Allorhizobium-Neorhizobium-Pararhizobium-Rhizobium",NA,NA,"g__Allorhizobium-Neorhizobium-Pararhizobium-Rhizobium"
"g__Nakamurella","k__Bacteria","p__Actinobacteriota","c__Actinobacteria","o__Frankiales","f__Nakamurellaceae","g__Nakamurella",NA,NA,"g__Nakamurella"
"g__Piscinibacter","k__Bacteria","p__Proteobacteria","c__Gammaproteobacteria","o__Burkholderiales","f__Comamonadaceae","g__Piscinibacter",NA,NA,"g__Piscinibacter"
"g__Phenylobacterium","k__Bacteria","p__Proteobacteria","c__Alphaproteobacteria","o__Caulobacterales","f__Caulobacteraceae","g__Phenylobacterium",NA,NA,"g__Phenylobacterium"
"g__Ellin516","k__Bacteria","p__Verrucomicrobiota","c__Verrucomicrobiae","o__Pedosphaerales","f__Pedosphaeraceae","g__Ellin516",NA,NA,"g__Ellin516"
"g__Verrucosispora","k__Bacteria","p__Actinobacteriota","c__Actinobacteria","o__Micromonosporales","f__Micromonosporaceae","g__Verrucosispora",NA,NA,"g__Verrucosispora"
"g__Variovorax","k__Bacteria","p__Proteobacteria","c__Gammaproteobacteria","o__Burkholderiales","f__Comamonadaceae","g__Variovorax",NA,NA,"g__Variovorax"
"Unclass_f__Comamonadaceae","k__Bacteria","p__Proteobacteria","c__Gammaproteobacteria","o__Burkholderiales","f__Comamonadaceae","Unclass_f__Comamonadaceae",NA,NA,"Unclass_f__Comamonadaceae"
"g__Skermanella","k__Bacteria","p__Proteobacteria","c__Alphaproteobacteria","o__Azospirillales","f__Azospirillaceae","g__Skermanella",NA,NA,"g__Skermanella"
"g__Dyadobacter","k__Bacteria","p__Bacteroidota","c__Bacteroidia","o__Cytophagales","f__Spirosomaceae","g__Dyadobacter",NA,NA,"g__Dyadobacter"
"g__TM7a","k__Bacteria","p__Patescibacteria","c__Saccharimonadia","o__Saccharimonadales","f__Saccharimonadaceae","g__TM7a",NA,NA,"g__TM7a"
"g__Rhizobacter","k__Bacteria","p__Proteobacteria","c__Gammaproteobacteria","o__Burkholderiales","f__Comamonadaceae","g__Rhizobacter",NA,NA,"g__Rhizobacter"
"Unclass_f__TRA3-20","k__Bacteria","p__Proteobacteria","c__Gammaproteobacteria","o__Burkholderiales","f__TRA3-20","Unclass_f__TRA3-20",NA,NA,"Unclass_f__TRA3-20"
"g__Bauldia","k__Bacteria","p__Proteobacteria","c__Alphaproteobacteria","o__Rhizobiales","f__","g__Bauldia",NA,NA,"g__Bauldia"
"g__Nordella","k__Bacteria","p__Proteobacteria","c__Alphaproteobacteria","o__Rhizobiales","f__","g__Nordella",NA,NA,"g__Nordella"
"g__Puia","k__Bacteria","p__Bacteroidota","c__Bacteroidia","o__Chitinophagales","f__Chitinophagaceae","g__Puia",NA,NA,"g__Puia"
"g__Mycobacterium","k__Bacteria","p__Actinobacteriota","c__Actinobacteria","o__Corynebacteriales","f__Mycobacteriaceae","g__Mycobacterium",NA,NA,"g__Mycobacterium"
"g__Galbitalea","k__Bacteria","p__Actinobacteriota","c__Actinobacteria","o__Micrococcales","f__Microbacteriaceae","g__Galbitalea",NA,NA,"g__Galbitalea"
"g__Mycetocola","k__Bacteria","p__Actinobacteriota","c__Actinobacteria","o__Micrococcales","f__Microbacteriaceae","g__Mycetocola",NA,NA,"g__Mycetocola"
"Unclass_f__Oxalobacteraceae","k__Bacteria","p__Proteobacteria","c__Gammaproteobacteria","o__Burkholderiales","f__Oxalobacteraceae","Unclass_f__Oxalobacteraceae",NA,NA,"Unclass_f__Oxalobacteraceae"
"g__Amycolatopsis","k__Bacteria","p__Actinobacteriota","c__Actinobacteria","o__Pseudonocardiales","f__Pseudonocardiaceae","g__Amycolatopsis",NA,NA,"g__Amycolatopsis"
"Unclass_f__Microscillaceae","k__Bacteria","p__Bacteroidota","c__Bacteroidia","o__Cytophagales","f__Microscillaceae","Unclass_f__Microscillaceae",NA,NA,"Unclass_f__Microscillaceae"
"g__Paucibacter","k__Bacteria","p__Proteobacteria","c__Gammaproteobacteria","o__Burkholderiales","f__Comamonadaceae","g__Paucibacter",NA,NA,"g__Paucibacter"
"Unclass_c__TK10","k__Bacteria","p__Chloroflexi","c__TK10","o__","f__","Unclass_c__TK10",NA,NA,"Unclass_c__TK10"
"g__Sphaerotilus","k__Bacteria","p__Proteobacteria","c__Gammaproteobacteria","o__Burkholderiales","f__Comamonadaceae","g__Sphaerotilus",NA,NA,"g__Sphaerotilus"
"g__Rhodoplanes","k__Bacteria","p__Proteobacteria","c__Alphaproteobacteria","o__Rhizobiales","f__Xanthobacteraceae","g__Rhodoplanes",NA,NA,"g__Rhodoplanes"
"g__Comamonas","k__Bacteria","p__Proteobacteria","c__Gammaproteobacteria","o__Burkholderiales","f__Comamonadaceae","g__Comamonas",NA,NA,"g__Comamonas"
"Unclass_f__Solirubrobacteraceae","k__Bacteria","p__Actinobacteriota","c__Thermoleophilia","o__Solirubrobacterales","f__Solirubrobacteraceae","Unclass_f__Solirubrobacteraceae",NA,NA,"Unclass_f__Solirubrobacteraceae"
"g__Sphingopyxis","k__Bacteria","p__Proteobacteria","c__Alphaproteobacteria","o__Sphingomonadales","f__Sphingomonadaceae","g__Sphingopyxis",NA,NA,"g__Sphingopyxis"
"g__Aquisphaera","k__Bacteria","p__Planctomycetota","c__Planctomycetes","o__Isosphaerales","f__Isosphaeraceae","g__Aquisphaera",NA,NA,"g__Aquisphaera"
"g__Actinoplanes","k__Bacteria","p__Actinobacteriota","c__Actinobacteria","o__Micromonosporales","f__Micromonosporaceae","g__Actinoplanes",NA,NA,"g__Actinoplanes"
"Unclass_f__A21b","k__Bacteria","p__Proteobacteria","c__Gammaproteobacteria","o__Burkholderiales","f__A21b","Unclass_f__A21b",NA,NA,"Unclass_f__A21b"
"g__Prosthecobacter","k__Bacteria","p__Verrucomicrobiota","c__Verrucomicrobiae","o__Verrucomicrobiales","f__Verrucomicrobiaceae","g__Prosthecobacter",NA,NA,"g__Prosthecobacter"
"g__Archangium","k__Bacteria","p__Myxococcota","c__Myxococcia","o__Myxococcales","f__Myxococcaceae","g__Archangium",NA,NA,"g__Archangium"
"Unclass_f__Nitrososphaeraceae","k__Archaea","p__Crenarchaeota","c__Nitrososphaeria","o__Nitrososphaerales","f__Nitrososphaeraceae","Unclass_f__Nitrososphaeraceae",NA,NA,"Unclass_f__Nitrososphaeraceae"
"g__Ellin517","k__Bacteria","p__Verrucomicrobiota","c__Verrucomicrobiae","o__Pedosphaerales","f__Pedosphaeraceae","g__Ellin517",NA,NA,"g__Ellin517"
"Unclass_p__Latescibacterota","k__Bacteria","p__Latescibacterota","c__","o__","f__","Unclass_p__Latescibacterota",NA,NA,"Unclass_p__Latescibacterota"
"Unclass_p__Actinobacteriota","k__Bacteria","p__Actinobacteriota","c__","o__","f__","Unclass_p__Actinobacteriota",NA,NA,"Unclass_p__Actinobacteriota"
"Unclass_o__MSB-4B10","k__Bacteria","p__Myxococcota","c__Polyangia","o__MSB-4B10","f__","Unclass_o__MSB-4B10",NA,NA,"Unclass_o__MSB-4B10"
"Unclass_o__Blfdi19","k__Bacteria","p__Myxococcota","c__Polyangia","o__Blfdi19","f__","Unclass_o__Blfdi19",NA,NA,"Unclass_o__Blfdi19"
"g__Burkholderia-Caballeronia-Paraburkholderia","k__Bacteria","p__Proteobacteria","c__Gammaproteobacteria","o__Burkholderiales","f__Burkholderiaceae","g__Burkholderia-Caballeronia-Paraburkholderia",NA,NA,"g__Burkholderia-Caballeronia-Paraburkholderia"
"Unclass_o__Rhizobiales","k__Bacteria","p__Proteobacteria","c__Alphaproteobacteria","o__Rhizobiales","f__","Unclass_o__Rhizobiales",NA,NA,"Unclass_o__Rhizobiales"
"g__Microvirga","k__Bacteria","p__Proteobacteria","c__Alphaproteobacteria","o__Rhizobiales","f__Beijerinckiaceae","g__Microvirga",NA,NA,"g__Microvirga"
"Unclass_f__Sporichthyaceae","k__Bacteria","p__Actinobacteriota","c__Actinobacteria","o__Frankiales","f__Sporichthyaceae","Unclass_f__Sporichthyaceae",NA,NA,"Unclass_f__Sporichthyaceae"
"g__Lautropia","k__Bacteria","p__Proteobacteria","c__Gammaproteobacteria","o__Burkholderiales","f__Burkholderiaceae","g__Lautropia",NA,NA,"g__Lautropia"
"Unclass_o__11-24","k__Bacteria","p__Acidobacteriota","c__Blastocatellia","o__11-24","f__","Unclass_o__11-24",NA,NA,"Unclass_o__11-24"
"Unclass_c__Chloroflexia","k__Bacteria","p__Chloroflexi","c__Chloroflexia","o__","f__","Unclass_c__Chloroflexia",NA,NA,"Unclass_c__Chloroflexia"
"Unclass_o__Microtrichales","k__Bacteria","p__Actinobacteriota","c__Acidimicrobiia","o__Microtrichales","f__","Unclass_o__Microtrichales",NA,NA,"Unclass_o__Microtrichales"
"Unclass_f__Acidobacteriaceae (Subgroup 1)","k__Bacteria","p__Acidobacteriota","c__Acidobacteriae","o__Acidobacteriales","f__Acidobacteriaceae (Subgroup 1)","Unclass_f__Acidobacteriaceae (Subgroup 1)",NA,NA,"Unclass_f__Acidobacteriaceae (Subgroup 1)"
"Unclass_f__KF-JG30-B3","k__Bacteria","p__Proteobacteria","c__Alphaproteobacteria","o__Rhizobiales","f__KF-JG30-B3","Unclass_f__KF-JG30-B3",NA,NA,"Unclass_f__KF-JG30-B3"
"Unclass_f__Pedosphaeraceae","k__Bacteria","p__Verrucomicrobiota","c__Verrucomicrobiae","o__Pedosphaerales","f__Pedosphaeraceae","Unclass_f__Pedosphaeraceae",NA,NA,"Unclass_f__Pedosphaeraceae"
"g__Caulobacter","k__Bacteria","p__Proteobacteria","c__Alphaproteobacteria","o__Caulobacterales","f__Caulobacteraceae","g__Caulobacter",NA,NA,"g__Caulobacter"
"g__Psychroglaciecola","k__Bacteria","p__Proteobacteria","c__Alphaproteobacteria","o__Rhizobiales","f__Beijerinckiaceae","g__Psychroglaciecola",NA,NA,"g__Psychroglaciecola"
"g__Candidatus Brownia","k__Bacteria","p__Bacteroidota","c__Bacteroidia","o__Flavobacteriales","f__Blattabacteriaceae","g__Candidatus Brownia",NA,NA,"g__Candidatus Brownia"
"g__Cellvibrio","k__Bacteria","p__Proteobacteria","c__Gammaproteobacteria","o__Pseudomonadales","f__Cellvibrionaceae","g__Cellvibrio",NA,NA,"g__Cellvibrio"
"Unclass_f__YM_S32_TM7_50_20","k__Bacteria","p__Patescibacteria","c__Saccharimonadia","o__Saccharimonadales","f__YM_S32_TM7_50_20","Unclass_f__YM_S32_TM7_50_20",NA,NA,"Unclass_f__YM_S32_TM7_50_20"
"g__Gemmatimonas","k__Bacteria","p__Gemmatimonadota","c__Gemmatimonadetes","o__Gemmatimonadales","f__Gemmatimonadaceae","g__Gemmatimonas",NA,NA,"g__Gemmatimonas"
"Unclass_o__SBR1031","k__Bacteria","p__Chloroflexi","c__Anaerolineae","o__SBR1031","f__","Unclass_o__SBR1031",NA,NA,"Unclass_o__SBR1031"
"Unclass_o__Saccharimonadales","k__Bacteria","p__Patescibacteria","c__Saccharimonadia","o__Saccharimonadales","f__","Unclass_o__Saccharimonadales",NA,NA,"Unclass_o__Saccharimonadales"
"g__Pirellula","k__Bacteria","p__Planctomycetota","c__Planctomycetes","o__Pirellulales","f__Pirellulaceae","g__Pirellula",NA,NA,"g__Pirellula"
"g__Candidatus Koribacter","k__Bacteria","p__Acidobacteriota","c__Acidobacteriae","o__Acidobacteriales","f__Koribacteraceae","g__Candidatus Koribacter",NA,NA,"g__Candidatus Koribacter"
"Unclass_c__Thermoleophilia","k__Bacteria","p__Actinobacteriota","c__Thermoleophilia","o__","f__","Unclass_c__Thermoleophilia",NA,NA,"Unclass_c__Thermoleophilia"
"g__Actinophytocola","k__Bacteria","p__Actinobacteriota","c__Actinobacteria","o__Pseudonocardiales","f__Pseudonocardiaceae","g__Actinophytocola",NA,NA,"g__Actinophytocola"
"g__Cellulomonas","k__Bacteria","p__Actinobacteriota","c__Actinobacteria","o__Micrococcales","f__Cellulomonadaceae","g__Cellulomonas",NA,NA,"g__Cellulomonas"
"Unclass_f__Caulobacteraceae","k__Bacteria","p__Proteobacteria","c__Alphaproteobacteria","o__Caulobacterales","f__Caulobacteraceae","Unclass_f__Caulobacteraceae",NA,NA,"Unclass_f__Caulobacteraceae"
"g__Actinomadura","k__Bacteria","p__Actinobacteriota","c__Actinobacteria","o__Streptosporangiales","f__Thermomonosporaceae","g__Actinomadura",NA,NA,"g__Actinomadura"
"g__Nonomuraea","k__Bacteria","p__Actinobacteriota","c__Actinobacteria","o__Streptosporangiales","f__Streptosporangiaceae","g__Nonomuraea",NA,NA,"g__Nonomuraea"
"g__Opitutus","k__Bacteria","p__Verrucomicrobiota","c__Verrucomicrobiae","o__Opitutales","f__Opitutaceae","g__Opitutus",NA,NA,"g__Opitutus"
"Unclass_f__Micropepsaceae","k__Bacteria","p__Proteobacteria","c__Alphaproteobacteria","o__Micropepsales","f__Micropepsaceae","Unclass_f__Micropepsaceae",NA,NA,"Unclass_f__Micropepsaceae"
"Unclass_f__Sandaracinaceae","k__Bacteria","p__Myxococcota","c__Polyangia","o__Polyangiales","f__Sandaracinaceae","Unclass_f__Sandaracinaceae",NA,NA,"Unclass_f__Sandaracinaceae"
"Unclass_o__Methanomassiliicoccales","k__Archaea","p__Thermoplasmatota","c__Thermoplasmata","o__Methanomassiliicoccales","f__","Unclass_o__Methanomassiliicoccales",NA,NA,"Unclass_o__Methanomassiliicoccales"
"g__1959-1","k__Bacteria","p__Chloroflexi","c__Ktedonobacteria","o__Ktedonobacterales","f__Ktedonobacteraceae","g__1959-1",NA,NA,"g__1959-1"
"g__Afipia","k__Bacteria","p__Proteobacteria","c__Alphaproteobacteria","o__Rhizobiales","f__Xanthobacteraceae","g__Afipia",NA,NA,"g__Afipia"
"g__IS-44","k__Bacteria","p__Proteobacteria","c__Gammaproteobacteria","o__Burkholderiales","f__Nitrosomonadaceae","g__IS-44",NA,NA,"g__IS-44"
"Unclass_f__Methyloligellaceae","k__Bacteria","p__Proteobacteria","c__Alphaproteobacteria","o__Rhizobiales","f__Methyloligellaceae","Unclass_f__Methyloligellaceae",NA,NA,"Unclass_f__Methyloligellaceae"
"Unclass_f__env.OPS 17","k__Bacteria","p__Bacteroidota","c__Bacteroidia","o__Sphingobacteriales","f__env.OPS 17","Unclass_f__env.OPS 17",NA,NA,"Unclass_f__env.OPS 17"
"Unclass_f__B1-7BS","k__Bacteria","p__Proteobacteria","c__Gammaproteobacteria","o__Burkholderiales","f__B1-7BS","Unclass_f__B1-7BS",NA,NA,"Unclass_f__B1-7BS"
"g__Parviterribacter","k__Bacteria","p__Actinobacteriota","c__Thermoleophilia","o__Solirubrobacterales","f__Solirubrobacteraceae","g__Parviterribacter",NA,NA,"g__Parviterribacter"
"Unclass_f__Nitrosococcaceae","k__Bacteria","p__Proteobacteria","c__Gammaproteobacteria","o__Nitrosococcales","f__Nitrosococcaceae","Unclass_f__Nitrosococcaceae",NA,NA,"Unclass_f__Nitrosococcaceae"
"Unclass_o__Rhodospirillales","k__Bacteria","p__Proteobacteria","c__Alphaproteobacteria","o__Rhodospirillales","f__","Unclass_o__Rhodospirillales",NA,NA,"Unclass_o__Rhodospirillales"
"g__Chthoniobacter","k__Bacteria","p__Verrucomicrobiota","c__Verrucomicrobiae","o__Chthoniobacterales","f__Chthoniobacteraceae","g__Chthoniobacter",NA,NA,"g__Chthoniobacter"
"g__Flavitalea","k__Bacteria","p__Bacteroidota","c__Bacteroidia","o__Chitinophagales","f__Chitinophagaceae","g__Flavitalea",NA,NA,"g__Flavitalea"
"Unclass_f__Rhodospirillaceae","k__Bacteria","p__Proteobacteria","c__Alphaproteobacteria","o__Rhodospirillales","f__Rhodospirillaceae","Unclass_f__Rhodospirillaceae",NA,NA,"Unclass_f__Rhodospirillaceae"
"Unclass_p__Armatimonadota","k__Bacteria","p__Armatimonadota","c__","o__","f__","Unclass_p__Armatimonadota",NA,NA,"Unclass_p__Armatimonadota"
"Unclass_o__WD260","k__Bacteria","p__Proteobacteria","c__Gammaproteobacteria","o__WD260","f__","Unclass_o__WD260",NA,NA,"Unclass_o__WD260"
"Unclass_o__Solirubrobacterales","k__Bacteria","p__Actinobacteriota","c__Thermoleophilia","o__Solirubrobacterales","f__","Unclass_o__Solirubrobacterales",NA,NA,"Unclass_o__Solirubrobacterales"
"Unclass_o__Subgroup 13","k__Bacteria","p__Acidobacteriota","c__Acidobacteriae","o__Subgroup 13","f__","Unclass_o__Subgroup 13",NA,NA,"Unclass_o__Subgroup 13"
"Unclass_o__KF-JG30-C25","k__Bacteria","p__Proteobacteria","c__Gammaproteobacteria","o__KF-JG30-C25","f__","Unclass_o__KF-JG30-C25",NA,NA,"Unclass_o__KF-JG30-C25"
"Unclass_o__Planctomycetales","k__Bacteria","p__Planctomycetota","c__Planctomycetes","o__Planctomycetales","f__","Unclass_o__Planctomycetales",NA,NA,"Unclass_o__Planctomycetales"
"g__Arsenicitalea","k__Bacteria","p__Proteobacteria","c__Alphaproteobacteria","o__Rhizobiales","f__Devosiaceae","g__Arsenicitalea",NA,NA,"g__Arsenicitalea"
"g__1921-3","k__Bacteria","p__Chloroflexi","c__Ktedonobacteria","o__Ktedonobacterales","f__Ktedonobacteraceae","g__1921-3",NA,NA,"g__1921-3"
"g__Occallatibacter","k__Bacteria","p__Acidobacteriota","c__Acidobacteriae","o__Acidobacteriales","f__Acidobacteriaceae (Subgroup 1)","g__Occallatibacter",NA,NA,"g__Occallatibacter"
"g__Arcticibacter","k__Bacteria","p__Bacteroidota","c__Bacteroidia","o__Sphingobacteriales","f__Sphingobacteriaceae","g__Arcticibacter",NA,NA,"g__Arcticibacter"
"g__Acidovorax","k__Bacteria","p__Proteobacteria","c__Gammaproteobacteria","o__Burkholderiales","f__Comamonadaceae","g__Acidovorax",NA,NA,"g__Acidovorax"
"g__Sphingobium","k__Bacteria","p__Proteobacteria","c__Alphaproteobacteria","o__Sphingomonadales","f__Sphingomonadaceae","g__Sphingobium",NA,NA,"g__Sphingobium"
"g__JCM 18997","k__Bacteria","p__Actinobacteriota","c__Thermoleophilia","o__Solirubrobacterales","f__Solirubrobacteraceae","g__JCM 18997",NA,NA,"g__JCM 18997"
"g__Luteolibacter","k__Bacteria","p__Verrucomicrobiota","c__Verrucomicrobiae","o__Verrucomicrobiales","f__Rubritaleaceae","g__Luteolibacter",NA,NA,"g__Luteolibacter"
"g__Ellin6067","k__Bacteria","p__Proteobacteria","c__Gammaproteobacteria","o__Burkholderiales","f__Nitrosomonadaceae","g__Ellin6067",NA,NA,"g__Ellin6067"
"g__Lechevalieria","k__Bacteria","p__Actinobacteriota","c__Actinobacteria","o__Pseudonocardiales","f__Pseudonocardiaceae","g__Lechevalieria",NA,NA,"g__Lechevalieria"
"Unclass_f__Pseudonocardiaceae","k__Bacteria","p__Actinobacteriota","c__Actinobacteria","o__Pseudonocardiales","f__Pseudonocardiaceae","Unclass_f__Pseudonocardiaceae",NA,NA,"Unclass_f__Pseudonocardiaceae"
"Unclass_f__D05-2","k__Bacteria","p__Proteobacteria","c__Alphaproteobacteria","o__Rhizobiales","f__D05-2","Unclass_f__D05-2",NA,NA,"Unclass_f__D05-2"
"Unclass_f__WX65","k__Bacteria","p__Methylomirabilota","c__Methylomirabilia","o__Rokubacteriales","f__WX65","Unclass_f__WX65",NA,NA,"Unclass_f__WX65"
"Unclass_f__Chitinophagaceae","k__Bacteria","p__Bacteroidota","c__Bacteroidia","o__Chitinophagales","f__Chitinophagaceae","Unclass_f__Chitinophagaceae",NA,NA,"Unclass_f__Chitinophagaceae"
"g__Corallococcus","k__Bacteria","p__Myxococcota","c__Myxococcia","o__Myxococcales","f__Myxococcaceae","g__Corallococcus",NA,NA,"g__Corallococcus"
"g__Granulicella","k__Bacteria","p__Acidobacteriota","c__Acidobacteriae","o__Acidobacteriales","f__Acidobacteriaceae (Subgroup 1)","g__Granulicella",NA,NA,"g__Granulicella"
"Unclass_c__Gammaproteobacteria","k__Bacteria","p__Proteobacteria","c__Gammaproteobacteria","o__","f__","Unclass_c__Gammaproteobacteria",NA,NA,"Unclass_c__Gammaproteobacteria"
"g__OLB12","k__Bacteria","p__Bacteroidota","c__Bacteroidia","o__Cytophagales","f__Microscillaceae","g__OLB12",NA,NA,"g__OLB12"
"g__Lacunisphaera","k__Bacteria","p__Verrucomicrobiota","c__Verrucomicrobiae","o__Opitutales","f__Opitutaceae","g__Lacunisphaera",NA,NA,"g__Lacunisphaera"
"g__Rhodanobacter","k__Bacteria","p__Proteobacteria","c__Gammaproteobacteria","o__Xanthomonadales","f__Rhodanobacteraceae","g__Rhodanobacter",NA,NA,"g__Rhodanobacter"
"Unclass_f__Beijerinckiaceae","k__Bacteria","p__Proteobacteria","c__Alphaproteobacteria","o__Rhizobiales","f__Beijerinckiaceae","Unclass_f__Beijerinckiaceae",NA,NA,"Unclass_f__Beijerinckiaceae"
"g__Nitrospira","k__Bacteria","p__Nitrospirota","c__Nitrospiria","o__Nitrospirales","f__Nitrospiraceae","g__Nitrospira",NA,NA,"g__Nitrospira"
"g__Microlunatus","k__Bacteria","p__Actinobacteriota","c__Actinobacteria","o__Propionibacteriales","f__Propionibacteriaceae","g__Microlunatus",NA,NA,"g__Microlunatus"
"g__Diplosphaera","k__Bacteria","p__Verrucomicrobiota","c__Verrucomicrobiae","o__Opitutales","f__Opitutaceae","g__Diplosphaera",NA,NA,"g__Diplosphaera"
"Unclass_c__Gitt-GS-136","k__Bacteria","p__Chloroflexi","c__Gitt-GS-136","o__","f__","Unclass_c__Gitt-GS-136",NA,NA,"Unclass_c__Gitt-GS-136"
"g__Pseudoxanthomonas","k__Bacteria","p__Proteobacteria","c__Gammaproteobacteria","o__Xanthomonadales","f__Xanthomonadaceae","g__Pseudoxanthomonas",NA,NA,"g__Pseudoxanthomonas"
"Unclass_f__Microbacteriaceae","k__Bacteria","p__Actinobacteriota","c__Actinobacteria","o__Micrococcales","f__Microbacteriaceae","Unclass_f__Microbacteriaceae",NA,NA,"Unclass_f__Microbacteriaceae"
"Unclass_f__KD3-93","k__Bacteria","p__Bacteroidota","c__Bacteroidia","o__Sphingobacteriales","f__KD3-93","Unclass_f__KD3-93",NA,NA,"Unclass_f__KD3-93"
"g__Luedemannella","k__Bacteria","p__Actinobacteriota","c__Actinobacteria","o__Micromonosporales","f__Micromonosporaceae","g__Luedemannella",NA,NA,"g__Luedemannella"
"g__possible genus 04","k__Bacteria","p__Fibrobacterota","c__Fibrobacteria","o__Fibrobacterales","f__Fibrobacteraceae","g__possible genus 04",NA,NA,"g__possible genus 04"
"g__Bosea","k__Bacteria","p__Proteobacteria","c__Alphaproteobacteria","o__Rhizobiales","f__Beijerinckiaceae","g__Bosea",NA,NA,"g__Bosea"
"g__Novosphingobium","k__Bacteria","p__Proteobacteria","c__Alphaproteobacteria","o__Sphingomonadales","f__Sphingomonadaceae","g__Novosphingobium",NA,NA,"g__Novosphingobium"
"Unclass_p__Chloroflexi","k__Bacteria","p__Chloroflexi","c__","o__","f__","Unclass_p__Chloroflexi",NA,NA,"Unclass_p__Chloroflexi"
"Unclass_o__0319-7L14","k__Bacteria","p__Actinobacteriota","c__Actinobacteria","o__0319-7L14","f__","Unclass_o__0319-7L14",NA,NA,"Unclass_o__0319-7L14"
"Unclass_f__Acetobacteraceae","k__Bacteria","p__Proteobacteria","c__Alphaproteobacteria","o__Acetobacterales","f__Acetobacteraceae","Unclass_f__Acetobacteraceae",NA,NA,"Unclass_f__Acetobacteraceae"
"g__Candidatus Nostocoida","k__Bacteria","p__Planctomycetota","c__Planctomycetes","o__Isosphaerales","f__Isosphaeraceae","g__Candidatus Nostocoida",NA,NA,"g__Candidatus Nostocoida"
"g__Xylophilus","k__Bacteria","p__Proteobacteria","c__Gammaproteobacteria","o__Burkholderiales","f__Comamonadaceae","g__Xylophilus",NA,NA,"g__Xylophilus"
"g__mle1-7","k__Bacteria","p__Proteobacteria","c__Gammaproteobacteria","o__Burkholderiales","f__Nitrosomonadaceae","g__mle1-7",NA,NA,"g__mle1-7"
"g__Sphaerisporangium","k__Bacteria","p__Actinobacteriota","c__Actinobacteria","o__Streptosporangiales","f__Streptosporangiaceae","g__Sphaerisporangium",NA,NA,"g__Sphaerisporangium"
"g__Brevundimonas","k__Bacteria","p__Proteobacteria","c__Alphaproteobacteria","o__Caulobacterales","f__Caulobacteraceae","g__Brevundimonas",NA,NA,"g__Brevundimonas"
"g__OM27 clade","k__Bacteria","p__Bdellovibrionota","c__Bdellovibrionia","o__Bdellovibrionales","f__Bdellovibrionaceae","g__OM27 clade",NA,NA,"g__OM27 clade"
"Unclass_f__Elsteraceae","k__Bacteria","p__Proteobacteria","c__Alphaproteobacteria","o__Elsterales","f__Elsteraceae","Unclass_f__Elsteraceae",NA,NA,"Unclass_f__Elsteraceae"
"g__Phyllobacterium","k__Bacteria","p__Proteobacteria","c__Alphaproteobacteria","o__Rhizobiales","f__Rhizobiaceae","g__Phyllobacterium",NA,NA,"g__Phyllobacterium"
"g__Azotobacter","k__Bacteria","p__Proteobacteria","c__Gammaproteobacteria","o__Pseudomonadales","f__Pseudomonadaceae","g__Azotobacter",NA,NA,"g__Azotobacter"
"Unclass_f__A4b","k__Bacteria","p__Chloroflexi","c__Anaerolineae","o__SBR1031","f__A4b","Unclass_f__A4b",NA,NA,"Unclass_f__A4b"
"g__CL500-29 marine group","k__Bacteria","p__Actinobacteriota","c__Acidimicrobiia","o__Microtrichales","f__Ilumatobacteraceae","g__CL500-29 marine group",NA,NA,"g__CL500-29 marine group"
"Unclass_f__Roseiflexaceae","k__Bacteria","p__Chloroflexi","c__Chloroflexia","o__Chloroflexales","f__Roseiflexaceae","Unclass_f__Roseiflexaceae",NA,NA,"Unclass_f__Roseiflexaceae"
"g__Duganella","k__Bacteria","p__Proteobacteria","c__Gammaproteobacteria","o__Burkholderiales","f__Oxalobacteraceae","g__Duganella",NA,NA,"g__Duganella"
"g__OLB17","k__Bacteria","p__Acidobacteriota","c__Blastocatellia","o__Blastocatellales","f__Blastocatellaceae","g__OLB17",NA,NA,"g__OLB17"
"g__Planosporangium","k__Bacteria","p__Actinobacteriota","c__Actinobacteria","o__Micromonosporales","f__Micromonosporaceae","g__Planosporangium",NA,NA,"g__Planosporangium"
"g__Modestobacter","k__Bacteria","p__Actinobacteriota","c__Actinobacteria","o__Frankiales","f__Geodermatophilaceae","g__Modestobacter",NA,NA,"g__Modestobacter"
"Unclass_o__CCD24","k__Bacteria","p__Proteobacteria","c__Gammaproteobacteria","o__CCD24","f__","Unclass_o__CCD24",NA,NA,"Unclass_o__CCD24"
"g__FCPS473","k__Bacteria","p__Chloroflexi","c__Ktedonobacteria","o__Ktedonobacterales","f__Ktedonobacteraceae","g__FCPS473",NA,NA,"g__FCPS473"
"g__Altererythrobacter","k__Bacteria","p__Proteobacteria","c__Alphaproteobacteria","o__Sphingomonadales","f__Sphingomonadaceae","g__Altererythrobacter",NA,NA,"g__Altererythrobacter"
"g__Angustibacter","k__Bacteria","p__Actinobacteriota","c__Actinobacteria","o__Kineosporiales","f__Kineosporiaceae","g__Angustibacter",NA,NA,"g__Angustibacter"
"g__Flindersiella","k__Bacteria","p__Actinobacteriota","c__Actinobacteria","o__Propionibacteriales","f__Nocardioidaceae","g__Flindersiella",NA,NA,"g__Flindersiella"
"g__Ilumatobacter","k__Bacteria","p__Actinobacteriota","c__Acidimicrobiia","o__Microtrichales","f__Ilumatobacteraceae","g__Ilumatobacter",NA,NA,"g__Ilumatobacter"
"g__Longimicrobium","k__Bacteria","p__Gemmatimonadota","c__Longimicrobia","o__Longimicrobiales","f__Longimicrobiaceae","g__Longimicrobium",NA,NA,"g__Longimicrobium"
"Unclass_o__Thermomicrobiales","k__Bacteria","p__Chloroflexi","c__Chloroflexia","o__Thermomicrobiales","f__","Unclass_o__Thermomicrobiales",NA,NA,"Unclass_o__Thermomicrobiales"
"Unclass_f__Ilumatobacteraceae","k__Bacteria","p__Actinobacteriota","c__Acidimicrobiia","o__Microtrichales","f__Ilumatobacteraceae","Unclass_f__Ilumatobacteraceae",NA,NA,"Unclass_f__Ilumatobacteraceae"
"g__IMCC26134","k__Bacteria","p__Verrucomicrobiota","c__Verrucomicrobiae","o__Opitutales","f__Opitutaceae","g__IMCC26134",NA,NA,"g__IMCC26134"
"g__Ferruginibacter","k__Bacteria","p__Bacteroidota","c__Bacteroidia","o__Chitinophagales","f__Chitinophagaceae","g__Ferruginibacter",NA,NA,"g__Ferruginibacter"
"g__Chthonomonas","k__Bacteria","p__Armatimonadota","c__Chthonomonadetes","o__Chthonomonadales","f__Chthonomonadaceae","g__Chthonomonas",NA,NA,"g__Chthonomonas"
"g__Methylorosula","k__Bacteria","p__Proteobacteria","c__Alphaproteobacteria","o__Rhizobiales","f__Beijerinckiaceae","g__Methylorosula",NA,NA,"g__Methylorosula"
"g__Chitinophaga","k__Bacteria","p__Bacteroidota","c__Bacteroidia","o__Chitinophagales","f__Chitinophagaceae","g__Chitinophaga",NA,NA,"g__Chitinophaga"
"g__Geodermatophilus","k__Bacteria","p__Actinobacteriota","c__Actinobacteria","o__Frankiales","f__Geodermatophilaceae","g__Geodermatophilus",NA,NA,"g__Geodermatophilus"
"Unclass_f__JG30-KF-AS9","k__Bacteria","p__Chloroflexi","c__Ktedonobacteria","o__Ktedonobacterales","f__JG30-KF-AS9","Unclass_f__JG30-KF-AS9",NA,NA,"Unclass_f__JG30-KF-AS9"
"g__Niastella","k__Bacteria","p__Bacteroidota","c__Bacteroidia","o__Chitinophagales","f__Chitinophagaceae","g__Niastella",NA,NA,"g__Niastella"
"g__Tardiphaga","k__Bacteria","p__Proteobacteria","c__Alphaproteobacteria","o__Rhizobiales","f__Xanthobacteraceae","g__Tardiphaga",NA,NA,"g__Tardiphaga"
"Unclass_f__Magnetospiraceae","k__Bacteria","p__Proteobacteria","c__Alphaproteobacteria","o__Rhodospirillales","f__Magnetospiraceae","Unclass_f__Magnetospiraceae",NA,NA,"Unclass_f__Magnetospiraceae"
"Unclass_f__Myxococcaceae","k__Bacteria","p__Myxococcota","c__Myxococcia","o__Myxococcales","f__Myxococcaceae","Unclass_f__Myxococcaceae",NA,NA,"Unclass_f__Myxococcaceae"
"g__P3OB-42","k__Bacteria","p__Myxococcota","c__Myxococcia","o__Myxococcales","f__Myxococcaceae","g__P3OB-42",NA,NA,"g__P3OB-42"
"Unclass_o__Chthonomonadales","k__Bacteria","p__Armatimonadota","c__Chthonomonadetes","o__Chthonomonadales","f__","Unclass_o__Chthonomonadales",NA,NA,"Unclass_o__Chthonomonadales"
"Unclass_f__Nitrosomonadaceae","k__Bacteria","p__Proteobacteria","c__Gammaproteobacteria","o__Burkholderiales","f__Nitrosomonadaceae","Unclass_f__Nitrosomonadaceae",NA,NA,"Unclass_f__Nitrosomonadaceae"
"g__Chryseoglobus","k__Bacteria","p__Actinobacteriota","c__Actinobacteria","o__Micrococcales","f__Microbacteriaceae","g__Chryseoglobus",NA,NA,"g__Chryseoglobus"
"Unclass_f__Mitochondria","k__Bacteria","p__Proteobacteria","c__Alphaproteobacteria","o__Rickettsiales","f__Mitochondria","Unclass_f__Mitochondria",NA,NA,"Unclass_f__Mitochondria"
"Unclass_f__Pirellulaceae","k__Bacteria","p__Planctomycetota","c__Planctomycetes","o__Pirellulales","f__Pirellulaceae","Unclass_f__Pirellulaceae",NA,NA,"Unclass_f__Pirellulaceae"
"Unclass_p__MBNT15","k__Bacteria","p__MBNT15","c__","o__","f__","Unclass_p__MBNT15",NA,NA,"Unclass_p__MBNT15"
"Unclass_c__Subgroup 22","k__Bacteria","p__Acidobacteriota","c__Subgroup 22","o__","f__","Unclass_c__Subgroup 22",NA,NA,"Unclass_c__Subgroup 22"
"g__Tychonema CCAP 1459-11B","k__Bacteria","p__Cyanobacteria","c__Cyanobacteriia","o__Cyanobacteriales","f__Phormidiaceae","g__Tychonema CCAP 1459-11B",NA,NA,"g__Tychonema CCAP 1459-11B"
"g__Flavisolibacter","k__Bacteria","p__Bacteroidota","c__Bacteroidia","o__Chitinophagales","f__Chitinophagaceae","g__Flavisolibacter",NA,NA,"g__Flavisolibacter"
"Unclass_f__Polyangiaceae","k__Bacteria","p__Myxococcota","c__Polyangia","o__Polyangiales","f__Polyangiaceae","Unclass_f__Polyangiaceae",NA,NA,"Unclass_f__Polyangiaceae"
"Unclass_f__Nocardioidaceae","k__Bacteria","p__Actinobacteriota","c__Actinobacteria","o__Propionibacteriales","f__Nocardioidaceae","Unclass_f__Nocardioidaceae",NA,NA,"Unclass_f__Nocardioidaceae"
"Unclass_o__Streptosporangiales","k__Bacteria","p__Actinobacteriota","c__Actinobacteria","o__Streptosporangiales","f__","Unclass_o__Streptosporangiales",NA,NA,"Unclass_o__Streptosporangiales"
"Unclass_f__Xanthomonadaceae","k__Bacteria","p__Proteobacteria","c__Gammaproteobacteria","o__Xanthomonadales","f__Xanthomonadaceae","Unclass_f__Xanthomonadaceae",NA,NA,"Unclass_f__Xanthomonadaceae"
"g__Kibdelosporangium","k__Bacteria","p__Actinobacteriota","c__Actinobacteria","o__Pseudonocardiales","f__Pseudonocardiaceae","g__Kibdelosporangium",NA,NA,"g__Kibdelosporangium"
"Unclass_o__Rickettsiales","k__Bacteria","p__Proteobacteria","c__Alphaproteobacteria","o__Rickettsiales","f__","Unclass_o__Rickettsiales",NA,NA,"Unclass_o__Rickettsiales"
"g__Asanoa","k__Bacteria","p__Actinobacteriota","c__Actinobacteria","o__Micromonosporales","f__Micromonosporaceae","g__Asanoa",NA,NA,"g__Asanoa"
"g__Neorhizobium","k__Bacteria","p__Proteobacteria","c__Alphaproteobacteria","o__Rhizobiales","f__Rhizobiaceae","g__Neorhizobium",NA,NA,"g__Neorhizobium"
"Unclass_f__Amb-16S-1034","k__Bacteria","p__Myxococcota","c__Polyangia","o__Polyangiales","f__Amb-16S-1034","Unclass_f__Amb-16S-1034",NA,NA,"Unclass_f__Amb-16S-1034"
"g__Paeniglutamicibacter","k__Bacteria","p__Actinobacteriota","c__Actinobacteria","o__Micrococcales","f__Micrococcaceae","g__Paeniglutamicibacter",NA,NA,"g__Paeniglutamicibacter"
"g__Paracoccus","k__Bacteria","p__Proteobacteria","c__Alphaproteobacteria","o__Rhodobacterales","f__Rhodobacteraceae","g__Paracoccus",NA,NA,"g__Paracoccus"
"g__Plot4-2H12","k__Bacteria","p__Proteobacteria","c__Alphaproteobacteria","o__Sphingomonadales","f__Sphingomonadaceae","g__Plot4-2H12",NA,NA,"g__Plot4-2H12"
"Unclass_f__Geodermatophilaceae","k__Bacteria","p__Actinobacteriota","c__Actinobacteria","o__Frankiales","f__Geodermatophilaceae","Unclass_f__Geodermatophilaceae",NA,NA,"Unclass_f__Geodermatophilaceae"
"g__BIyi10","k__Bacteria","p__Proteobacteria","c__Gammaproteobacteria","o__Pseudomonadales","f__Pseudohongiellaceae","g__BIyi10",NA,NA,"g__BIyi10"
"g__Iamia","k__Bacteria","p__Actinobacteriota","c__Acidimicrobiia","o__Microtrichales","f__Iamiaceae","g__Iamia",NA,NA,"g__Iamia"
"g__Pajaroellobacter","k__Bacteria","p__Myxococcota","c__Polyangia","o__Polyangiales","f__Polyangiaceae","g__Pajaroellobacter",NA,NA,"g__Pajaroellobacter"
"g__Ohtaekwangia","k__Bacteria","p__Bacteroidota","c__Bacteroidia","o__Cytophagales","f__Microscillaceae","g__Ohtaekwangia",NA,NA,"g__Ohtaekwangia"
"g__Asticcacaulis","k__Bacteria","p__Proteobacteria","c__Alphaproteobacteria","o__Caulobacterales","f__Caulobacteraceae","g__Asticcacaulis",NA,NA,"g__Asticcacaulis"
"g__Candidatus Xiphinematobacter","k__Bacteria","p__Verrucomicrobiota","c__Verrucomicrobiae","o__Chthoniobacterales","f__Xiphinematobacteraceae","g__Candidatus Xiphinematobacter",NA,NA,"g__Candidatus Xiphinematobacter"
"g__Cloacibacterium","k__Bacteria","p__Bacteroidota","c__Bacteroidia","o__Flavobacteriales","f__Weeksellaceae","g__Cloacibacterium",NA,NA,"g__Cloacibacterium"
"Unclass_f__Acidiferrobacteraceae","k__Bacteria","p__Proteobacteria","c__Gammaproteobacteria","o__Acidiferrobacterales","f__Acidiferrobacteraceae","Unclass_f__Acidiferrobacteraceae",NA,NA,"Unclass_f__Acidiferrobacteraceae"
"g__Marmoricola","k__Bacteria","p__Actinobacteriota","c__Actinobacteria","o__Propionibacteriales","f__Nocardioidaceae","g__Marmoricola",NA,NA,"g__Marmoricola"
"g__Pedosphaera","k__Bacteria","p__Verrucomicrobiota","c__Verrucomicrobiae","o__Pedosphaerales","f__Pedosphaeraceae","g__Pedosphaera",NA,NA,"g__Pedosphaera"
"g__Pseudorhodoferax","k__Bacteria","p__Proteobacteria","c__Gammaproteobacteria","o__Burkholderiales","f__Comamonadaceae","g__Pseudorhodoferax",NA,NA,"g__Pseudorhodoferax"
"g__Polaromonas","k__Bacteria","p__Proteobacteria","c__Gammaproteobacteria","o__Burkholderiales","f__Comamonadaceae","g__Polaromonas",NA,NA,"g__Polaromonas"
"g__Vicinamibacter","k__Bacteria","p__Acidobacteriota","c__Vicinamibacteria","o__Vicinamibacterales","f__Vicinamibacteraceae","g__Vicinamibacter",NA,NA,"g__Vicinamibacter"
"g__Edaphobaculum","k__Bacteria","p__Bacteroidota","c__Bacteroidia","o__Chitinophagales","f__Chitinophagaceae","g__Edaphobaculum",NA,NA,"g__Edaphobaculum"
"g__Labrys","k__Bacteria","p__Proteobacteria","c__Alphaproteobacteria","o__Rhizobiales","f__Labraceae","g__Labrys",NA,NA,"g__Labrys"
"g__Oxalobacter","k__Bacteria","p__Proteobacteria","c__Gammaproteobacteria","o__Burkholderiales","f__Oxalobacteraceae","g__Oxalobacter",NA,NA,"g__Oxalobacter"
"Unclass_f__Streptomycetaceae","k__Bacteria","p__Actinobacteriota","c__Actinobacteria","o__Streptomycetales","f__Streptomycetaceae","Unclass_f__Streptomycetaceae",NA,NA,"Unclass_f__Streptomycetaceae"
"Unclass_c__JG30-KF-CM66","k__Bacteria","p__Chloroflexi","c__JG30-KF-CM66","o__","f__","Unclass_c__JG30-KF-CM66",NA,NA,"Unclass_c__JG30-KF-CM66"
"g__Tundrisphaera","k__Bacteria","p__Planctomycetota","c__Planctomycetes","o__Isosphaerales","f__Isosphaeraceae","g__Tundrisphaera",NA,NA,"g__Tundrisphaera"
"g__GTL1","k__Bacteria","p__Patescibacteria","c__Saccharimonadia","o__Saccharimonadales","f__Saccharimonadaceae","g__GTL1",NA,NA,"g__GTL1"
"g__Marisediminicola","k__Bacteria","p__Actinobacteriota","c__Actinobacteria","o__Micrococcales","f__Microbacteriaceae","g__Marisediminicola",NA,NA,"g__Marisediminicola"
"g__Segetibacter","k__Bacteria","p__Bacteroidota","c__Bacteroidia","o__Chitinophagales","f__Chitinophagaceae","g__Segetibacter",NA,NA,"g__Segetibacter"
"Unclass_o__DS-100","k__Bacteria","p__Acidobacteriota","c__Blastocatellia","o__DS-100","f__","Unclass_o__DS-100",NA,NA,"Unclass_o__DS-100"
"Unclass_o__Paludibaculum","k__Bacteria","p__Acidobacteriota","c__Acidobacteriae","o__Paludibaculum","f__","Unclass_o__Paludibaculum",NA,NA,"Unclass_o__Paludibaculum"
"g__Pir4 lineage","k__Bacteria","p__Planctomycetota","c__Planctomycetes","o__Pirellulales","f__Pirellulaceae","g__Pir4 lineage",NA,NA,"g__Pir4 lineage"
"g__Actinospica","k__Bacteria","p__Actinobacteriota","c__Actinobacteria","o__Catenulisporales","f__Actinospicaceae","g__Actinospica",NA,NA,"g__Actinospica"
"Unclass_c__P2-11E","k__Bacteria","p__Chloroflexi","c__P2-11E","o__","f__","Unclass_c__P2-11E",NA,NA,"Unclass_c__P2-11E"
"Unclass_o__Defluviicoccales","k__Bacteria","p__Proteobacteria","c__Alphaproteobacteria","o__Defluviicoccales","f__","Unclass_o__Defluviicoccales",NA,NA,"Unclass_o__Defluviicoccales"
"Unclass_f__Acidimicrobiaceae","k__Bacteria","p__Actinobacteriota","c__Acidimicrobiia","o__Acidimicrobiales","f__Acidimicrobiaceae","Unclass_f__Acidimicrobiaceae",NA,NA,"Unclass_f__Acidimicrobiaceae"
"Unclass_f__Devosiaceae","k__Bacteria","p__Proteobacteria","c__Alphaproteobacteria","o__Rhizobiales","f__Devosiaceae","Unclass_f__Devosiaceae",NA,NA,"Unclass_f__Devosiaceae"
"Unclass_f__AKYH767","k__Bacteria","p__Bacteroidota","c__Bacteroidia","o__Sphingobacteriales","f__AKYH767","Unclass_f__AKYH767",NA,NA,"Unclass_f__AKYH767"
"g__Lysobacter","k__Bacteria","p__Proteobacteria","c__Gammaproteobacteria","o__Xanthomonadales","f__Xanthomonadaceae","g__Lysobacter",NA,NA,"g__Lysobacter"
"g__Agromyces","k__Bacteria","p__Actinobacteriota","c__Actinobacteria","o__Micrococcales","f__Microbacteriaceae","g__Agromyces",NA,NA,"g__Agromyces"
"g__Inquilinus","k__Bacteria","p__Proteobacteria","c__Alphaproteobacteria","o__Azospirillales","f__Inquilinaceae","g__Inquilinus",NA,NA,"g__Inquilinus"
"Unclass_f__Fimbriimonadaceae","k__Bacteria","p__Armatimonadota","c__Fimbriimonadia","o__Fimbriimonadales","f__Fimbriimonadaceae","Unclass_f__Fimbriimonadaceae",NA,NA,"Unclass_f__Fimbriimonadaceae"
"g__Roseococcus","k__Bacteria","p__Proteobacteria","c__Alphaproteobacteria","o__Acetobacterales","f__Acetobacteraceae","g__Roseococcus",NA,NA,"g__Roseococcus"
"g__Conyzicola","k__Bacteria","p__Actinobacteriota","c__Actinobacteria","o__Micrococcales","f__Microbacteriaceae","g__Conyzicola",NA,NA,"g__Conyzicola"
"Unclass_o__Chitinophagales","k__Bacteria","p__Bacteroidota","c__Bacteroidia","o__Chitinophagales","f__","Unclass_o__Chitinophagales",NA,NA,"Unclass_o__Chitinophagales"
"Unclass_f__Sphingobacteriaceae","k__Bacteria","p__Bacteroidota","c__Bacteroidia","o__Sphingobacteriales","f__Sphingobacteriaceae","Unclass_f__Sphingobacteriaceae",NA,NA,"Unclass_f__Sphingobacteriaceae"
"g__Actinocatenispora","k__Bacteria","p__Actinobacteriota","c__Actinobacteria","o__Micromonosporales","f__Micromonosporaceae","g__Actinocatenispora",NA,NA,"g__Actinocatenispora"
"g__Citrifermentans","k__Bacteria","p__Desulfobacterota","c__Desulfuromonadia","o__Geobacterales","f__Geobacteraceae","g__Citrifermentans",NA,NA,"g__Citrifermentans"
"g__BacC-u-018","k__Bacteria","p__Chloroflexi","c__Ktedonobacteria","o__Ktedonobacterales","f__Ktedonobacteraceae","g__BacC-u-018",NA,NA,"g__BacC-u-018"
"g__Acinetobacter","k__Bacteria","p__Proteobacteria","c__Gammaproteobacteria","o__Pseudomonadales","f__Moraxellaceae","g__Acinetobacter",NA,NA,"g__Acinetobacter"
"Unclass_o__Burkholderiales","k__Bacteria","p__Proteobacteria","c__Gammaproteobacteria","o__Burkholderiales","f__","Unclass_o__Burkholderiales",NA,NA,"Unclass_o__Burkholderiales"
"g__Candidatus Nitrotoga","k__Bacteria","p__Proteobacteria","c__Gammaproteobacteria","o__Burkholderiales","f__Gallionellaceae","g__Candidatus Nitrotoga",NA,NA,"g__Candidatus Nitrotoga"
"Unclass_o__Marine Group II","k__Archaea","p__Thermoplasmatota","c__Thermoplasmata","o__Marine Group II","f__","Unclass_o__Marine Group II",NA,NA,"Unclass_o__Marine Group II"
"Unclass_f__Kineosporiaceae","k__Bacteria","p__Actinobacteriota","c__Actinobacteria","o__Kineosporiales","f__Kineosporiaceae","Unclass_f__Kineosporiaceae",NA,NA,"Unclass_f__Kineosporiaceae"
"g__Methylotenera","k__Bacteria","p__Proteobacteria","c__Gammaproteobacteria","o__Burkholderiales","f__Methylophilaceae","g__Methylotenera",NA,NA,"g__Methylotenera"
"g__Candidatus Nitrocosmicus","k__Archaea","p__Crenarchaeota","c__Nitrososphaeria","o__Nitrososphaerales","f__Nitrososphaeraceae","g__Candidatus Nitrocosmicus",NA,NA,"g__Candidatus Nitrocosmicus"
"g__Friedmanniella","k__Bacteria","p__Actinobacteriota","c__Actinobacteria","o__Propionibacteriales","f__Propionibacteriaceae","g__Friedmanniella",NA,NA,"g__Friedmanniella"
"g__Agrococcus","k__Bacteria","p__Actinobacteriota","c__Actinobacteria","o__Micrococcales","f__Microbacteriaceae","g__Agrococcus",NA,NA,"g__Agrococcus"
"Unclass_f__Ktedonobacteraceae","k__Bacteria","p__Chloroflexi","c__Ktedonobacteria","o__Ktedonobacterales","f__Ktedonobacteraceae","Unclass_f__Ktedonobacteraceae",NA,NA,"Unclass_f__Ktedonobacteraceae"
"g__Chryseolinea","k__Bacteria","p__Bacteroidota","c__Bacteroidia","o__Cytophagales","f__Microscillaceae","g__Chryseolinea",NA,NA,"g__Chryseolinea"
"g__Aeromicrobium","k__Bacteria","p__Actinobacteriota","c__Actinobacteria","o__Propionibacteriales","f__Nocardioidaceae","g__Aeromicrobium",NA,NA,"g__Aeromicrobium"
"g__Thermosporothrix","k__Bacteria","p__Chloroflexi","c__Ktedonobacteria","o__Ktedonobacterales","f__Ktedonobacteraceae","g__Thermosporothrix",NA,NA,"g__Thermosporothrix"
"Unclass_o__Lineage IV","k__Bacteria","p__Elusimicrobiota","c__Elusimicrobia","o__Lineage IV","f__","Unclass_o__Lineage IV",NA,NA,"Unclass_o__Lineage IV"
"Unclass_f__Anaerolineaceae","k__Bacteria","p__Chloroflexi","c__Anaerolineae","o__Anaerolineales","f__Anaerolineaceae","Unclass_f__Anaerolineaceae",NA,NA,"Unclass_f__Anaerolineaceae"
"g__Aminobacter","k__Bacteria","p__Proteobacteria","c__Alphaproteobacteria","o__Rhizobiales","f__Rhizobiaceae","g__Aminobacter",NA,NA,"g__Aminobacter"
"g__Cytophaga","k__Bacteria","p__Bacteroidota","c__Bacteroidia","o__Cytophagales","f__Cytophagaceae","g__Cytophaga",NA,NA,"g__Cytophaga"
"Unclass_f__NS11-12 marine group","k__Bacteria","p__Bacteroidota","c__Bacteroidia","o__Sphingobacteriales","f__NS11-12 marine group","Unclass_f__NS11-12 marine group",NA,NA,"Unclass_f__NS11-12 marine group"
"g__Roseimicrobium","k__Bacteria","p__Verrucomicrobiota","c__Verrucomicrobiae","o__Verrucomicrobiales","f__Verrucomicrobiaceae","g__Roseimicrobium",NA,NA,"g__Roseimicrobium"
"g__Rubellimicrobium","k__Bacteria","p__Proteobacteria","c__Alphaproteobacteria","o__Rhodobacterales","f__Rhodobacteraceae","g__Rubellimicrobium",NA,NA,"g__Rubellimicrobium"
"g__Pigmentiphaga","k__Bacteria","p__Proteobacteria","c__Gammaproteobacteria","o__Burkholderiales","f__Alcaligenaceae","g__Pigmentiphaga",NA,NA,"g__Pigmentiphaga"
"g__Denitratisoma","k__Bacteria","p__Proteobacteria","c__Gammaproteobacteria","o__Burkholderiales","f__Rhodocyclaceae","g__Denitratisoma",NA,NA,"g__Denitratisoma"
"g__SM1A02","k__Bacteria","p__Planctomycetota","c__Phycisphaerae","o__Phycisphaerales","f__Phycisphaeraceae","g__SM1A02",NA,NA,"g__SM1A02"
"Unclass_o__Candidatus Zambryskibacteria","k__Bacteria","p__Patescibacteria","c__Parcubacteria","o__Candidatus Zambryskibacteria","f__","Unclass_o__Candidatus Zambryskibacteria",NA,NA,"Unclass_o__Candidatus Zambryskibacteria"
"g__Rhodopirellula","k__Bacteria","p__Planctomycetota","c__Planctomycetes","o__Pirellulales","f__Pirellulaceae","g__Rhodopirellula",NA,NA,"g__Rhodopirellula"
"g__Cupriavidus","k__Bacteria","p__Proteobacteria","c__Gammaproteobacteria","o__Burkholderiales","f__Burkholderiaceae","g__Cupriavidus",NA,NA,"g__Cupriavidus"
"Unclass_o__Zavarziniales","k__Bacteria","p__Proteobacteria","c__Alphaproteobacteria","o__Zavarziniales","f__","Unclass_o__Zavarziniales",NA,NA,"Unclass_o__Zavarziniales"
"Unclass_p__NB1-j","k__Bacteria","p__NB1-j","c__","o__","f__","Unclass_p__NB1-j",NA,NA,"Unclass_p__NB1-j"
"g__Domibacillus","k__Bacteria","p__Firmicutes","c__Bacilli","o__Bacillales","f__Planococcaceae","g__Domibacillus",NA,NA,"g__Domibacillus"
"g__Phytohabitans","k__Bacteria","p__Actinobacteriota","c__Actinobacteria","o__Micromonosporales","f__Micromonosporaceae","g__Phytohabitans",NA,NA,"g__Phytohabitans"
"g__Luteimonas","k__Bacteria","p__Proteobacteria","c__Gammaproteobacteria","o__Xanthomonadales","f__Xanthomonadaceae","g__Luteimonas",NA,NA,"g__Luteimonas"
"Unclass_c__Pla3 lineage","k__Bacteria","p__Planctomycetota","c__Pla3 lineage","o__","f__","Unclass_c__Pla3 lineage",NA,NA,"Unclass_c__Pla3 lineage"
"g__Sorangium","k__Bacteria","p__Myxococcota","c__Polyangia","o__Polyangiales","f__Polyangiaceae","g__Sorangium",NA,NA,"g__Sorangium"
"g__Verrucomicrobium","k__Bacteria","p__Verrucomicrobiota","c__Verrucomicrobiae","o__Verrucomicrobiales","f__Verrucomicrobiaceae","g__Verrucomicrobium",NA,NA,"g__Verrucomicrobium"
"g__Cutibacterium","k__Bacteria","p__Actinobacteriota","c__Actinobacteria","o__Propionibacteriales","f__Propionibacteriaceae","g__Cutibacterium",NA,NA,"g__Cutibacterium"
"g__Paenarthrobacter","k__Bacteria","p__Actinobacteriota","c__Actinobacteria","o__Micrococcales","f__Micrococcaceae","g__Paenarthrobacter",NA,NA,"g__Paenarthrobacter"
"g__Zavarzinella","k__Bacteria","p__Planctomycetota","c__Planctomycetes","o__Gemmatales","f__Gemmataceae","g__Zavarzinella",NA,NA,"g__Zavarzinella"
"g__Roseiarcus","k__Bacteria","p__Proteobacteria","c__Alphaproteobacteria","o__Rhizobiales","f__Beijerinckiaceae","g__Roseiarcus",NA,NA,"g__Roseiarcus"
"g__Candidatus Nitrososphaera","k__Archaea","p__Crenarchaeota","c__Nitrososphaeria","o__Nitrososphaerales","f__Nitrososphaeraceae","g__Candidatus Nitrososphaera",NA,NA,"g__Candidatus Nitrososphaera"
"g__Siccirubricoccus","k__Bacteria","p__Proteobacteria","c__Alphaproteobacteria","o__Acetobacterales","f__Acetobacteraceae","g__Siccirubricoccus",NA,NA,"g__Siccirubricoccus"
"g__Streptosporangium","k__Bacteria","p__Actinobacteriota","c__Actinobacteria","o__Streptosporangiales","f__Streptosporangiaceae","g__Streptosporangium",NA,NA,"g__Streptosporangium"
"g__Minicystis","k__Bacteria","p__Myxococcota","c__Polyangia","o__Polyangiales","f__Polyangiaceae","g__Minicystis",NA,NA,"g__Minicystis"
"g__Methylobacterium-Methylorubrum","k__Bacteria","p__Proteobacteria","c__Alphaproteobacteria","o__Rhizobiales","f__Beijerinckiaceae","g__Methylobacterium-Methylorubrum",NA,NA,"g__Methylobacterium-Methylorubrum"
"Unclass_c__vadinHA49","k__Bacteria","p__Planctomycetota","c__vadinHA49","o__","f__","Unclass_c__vadinHA49",NA,NA,"Unclass_c__vadinHA49"
"g__Fluviicola","k__Bacteria","p__Bacteroidota","c__Bacteroidia","o__Flavobacteriales","f__Crocinitomicaceae","g__Fluviicola",NA,NA,"g__Fluviicola"
"g__Cohnella","k__Bacteria","p__Firmicutes","c__Bacilli","o__Paenibacillales","f__Paenibacillaceae","g__Cohnella",NA,NA,"g__Cohnella"
"g__Belnapia","k__Bacteria","p__Proteobacteria","c__Alphaproteobacteria","o__Acetobacterales","f__Acetobacteraceae","g__Belnapia",NA,NA,"g__Belnapia"
"Unclass_c__OM190","k__Bacteria","p__Planctomycetota","c__OM190","o__","f__","Unclass_c__OM190",NA,NA,"Unclass_c__OM190"
"g__Virgisporangium","k__Bacteria","p__Actinobacteriota","c__Actinobacteria","o__Micromonosporales","f__Micromonosporaceae","g__Virgisporangium",NA,NA,"g__Virgisporangium"
"Unclass_f__Verrucomicrobiaceae","k__Bacteria","p__Verrucomicrobiota","c__Verrucomicrobiae","o__Verrucomicrobiales","f__Verrucomicrobiaceae","Unclass_f__Verrucomicrobiaceae",NA,NA,"Unclass_f__Verrucomicrobiaceae"
"g__Brevibacterium","k__Bacteria","p__Actinobacteriota","c__Actinobacteria","o__Micrococcales","f__Brevibacteriaceae","g__Brevibacterium",NA,NA,"g__Brevibacterium"
"Unclass_f__CPla-3 termite group","k__Bacteria","p__Planctomycetota","c__Phycisphaerae","o__Tepidisphaerales","f__CPla-3 termite group","Unclass_f__CPla-3 termite group",NA,NA,"Unclass_f__CPla-3 termite group"
"g__Saccharothrix","k__Bacteria","p__Actinobacteriota","c__Actinobacteria","o__Pseudonocardiales","f__Pseudonocardiaceae","g__Saccharothrix",NA,NA,"g__Saccharothrix"
"g__Gemmata","k__Bacteria","p__Planctomycetota","c__Planctomycetes","o__Gemmatales","f__Gemmataceae","g__Gemmata",NA,NA,"g__Gemmata"
"Unclass_o__JG36-GS-52","k__Bacteria","p__Proteobacteria","c__Gammaproteobacteria","o__JG36-GS-52","f__","Unclass_o__JG36-GS-52",NA,NA,"Unclass_o__JG36-GS-52"
"Unclass_f__211ds20","k__Bacteria","p__Proteobacteria","c__Gammaproteobacteria","o__Pseudomonadales","f__211ds20","Unclass_f__211ds20",NA,NA,"Unclass_f__211ds20"
"g__Streptacidiphilus","k__Bacteria","p__Actinobacteriota","c__Actinobacteria","o__Streptomycetales","f__Streptomycetaceae","g__Streptacidiphilus",NA,NA,"g__Streptacidiphilus"
"g__Aridibacter","k__Bacteria","p__Acidobacteriota","c__Blastocatellia","o__Blastocatellales","f__Blastocatellaceae","g__Aridibacter",NA,NA,"g__Aridibacter"
"Unclass_f__Sphingomonadaceae","k__Bacteria","p__Proteobacteria","c__Alphaproteobacteria","o__Sphingomonadales","f__Sphingomonadaceae","Unclass_f__Sphingomonadaceae",NA,NA,"Unclass_f__Sphingomonadaceae"
"g__DEV008","k__Bacteria","p__Verrucomicrobiota","c__Verrucomicrobiae","o__Pedosphaerales","f__Pedosphaeraceae","g__DEV008",NA,NA,"g__DEV008"
"Unclass_o__Candidatus Curtissbacteria","k__Bacteria","p__Patescibacteria","c__Microgenomatia","o__Candidatus Curtissbacteria","f__","Unclass_o__Candidatus Curtissbacteria",NA,NA,"Unclass_o__Candidatus Curtissbacteria"
"g__Terrimonas","k__Bacteria","p__Bacteroidota","c__Bacteroidia","o__Chitinophagales","f__Chitinophagaceae","g__Terrimonas",NA,NA,"g__Terrimonas"
"Unclass_c__S0134 terrestrial group","k__Bacteria","p__Gemmatimonadota","c__S0134 terrestrial group","o__","f__","Unclass_c__S0134 terrestrial group",NA,NA,"Unclass_c__S0134 terrestrial group"
"g__Rhodoferax","k__Bacteria","p__Proteobacteria","c__Gammaproteobacteria","o__Burkholderiales","f__Comamonadaceae","g__Rhodoferax",NA,NA,"g__Rhodoferax"
"g__Subgroup 10","k__Bacteria","p__Acidobacteriota","c__Thermoanaerobaculia","o__Thermoanaerobaculales","f__Thermoanaerobaculaceae","g__Subgroup 10",NA,NA,"g__Subgroup 10"
"g__Nannocystis","k__Bacteria","p__Myxococcota","c__Polyangia","o__Nannocystales","f__Nannocystaceae","g__Nannocystis",NA,NA,"g__Nannocystis"
"g__Acidipila-Silvibacterium","k__Bacteria","p__Acidobacteriota","c__Acidobacteriae","o__Acidobacteriales","f__Acidobacteriaceae (Subgroup 1)","g__Acidipila-Silvibacterium",NA,NA,"g__Acidipila-Silvibacterium"
"g__Myxococcus","k__Bacteria","p__Myxococcota","c__Myxococcia","o__Myxococcales","f__Myxococcaceae","g__Myxococcus",NA,NA,"g__Myxococcus"
"g__Schlesneria","k__Bacteria","p__Planctomycetota","c__Planctomycetes","o__Planctomycetales","f__Schlesneriaceae","g__Schlesneria",NA,NA,"g__Schlesneria"
"Unclass_o__R7C24","k__Bacteria","p__Proteobacteria","c__Gammaproteobacteria","o__R7C24","f__","Unclass_o__R7C24",NA,NA,"Unclass_o__R7C24"
"g__Planococcus","k__Bacteria","p__Firmicutes","c__Bacilli","o__Bacillales","f__Planococcaceae","g__Planococcus",NA,NA,"g__Planococcus"
"Unclass_o__Thalassobaculales","k__Bacteria","p__Proteobacteria","c__Alphaproteobacteria","o__Thalassobaculales","f__","Unclass_o__Thalassobaculales",NA,NA,"Unclass_o__Thalassobaculales"
"g__Methylocella","k__Bacteria","p__Proteobacteria","c__Alphaproteobacteria","o__Rhizobiales","f__Beijerinckiaceae","g__Methylocella",NA,NA,"g__Methylocella"
"g__Blastocatella","k__Bacteria","p__Acidobacteriota","c__Blastocatellia","o__Blastocatellales","f__Blastocatellaceae","g__Blastocatella",NA,NA,"g__Blastocatella"
"Unclass_f__Paenibacillaceae","k__Bacteria","p__Firmicutes","c__Bacilli","o__Paenibacillales","f__Paenibacillaceae","Unclass_f__Paenibacillaceae",NA,NA,"Unclass_f__Paenibacillaceae"
"g__Oligoflexus","k__Bacteria","p__Bdellovibrionota","c__Oligoflexia","o__Oligoflexales","f__Oligoflexaceae","g__Oligoflexus",NA,NA,"g__Oligoflexus"
"g__Terrimicrobium","k__Bacteria","p__Verrucomicrobiota","c__Verrucomicrobiae","o__Chthoniobacterales","f__Terrimicrobiaceae","g__Terrimicrobium",NA,NA,"g__Terrimicrobium"
"Unclass_c__Sericytochromatia","k__Bacteria","p__Cyanobacteria","c__Sericytochromatia","o__","f__","Unclass_c__Sericytochromatia",NA,NA,"Unclass_c__Sericytochromatia"
"g__Pontibacter","k__Bacteria","p__Bacteroidota","c__Bacteroidia","o__Cytophagales","f__Hymenobacteraceae","g__Pontibacter",NA,NA,"g__Pontibacter"
"Unclass_o__Azospirillales","k__Bacteria","p__Proteobacteria","c__Alphaproteobacteria","o__Azospirillales","f__","Unclass_o__Azospirillales",NA,NA,"Unclass_o__Azospirillales"
"Unclass_o__S085","k__Bacteria","p__Chloroflexi","c__Dehalococcoidia","o__S085","f__","Unclass_o__S085",NA,NA,"Unclass_o__S085"
"Unclass_f__Rhodanobacteraceae","k__Bacteria","p__Proteobacteria","c__Gammaproteobacteria","o__Xanthomonadales","f__Rhodanobacteraceae","Unclass_f__Rhodanobacteraceae",NA,NA,"Unclass_f__Rhodanobacteraceae"
"Unclass_f__Steroidobacteraceae","k__Bacteria","p__Proteobacteria","c__Gammaproteobacteria","o__Steroidobacterales","f__Steroidobacteraceae","Unclass_f__Steroidobacteraceae",NA,NA,"Unclass_f__Steroidobacteraceae"
"Unclass_p__GAL15","k__Bacteria","p__GAL15","c__","o__","f__","Unclass_p__GAL15",NA,NA,"Unclass_p__GAL15"
"g__Aetherobacter","k__Bacteria","p__Myxococcota","c__Polyangia","o__Polyangiales","f__Polyangiaceae","g__Aetherobacter",NA,NA,"g__Aetherobacter"
"g__Jahnella","k__Bacteria","p__Myxococcota","c__Polyangia","o__Polyangiales","f__Polyangiaceae","g__Jahnella",NA,NA,"g__Jahnella"
"g__Pedococcus-Phycicoccus","k__Bacteria","p__Actinobacteriota","c__Actinobacteria","o__Micrococcales","f__Intrasporangiaceae","g__Pedococcus-Phycicoccus",NA,NA,"g__Pedococcus-Phycicoccus"
"Unclass_o__EC3","k__Bacteria","p__Proteobacteria","c__Gammaproteobacteria","o__EC3","f__","Unclass_o__EC3",NA,NA,"Unclass_o__EC3"
"g__Hyphomicrobium","k__Bacteria","p__Proteobacteria","c__Alphaproteobacteria","o__Rhizobiales","f__Hyphomicrobiaceae","g__Hyphomicrobium",NA,NA,"g__Hyphomicrobium"
"g__Planomicrobium","k__Bacteria","p__Firmicutes","c__Bacilli","o__Bacillales","f__Planococcaceae","g__Planomicrobium",NA,NA,"g__Planomicrobium"
"g__Candidatus Berkiella","k__Bacteria","p__Proteobacteria","c__Gammaproteobacteria","o__","f__","g__Candidatus Berkiella",NA,NA,"g__Candidatus Berkiella"
"g__Kocuria","k__Bacteria","p__Actinobacteriota","c__Actinobacteria","o__Micrococcales","f__Micrococcaceae","g__Kocuria",NA,NA,"g__Kocuria"
"g__Kineosporia","k__Bacteria","p__Actinobacteriota","c__Actinobacteria","o__Kineosporiales","f__Kineosporiaceae","g__Kineosporia",NA,NA,"g__Kineosporia"
"g__Hamadaea","k__Bacteria","p__Actinobacteriota","c__Actinobacteria","o__Micromonosporales","f__Micromonosporaceae","g__Hamadaea",NA,NA,"g__Hamadaea"
"g__Paenibacillus","k__Bacteria","p__Firmicutes","c__Bacilli","o__Paenibacillales","f__Paenibacillaceae","g__Paenibacillus",NA,NA,"g__Paenibacillus"
"g__Ahniella","k__Bacteria","p__Proteobacteria","c__Gammaproteobacteria","o__Xanthomonadales","f__Rhodanobacteraceae","g__Ahniella",NA,NA,"g__Ahniella"
"Unclass_f__Alcaligenaceae","k__Bacteria","p__Proteobacteria","c__Gammaproteobacteria","o__Burkholderiales","f__Alcaligenaceae","Unclass_f__Alcaligenaceae",NA,NA,"Unclass_f__Alcaligenaceae"
"g__Candidatus Protochlamydia","k__Bacteria","p__Verrucomicrobiota","c__Chlamydiae","o__Chlamydiales","f__Parachlamydiaceae","g__Candidatus Protochlamydia",NA,NA,"g__Candidatus Protochlamydia"
"g__Klebsiella","k__Bacteria","p__Proteobacteria","c__Gammaproteobacteria","o__Enterobacterales","f__Enterobacteriaceae","g__Klebsiella",NA,NA,"g__Klebsiella"
"g__Aurantisolimonas","k__Bacteria","p__Bacteroidota","c__Bacteroidia","o__Chitinophagales","f__Chitinophagaceae","g__Aurantisolimonas",NA,NA,"g__Aurantisolimonas"
"Unclass_p__FCPU426","k__Bacteria","p__FCPU426","c__","o__","f__","Unclass_p__FCPU426",NA,NA,"Unclass_p__FCPU426"
"Unclass_f__Reyranellaceae","k__Bacteria","p__Proteobacteria","c__Alphaproteobacteria","o__Reyranellales","f__Reyranellaceae","Unclass_f__Reyranellaceae",NA,NA,"Unclass_f__Reyranellaceae"
"g__Rhodoblastus","k__Bacteria","p__Proteobacteria","c__Alphaproteobacteria","o__Rhizobiales","f__Beijerinckiaceae","g__Rhodoblastus",NA,NA,"g__Rhodoblastus"
"Unclass_f__AKYG1722","k__Bacteria","p__Chloroflexi","c__Chloroflexia","o__Thermomicrobiales","f__AKYG1722","Unclass_f__AKYG1722",NA,NA,"Unclass_f__AKYG1722"
"g__Intrasporangium","k__Bacteria","p__Actinobacteriota","c__Actinobacteria","o__Micrococcales","f__Intrasporangiaceae","g__Intrasporangium",NA,NA,"g__Intrasporangium"
"g__alphaI cluster","k__Bacteria","p__Proteobacteria","c__Alphaproteobacteria","o__Rhizobiales","f__Beijerinckiaceae","g__alphaI cluster",NA,NA,"g__alphaI cluster"
"Unclass_p__Bacteroidota","k__Bacteria","p__Bacteroidota","c__","o__","f__","Unclass_p__Bacteroidota",NA,NA,"Unclass_p__Bacteroidota"
"g__Candidatus Alysiosphaera","k__Bacteria","p__Proteobacteria","c__Alphaproteobacteria","o__Tistrellales","f__Geminicoccaceae","g__Candidatus Alysiosphaera",NA,NA,"g__Candidatus Alysiosphaera"
"g__Hansschlegelia","k__Bacteria","p__Proteobacteria","c__Alphaproteobacteria","o__Rhizobiales","f__Methylopilaceae","g__Hansschlegelia",NA,NA,"g__Hansschlegelia"
"Unclass_p__WPS-2","k__Bacteria","p__WPS-2","c__","o__","f__","Unclass_p__WPS-2",NA,NA,"Unclass_p__WPS-2"
"g__Pseudorhodoplanes","k__Bacteria","p__Proteobacteria","c__Alphaproteobacteria","o__Rhizobiales","f__Xanthobacteraceae","g__Pseudorhodoplanes",NA,NA,"g__Pseudorhodoplanes"
"Unclass_f__AKIW781","k__Bacteria","p__Chloroflexi","c__Chloroflexia","o__Kallotenuales","f__AKIW781","Unclass_f__AKIW781",NA,NA,"Unclass_f__AKIW781"
"g__Aquabacterium","k__Bacteria","p__Proteobacteria","c__Gammaproteobacteria","o__Burkholderiales","f__Comamonadaceae","g__Aquabacterium",NA,NA,"g__Aquabacterium"
"g__Chthonobacter","k__Bacteria","p__Proteobacteria","c__Alphaproteobacteria","o__Rhizobiales","f__Pleomorphomonadaceae","g__Chthonobacter",NA,NA,"g__Chthonobacter"
"g__Stackebrandtia","k__Bacteria","p__Actinobacteriota","c__Actinobacteria","o__Micromonosporales","f__Micromonosporaceae","g__Stackebrandtia",NA,NA,"g__Stackebrandtia"
"g__Sphingoaurantiacus","k__Bacteria","p__Proteobacteria","c__Alphaproteobacteria","o__Sphingomonadales","f__Sphingomonadaceae","g__Sphingoaurantiacus",NA,NA,"g__Sphingoaurantiacus"
"g__Sporocytophaga","k__Bacteria","p__Bacteroidota","c__Bacteroidia","o__Cytophagales","f__Cytophagaceae","g__Sporocytophaga",NA,NA,"g__Sporocytophaga"
"g__Polycyclovorans","k__Bacteria","p__Proteobacteria","c__Gammaproteobacteria","o__Salinisphaerales","f__Solimonadaceae","g__Polycyclovorans",NA,NA,"g__Polycyclovorans"
"g__Luteitalea","k__Bacteria","p__Acidobacteriota","c__Vicinamibacteria","o__Vicinamibacterales","f__Vicinamibacteraceae","g__Luteitalea",NA,NA,"g__Luteitalea"
"g__Actinocorallia","k__Bacteria","p__Actinobacteriota","c__Actinobacteria","o__Streptosporangiales","f__Thermomonosporaceae","g__Actinocorallia",NA,NA,"g__Actinocorallia"
"g__Panacagrimonas","k__Bacteria","p__Proteobacteria","c__Gammaproteobacteria","o__Salinisphaerales","f__Solimonadaceae","g__Panacagrimonas",NA,NA,"g__Panacagrimonas"
"g__Microbacterium","k__Bacteria","p__Actinobacteriota","c__Actinobacteria","o__Micrococcales","f__Microbacteriaceae","g__Microbacterium",NA,NA,"g__Microbacterium"
"Unclass_o__S-BQ2-57 soil group","k__Bacteria","p__Verrucomicrobiota","c__Verrucomicrobiae","o__S-BQ2-57 soil group","f__","Unclass_o__S-BQ2-57 soil group",NA,NA,"Unclass_o__S-BQ2-57 soil group"
"Unclass_f__Microtrichaceae","k__Bacteria","p__Actinobacteriota","c__Acidimicrobiia","o__Microtrichales","f__Microtrichaceae","Unclass_f__Microtrichaceae",NA,NA,"Unclass_f__Microtrichaceae"
"Unclass_f__Planococcaceae","k__Bacteria","p__Firmicutes","c__Bacilli","o__Bacillales","f__Planococcaceae","Unclass_f__Planococcaceae",NA,NA,"Unclass_f__Planococcaceae"
"Unclass_f__37-13","k__Bacteria","p__Bacteroidota","c__Bacteroidia","o__Chitinophagales","f__37-13","Unclass_f__37-13",NA,NA,"Unclass_f__37-13"
"Unclass_c__BD7-11","k__Bacteria","p__Planctomycetota","c__BD7-11","o__","f__","Unclass_c__BD7-11",NA,NA,"Unclass_c__BD7-11"
"g__Fimbriiglobus","k__Bacteria","p__Planctomycetota","c__Planctomycetes","o__Gemmatales","f__Gemmataceae","g__Fimbriiglobus",NA,NA,"g__Fimbriiglobus"
"g__Shinella","k__Bacteria","p__Proteobacteria","c__Alphaproteobacteria","o__Rhizobiales","f__Rhizobiaceae","g__Shinella",NA,NA,"g__Shinella"
"g__Nitrosomonas","k__Bacteria","p__Proteobacteria","c__Gammaproteobacteria","o__Burkholderiales","f__Nitrosomonadaceae","g__Nitrosomonas",NA,NA,"g__Nitrosomonas"
"g__Hirschia","k__Bacteria","p__Proteobacteria","c__Alphaproteobacteria","o__Caulobacterales","f__Hyphomonadaceae","g__Hirschia",NA,NA,"g__Hirschia"
"g__Knoellia","k__Bacteria","p__Actinobacteriota","c__Actinobacteria","o__Micrococcales","f__Intrasporangiaceae","g__Knoellia",NA,NA,"g__Knoellia"
"g__Sporichthya","k__Bacteria","p__Actinobacteriota","c__Actinobacteria","o__Frankiales","f__Sporichthyaceae","g__Sporichthya",NA,NA,"g__Sporichthya"
"Unclass_f__type III","k__Bacteria","p__Firmicutes","c__Bacilli","o__Entomoplasmatales","f__type III","Unclass_f__type III",NA,NA,"Unclass_f__type III"
"g__Sandaracinus","k__Bacteria","p__Myxococcota","c__Polyangia","o__Polyangiales","f__Sandaracinaceae","g__Sandaracinus",NA,NA,"g__Sandaracinus"
"g__Variibacter","k__Bacteria","p__Proteobacteria","c__Alphaproteobacteria","o__Rhizobiales","f__Xanthobacteraceae","g__Variibacter",NA,NA,"g__Variibacter"
"g__JGI 0001001-H03","k__Bacteria","p__Acidobacteriota","c__Blastocatellia","o__Blastocatellales","f__Blastocatellaceae","g__JGI 0001001-H03",NA,NA,"g__JGI 0001001-H03"
"Unclass_c__Bacteroidia","k__Bacteria","p__Bacteroidota","c__Bacteroidia","o__","f__","Unclass_c__Bacteroidia",NA,NA,"Unclass_c__Bacteroidia"
"g__Roseisolibacter","k__Bacteria","p__Gemmatimonadota","c__Gemmatimonadetes","o__Gemmatimonadales","f__Gemmatimonadaceae","g__Roseisolibacter",NA,NA,"g__Roseisolibacter"
"Unclass_c__Anaerolineae","k__Bacteria","p__Chloroflexi","c__Anaerolineae","o__","f__","Unclass_c__Anaerolineae",NA,NA,"Unclass_c__Anaerolineae"
"g__Candidatus Finniella","k__Bacteria","p__Proteobacteria","c__Alphaproteobacteria","o__Paracaedibacterales","f__Paracaedibacteraceae","g__Candidatus Finniella",NA,NA,"g__Candidatus Finniella"
"g__Parafrigoribacterium","k__Bacteria","p__Actinobacteriota","c__Actinobacteria","o__Micrococcales","f__Microbacteriaceae","g__Parafrigoribacterium",NA,NA,"g__Parafrigoribacterium"
"Unclass_f__Methylophilaceae","k__Bacteria","p__Proteobacteria","c__Gammaproteobacteria","o__Burkholderiales","f__Methylophilaceae","Unclass_f__Methylophilaceae",NA,NA,"Unclass_f__Methylophilaceae"
"g__Cystobacter","k__Bacteria","p__Myxococcota","c__Myxococcia","o__Myxococcales","f__Myxococcaceae","g__Cystobacter",NA,NA,"g__Cystobacter"
"g__Sphaerobacter","k__Bacteria","p__Chloroflexi","c__Chloroflexia","o__Thermomicrobiales","f__Thermomicrobiaceae","g__Sphaerobacter",NA,NA,"g__Sphaerobacter"
"Unclass_f__Caldilineaceae","k__Bacteria","p__Chloroflexi","c__Anaerolineae","o__Caldilineales","f__Caldilineaceae","Unclass_f__Caldilineaceae",NA,NA,"Unclass_f__Caldilineaceae"
"g__Glycomyces","k__Bacteria","p__Actinobacteriota","c__Actinobacteria","o__Glycomycetales","f__Glycomycetaceae","g__Glycomyces",NA,NA,"g__Glycomyces"
"g__Quadrisphaera","k__Bacteria","p__Actinobacteriota","c__Actinobacteria","o__Kineosporiales","f__Kineosporiaceae","g__Quadrisphaera",NA,NA,"g__Quadrisphaera"
"Unclass_f__SM2D12","k__Bacteria","p__Proteobacteria","c__Alphaproteobacteria","o__Rickettsiales","f__SM2D12","Unclass_f__SM2D12",NA,NA,"Unclass_f__SM2D12"
"Unclass_p__Firmicutes","k__Bacteria","p__Firmicutes","c__","o__","f__","Unclass_p__Firmicutes",NA,NA,"Unclass_p__Firmicutes"
"Unclass_c__OLB14","k__Bacteria","p__Chloroflexi","c__OLB14","o__","f__","Unclass_c__OLB14",NA,NA,"Unclass_c__OLB14"
"g__Stenotrophobacter","k__Bacteria","p__Acidobacteriota","c__Blastocatellia","o__Blastocatellales","f__Blastocatellaceae","g__Stenotrophobacter",NA,NA,"g__Stenotrophobacter"
"g__Neochlamydia","k__Bacteria","p__Verrucomicrobiota","c__Chlamydiae","o__Chlamydiales","f__Parachlamydiaceae","g__Neochlamydia",NA,NA,"g__Neochlamydia"
"g__Bdellovibrio","k__Bacteria","p__Bdellovibrionota","c__Bdellovibrionia","o__Bdellovibrionales","f__Bdellovibrionaceae","g__Bdellovibrio",NA,NA,"g__Bdellovibrio"
"Unclass_f__Sulfuricellaceae","k__Bacteria","p__Proteobacteria","c__Gammaproteobacteria","o__Burkholderiales","f__Sulfuricellaceae","Unclass_f__Sulfuricellaceae",NA,NA,"Unclass_f__Sulfuricellaceae"
"g__Taibaiella","k__Bacteria","p__Bacteroidota","c__Bacteroidia","o__Chitinophagales","f__Chitinophagaceae","g__Taibaiella",NA,NA,"g__Taibaiella"
"Unclass_c__Lineage IIb","k__Bacteria","p__Elusimicrobiota","c__Lineage IIb","o__","f__","Unclass_c__Lineage IIb",NA,NA,"Unclass_c__Lineage IIb"
"g__Pseudoflavitalea","k__Bacteria","p__Bacteroidota","c__Bacteroidia","o__Chitinophagales","f__Chitinophagaceae","g__Pseudoflavitalea",NA,NA,"g__Pseudoflavitalea"
"Unclass_f__Phycisphaeraceae","k__Bacteria","p__Planctomycetota","c__Phycisphaerae","o__Phycisphaerales","f__Phycisphaeraceae","Unclass_f__Phycisphaeraceae",NA,NA,"Unclass_f__Phycisphaeraceae"
"g__Sulfurifustis","k__Bacteria","p__Proteobacteria","c__Gammaproteobacteria","o__Acidiferrobacterales","f__Acidiferrobacteraceae","g__Sulfurifustis",NA,NA,"g__Sulfurifustis"
"Unclass_o__FFCH16767","k__Bacteria","p__Myxococcota","c__Polyangia","o__FFCH16767","f__","Unclass_o__FFCH16767",NA,NA,"Unclass_o__FFCH16767"
"Unclass_o__Armatimonadales","k__Bacteria","p__Armatimonadota","c__Armatimonadia","o__Armatimonadales","f__","Unclass_o__Armatimonadales",NA,NA,"Unclass_o__Armatimonadales"
"g__Glutamicibacter","k__Bacteria","p__Actinobacteriota","c__Actinobacteria","o__Micrococcales","f__Micrococcaceae","g__Glutamicibacter",NA,NA,"g__Glutamicibacter"
"g__Zoogloea","k__Bacteria","p__Proteobacteria","c__Gammaproteobacteria","o__Burkholderiales","f__Rhodocyclaceae","g__Zoogloea",NA,NA,"g__Zoogloea"
"g__Qipengyuania","k__Bacteria","p__Proteobacteria","c__Alphaproteobacteria","o__Sphingomonadales","f__Sphingomonadaceae","g__Qipengyuania",NA,NA,"g__Qipengyuania"
"g__Sumerlaea","k__Bacteria","p__Sumerlaeota","c__Sumerlaeia","o__Sumerlaeales","f__Sumerlaeaceae","g__Sumerlaea",NA,NA,"g__Sumerlaea"
"Unclass_c__Pla4 lineage","k__Bacteria","p__Planctomycetota","c__Pla4 lineage","o__","f__","Unclass_c__Pla4 lineage",NA,NA,"Unclass_c__Pla4 lineage"
"g__Sphingobacterium","k__Bacteria","p__Bacteroidota","c__Bacteroidia","o__Sphingobacteriales","f__Sphingobacteriaceae","g__Sphingobacterium",NA,NA,"g__Sphingobacterium"
"Unclass_c__BD2-11 terrestrial group","k__Bacteria","p__Gemmatimonadota","c__BD2-11 terrestrial group","o__","f__","Unclass_c__BD2-11 terrestrial group",NA,NA,"Unclass_c__BD2-11 terrestrial group"
"g__Nitrobacter","k__Bacteria","p__Proteobacteria","c__Alphaproteobacteria","o__Rhizobiales","f__Xanthobacteraceae","g__Nitrobacter",NA,NA,"g__Nitrobacter"
"Unclass_c__Parcubacteria","k__Bacteria","p__Patescibacteria","c__Parcubacteria","o__","f__","Unclass_c__Parcubacteria",NA,NA,"Unclass_c__Parcubacteria"
"Unclass_f__Simkaniaceae","k__Bacteria","p__Verrucomicrobiota","c__Chlamydiae","o__Chlamydiales","f__Simkaniaceae","Unclass_f__Simkaniaceae",NA,NA,"Unclass_f__Simkaniaceae"
"g__Stenotrophomonas","k__Bacteria","p__Proteobacteria","c__Gammaproteobacteria","o__Xanthomonadales","f__Xanthomonadaceae","g__Stenotrophomonas",NA,NA,"g__Stenotrophomonas"
"Unclass_o__MVP-88","k__Bacteria","p__Elusimicrobiota","c__Elusimicrobia","o__MVP-88","f__","Unclass_o__MVP-88",NA,NA,"Unclass_o__MVP-88"
"g__Rhodocytophaga","k__Bacteria","p__Bacteroidota","c__Bacteroidia","o__Cytophagales","f__Cytophagaceae","g__Rhodocytophaga",NA,NA,"g__Rhodocytophaga"
"g__Bordetella","k__Bacteria","p__Proteobacteria","c__Gammaproteobacteria","o__Burkholderiales","f__Alcaligenaceae","g__Bordetella",NA,NA,"g__Bordetella"
"g__KD3-10","k__Bacteria","p__Myxococcota","c__Myxococcia","o__Myxococcales","f__Myxococcaceae","g__KD3-10",NA,NA,"g__KD3-10"
"g__Geobacter","k__Bacteria","p__Desulfobacterota","c__Desulfuromonadia","o__Geobacterales","f__Geobacteraceae","g__Geobacter",NA,NA,"g__Geobacter"
"g__Nocardia","k__Bacteria","p__Actinobacteriota","c__Actinobacteria","o__Corynebacteriales","f__Nocardiaceae","g__Nocardia",NA,NA,"g__Nocardia"
"g__Crossiella","k__Bacteria","p__Actinobacteriota","c__Actinobacteria","o__Pseudonocardiales","f__Pseudonocardiaceae","g__Crossiella",NA,NA,"g__Crossiella"
"g__Rhodomicrobium","k__Bacteria","p__Proteobacteria","c__Alphaproteobacteria","o__Rhizobiales","f__Rhodomicrobiaceae","g__Rhodomicrobium",NA,NA,"g__Rhodomicrobium"
"Unclass_f__Vermiphilaceae","k__Bacteria","p__Dependentiae","c__Babeliae","o__Babeliales","f__Vermiphilaceae","Unclass_f__Vermiphilaceae",NA,NA,"Unclass_f__Vermiphilaceae"
"g__Peredibacter","k__Bacteria","p__Bdellovibrionota","c__Bdellovibrionia","o__Bacteriovoracales","f__Bacteriovoracaceae","g__Peredibacter",NA,NA,"g__Peredibacter"
"g__Planotetraspora","k__Bacteria","p__Actinobacteriota","c__Actinobacteria","o__Streptosporangiales","f__Streptosporangiaceae","g__Planotetraspora",NA,NA,"g__Planotetraspora"
"g__Candidatus Omnitrophus","k__Bacteria","p__Verrucomicrobiota","c__Omnitrophia","o__Omnitrophales","f__Omnitrophaceae","g__Candidatus Omnitrophus",NA,NA,"g__Candidatus Omnitrophus"
"g__Chishuiella","k__Bacteria","p__Bacteroidota","c__Bacteroidia","o__Flavobacteriales","f__Weeksellaceae","g__Chishuiella",NA,NA,"g__Chishuiella"
"g__SH-PL14","k__Bacteria","p__Planctomycetota","c__Planctomycetes","o__Planctomycetales","f__Rubinisphaeraceae","g__SH-PL14",NA,NA,"g__SH-PL14"
"g__Thermoleophilum","k__Bacteria","p__Actinobacteriota","c__Thermoleophilia","o__Thermophilales","f__Thermoleophilaceae","g__Thermoleophilum",NA,NA,"g__Thermoleophilum"
"g__Shimazuella","k__Bacteria","p__Firmicutes","c__Bacilli","o__Thermoactinomycetales","f__Thermoactinomycetaceae","g__Shimazuella",NA,NA,"g__Shimazuella"
"g__YC-ZSS-LKJ147","k__Bacteria","p__Gemmatimonadota","c__Longimicrobia","o__Longimicrobiales","f__Longimicrobiaceae","g__YC-ZSS-LKJ147",NA,NA,"g__YC-ZSS-LKJ147"
"g__Subtercola","k__Bacteria","p__Actinobacteriota","c__Actinobacteria","o__Micrococcales","f__Microbacteriaceae","g__Subtercola",NA,NA,"g__Subtercola"
"g__Cnuella","k__Bacteria","p__Bacteroidota","c__Bacteroidia","o__Chitinophagales","f__Chitinophagaceae","g__Cnuella",NA,NA,"g__Cnuella"
"Unclass_o__Myxococcales","k__Bacteria","p__Myxococcota","c__Myxococcia","o__Myxococcales","f__","Unclass_o__Myxococcales",NA,NA,"Unclass_o__Myxococcales"
"Unclass_f__bac2nit3","k__Bacteria","p__Proteobacteria","c__Alphaproteobacteria","o__Rickettsiales","f__bac2nit3","Unclass_f__bac2nit3",NA,NA,"Unclass_f__bac2nit3"
"g__Edaphobacter","k__Bacteria","p__Acidobacteriota","c__Acidobacteriae","o__Acidobacteriales","f__Acidobacteriaceae (Subgroup 1)","g__Edaphobacter",NA,NA,"g__Edaphobacter"
"Unclass_o__Candidatus Magasanikbacteria","k__Bacteria","p__Patescibacteria","c__ABY1","o__Candidatus Magasanikbacteria","f__","Unclass_o__Candidatus Magasanikbacteria",NA,NA,"Unclass_o__Candidatus Magasanikbacteria"
"g__Abditibacterium","k__Bacteria","p__Abditibacteriota","c__Abditibacteria","o__Abditibacteriales","f__Abditibacteriaceae","g__Abditibacterium",NA,NA,"g__Abditibacterium"
"Unclass_o__Candidatus Staskawiczbacteria","k__Bacteria","p__Patescibacteria","c__Parcubacteria","o__Candidatus Staskawiczbacteria","f__","Unclass_o__Candidatus Staskawiczbacteria",NA,NA,"Unclass_o__Candidatus Staskawiczbacteria"
"Unclass_f__Magnetospirillaceae","k__Bacteria","p__Proteobacteria","c__Alphaproteobacteria","o__Rhodospirillales","f__Magnetospirillaceae","Unclass_f__Magnetospirillaceae",NA,NA,"Unclass_f__Magnetospirillaceae"
"g__wb1-P19","k__Bacteria","p__Proteobacteria","c__Gammaproteobacteria","o__Nitrosococcales","f__Nitrosococcaceae","g__wb1-P19",NA,NA,"g__wb1-P19"
"Unclass_o__Kapabacteriales","k__Bacteria","p__Bacteroidota","c__Kapabacteria","o__Kapabacteriales","f__","Unclass_o__Kapabacteriales",NA,NA,"Unclass_o__Kapabacteriales"
"g__Klenkia","k__Bacteria","p__Actinobacteriota","c__Actinobacteria","o__Frankiales","f__Geodermatophilaceae","g__Klenkia",NA,NA,"g__Klenkia"
"g__Jiangella","k__Bacteria","p__Actinobacteriota","c__Actinobacteria","o__Propionibacteriales","f__Propionibacteriaceae","g__Jiangella",NA,NA,"g__Jiangella"
"g__G12-WMSP1","k__Bacteria","p__Chloroflexi","c__Ktedonobacteria","o__Ktedonobacterales","f__Ktedonobacteraceae","g__G12-WMSP1",NA,NA,"g__G12-WMSP1"
"Unclass_o__mle1-27","k__Bacteria","p__Myxococcota","c__Polyangia","o__mle1-27","f__","Unclass_o__mle1-27",NA,NA,"Unclass_o__mle1-27"
"g__Terrabacter","k__Bacteria","p__Actinobacteriota","c__Actinobacteria","o__Micrococcales","f__Intrasporangiaceae","g__Terrabacter",NA,NA,"g__Terrabacter"
"g__Spirochaeta 2","k__Bacteria","p__Spirochaetota","c__Spirochaetia","o__Spirochaetales","f__Spirochaetaceae","g__Spirochaeta 2",NA,NA,"g__Spirochaeta 2"
"Unclass_o__RBG-13-54-9","k__Bacteria","p__Chloroflexi","c__Anaerolineae","o__RBG-13-54-9","f__","Unclass_o__RBG-13-54-9",NA,NA,"Unclass_o__RBG-13-54-9"
"g__Leptothrix","k__Bacteria","p__Proteobacteria","c__Gammaproteobacteria","o__Burkholderiales","f__Comamonadaceae","g__Leptothrix",NA,NA,"g__Leptothrix"
"Unclass_f__Burkholderiaceae","k__Bacteria","p__Proteobacteria","c__Gammaproteobacteria","o__Burkholderiales","f__Burkholderiaceae","Unclass_f__Burkholderiaceae",NA,NA,"Unclass_f__Burkholderiaceae"
"g__Rhodococcus","k__Bacteria","p__Actinobacteriota","c__Actinobacteria","o__Corynebacteriales","f__Nocardiaceae","g__Rhodococcus",NA,NA,"g__Rhodococcus"
"g__Actinopolymorpha","k__Bacteria","p__Actinobacteriota","c__Actinobacteria","o__Propionibacteriales","f__Nocardioidaceae","g__Actinopolymorpha",NA,NA,"g__Actinopolymorpha"
"g__Chryseobacterium","k__Bacteria","p__Bacteroidota","c__Bacteroidia","o__Flavobacteriales","f__Weeksellaceae","g__Chryseobacterium",NA,NA,"g__Chryseobacterium"
"g__Rubrivivax","k__Bacteria","p__Proteobacteria","c__Gammaproteobacteria","o__Burkholderiales","f__Comamonadaceae","g__Rubrivivax",NA,NA,"g__Rubrivivax"
"Unclass_f__Geminicoccaceae","k__Bacteria","p__Proteobacteria","c__Alphaproteobacteria","o__Tistrellales","f__Geminicoccaceae","Unclass_f__Geminicoccaceae",NA,NA,"Unclass_f__Geminicoccaceae"
"Unclass_f__Longimicrobiaceae","k__Bacteria","p__Gemmatimonadota","c__Longimicrobia","o__Longimicrobiales","f__Longimicrobiaceae","Unclass_f__Longimicrobiaceae",NA,NA,"Unclass_f__Longimicrobiaceae"
"Unclass_f__Rhodocyclaceae","k__Bacteria","p__Proteobacteria","c__Gammaproteobacteria","o__Burkholderiales","f__Rhodocyclaceae","Unclass_f__Rhodocyclaceae",NA,NA,"Unclass_f__Rhodocyclaceae"
"g__Kitasatospora","k__Bacteria","p__Actinobacteriota","c__Actinobacteria","o__Streptomycetales","f__Streptomycetaceae","g__Kitasatospora",NA,NA,"g__Kitasatospora"
"g__Fimbriimonas","k__Bacteria","p__Armatimonadota","c__Fimbriimonadia","o__Fimbriimonadales","f__Fimbriimonadaceae","g__Fimbriimonas",NA,NA,"g__Fimbriimonas"
"Unclass_o__Subgroup 15","k__Bacteria","p__Acidobacteriota","c__Acidobacteriae","o__Subgroup 15","f__","Unclass_o__Subgroup 15",NA,NA,"Unclass_o__Subgroup 15"
"g__[Aquaspirillum] arcticum group","k__Bacteria","p__Proteobacteria","c__Gammaproteobacteria","o__Burkholderiales","f__Oxalobacteraceae","g__[Aquaspirillum] arcticum group",NA,NA,"g__[Aquaspirillum] arcticum group"
"g__Pelomonas","k__Bacteria","p__Proteobacteria","c__Gammaproteobacteria","o__Burkholderiales","f__Comamonadaceae","g__Pelomonas",NA,NA,"g__Pelomonas"
"g__Thermomonas","k__Bacteria","p__Proteobacteria","c__Gammaproteobacteria","o__Xanthomonadales","f__Xanthomonadaceae","g__Thermomonas",NA,NA,"g__Thermomonas"
"g__Heliimonas","k__Bacteria","p__Bacteroidota","c__Bacteroidia","o__Chitinophagales","f__Chitinophagaceae","g__Heliimonas",NA,NA,"g__Heliimonas"
"g__Luteibacter","k__Bacteria","p__Proteobacteria","c__Gammaproteobacteria","o__Xanthomonadales","f__Rhodanobacteraceae","g__Luteibacter",NA,NA,"g__Luteibacter"
"g__Tepidisphaera","k__Bacteria","p__Planctomycetota","c__Phycisphaerae","o__Tepidisphaerales","f__Tepidisphaeraceae","g__Tepidisphaera",NA,NA,"g__Tepidisphaera"
"g__Rugamonas","k__Bacteria","p__Proteobacteria","c__Gammaproteobacteria","o__Burkholderiales","f__Oxalobacteraceae","g__Rugamonas",NA,NA,"g__Rugamonas"
"Unclass_o__Micavibrionales","k__Bacteria","p__Proteobacteria","c__Alphaproteobacteria","o__Micavibrionales","f__","Unclass_o__Micavibrionales",NA,NA,"Unclass_o__Micavibrionales"
"g__Oryzihumus","k__Bacteria","p__Actinobacteriota","c__Actinobacteria","o__Micrococcales","f__Intrasporangiaceae","g__Oryzihumus",NA,NA,"g__Oryzihumus"
"Unclass_f__Obscuribacteraceae","k__Bacteria","p__Cyanobacteria","c__Vampirivibrionia","o__Obscuribacterales","f__Obscuribacteraceae","Unclass_f__Obscuribacteraceae",NA,NA,"Unclass_f__Obscuribacteraceae"
"g__Rubrivirga","k__Bacteria","p__Bacteroidota","c__Rhodothermia","o__Rhodothermales","f__Rhodothermaceae","g__Rubrivirga",NA,NA,"g__Rubrivirga"
"Unclass_c__Subgroup 11","k__Bacteria","p__Acidobacteriota","c__Subgroup 11","o__","f__","Unclass_c__Subgroup 11",NA,NA,"Unclass_c__Subgroup 11"
"g__Actimicrobium","k__Bacteria","p__Proteobacteria","c__Gammaproteobacteria","o__Burkholderiales","f__Oxalobacteraceae","g__Actimicrobium",NA,NA,"g__Actimicrobium"
"g__SWB02","k__Bacteria","p__Proteobacteria","c__Alphaproteobacteria","o__Caulobacterales","f__Hyphomonadaceae","g__SWB02",NA,NA,"g__SWB02"
"g__Yersinia","k__Bacteria","p__Proteobacteria","c__Gammaproteobacteria","o__Enterobacterales","f__Yersiniaceae","g__Yersinia",NA,NA,"g__Yersinia"
"g__Rhodovastum","k__Bacteria","p__Proteobacteria","c__Alphaproteobacteria","o__Acetobacterales","f__Acetobacteraceae","g__Rhodovastum",NA,NA,"g__Rhodovastum"
"g__Neo-b11","k__Bacteria","p__Proteobacteria","c__Alphaproteobacteria","o__Rhizobiales","f__Beijerinckiaceae","g__Neo-b11",NA,NA,"g__Neo-b11"
"g__Alkanibacter","k__Bacteria","p__Proteobacteria","c__Gammaproteobacteria","o__Salinisphaerales","f__Solimonadaceae","g__Alkanibacter",NA,NA,"g__Alkanibacter"
"g__28-YEA-48","k__Bacteria","p__Proteobacteria","c__Alphaproteobacteria","o__Rhizobiales","f__Beijerinckiaceae","g__28-YEA-48",NA,NA,"g__28-YEA-48"
"Unclass_o__Sphingobacteriales","k__Bacteria","p__Bacteroidota","c__Bacteroidia","o__Sphingobacteriales","f__","Unclass_o__Sphingobacteriales",NA,NA,"Unclass_o__Sphingobacteriales"
"g__Undibacterium","k__Bacteria","p__Proteobacteria","c__Gammaproteobacteria","o__Burkholderiales","f__Oxalobacteraceae","g__Undibacterium",NA,NA,"g__Undibacterium"
"Unclass_c__Lineage IIa","k__Bacteria","p__Elusimicrobiota","c__Lineage IIa","o__","f__","Unclass_c__Lineage IIa",NA,NA,"Unclass_c__Lineage IIa"
"Unclass_o__Omnitrophales","k__Bacteria","p__Verrucomicrobiota","c__Omnitrophia","o__Omnitrophales","f__","Unclass_o__Omnitrophales",NA,NA,"Unclass_o__Omnitrophales"
"Unclass_f__BSV26","k__Bacteria","p__Bacteroidota","c__Kryptonia","o__Kryptoniales","f__BSV26","Unclass_f__BSV26",NA,NA,"Unclass_f__BSV26"
"Unclass_f__Nannocystaceae","k__Bacteria","p__Myxococcota","c__Polyangia","o__Nannocystales","f__Nannocystaceae","Unclass_f__Nannocystaceae",NA,NA,"Unclass_f__Nannocystaceae"
"Unclass_f__Hydrogenedensaceae","k__Bacteria","p__Hydrogenedentes","c__Hydrogenedentia","o__Hydrogenedentiales","f__Hydrogenedensaceae","Unclass_f__Hydrogenedensaceae",NA,NA,"Unclass_f__Hydrogenedensaceae"
"Unclass_o__Cytophagales","k__Bacteria","p__Bacteroidota","c__Bacteroidia","o__Cytophagales","f__","Unclass_o__Cytophagales",NA,NA,"Unclass_o__Cytophagales"
"g__Enhydrobacter","k__Bacteria","p__Proteobacteria","c__Gammaproteobacteria","o__Pseudomonadales","f__Moraxellaceae","g__Enhydrobacter",NA,NA,"g__Enhydrobacter"
"g__Saccharopolyspora","k__Bacteria","p__Actinobacteriota","c__Actinobacteria","o__Pseudonocardiales","f__Pseudonocardiaceae","g__Saccharopolyspora",NA,NA,"g__Saccharopolyspora"
"Unclass_f__Sneathiellaceae","k__Bacteria","p__Proteobacteria","c__Alphaproteobacteria","o__Sneathiellales","f__Sneathiellaceae","Unclass_f__Sneathiellaceae",NA,NA,"Unclass_f__Sneathiellaceae"
"Unclass_f__Parvibaculaceae","k__Bacteria","p__Proteobacteria","c__Alphaproteobacteria","o__Parvibaculales","f__Parvibaculaceae","Unclass_f__Parvibaculaceae",NA,NA,"Unclass_f__Parvibaculaceae"
"Unclass_f__Moraxellaceae","k__Bacteria","p__Proteobacteria","c__Gammaproteobacteria","o__Pseudomonadales","f__Moraxellaceae","Unclass_f__Moraxellaceae",NA,NA,"Unclass_f__Moraxellaceae"
"Unclass_o__Candidatus Yanofskybacteria","k__Bacteria","p__Patescibacteria","c__Parcubacteria","o__Candidatus Yanofskybacteria","f__","Unclass_o__Candidatus Yanofskybacteria",NA,NA,"Unclass_o__Candidatus Yanofskybacteria"
"Unclass_f__LiUU-11-161","k__Bacteria","p__Bacteroidota","c__Bacteroidia","o__Sphingobacteriales","f__LiUU-11-161","Unclass_f__LiUU-11-161",NA,NA,"Unclass_f__LiUU-11-161"
"g__Leifsonia","k__Bacteria","p__Actinobacteriota","c__Actinobacteria","o__Micrococcales","f__Microbacteriaceae","g__Leifsonia",NA,NA,"g__Leifsonia"
"g__Roseomonas","k__Bacteria","p__Proteobacteria","c__Alphaproteobacteria","o__Acetobacterales","f__Acetobacteraceae","g__Roseomonas",NA,NA,"g__Roseomonas"
"Unclass_o__053A03-B-DI-P58","k__Bacteria","p__Bdellovibrionota","c__Oligoflexia","o__053A03-B-DI-P58","f__","Unclass_o__053A03-B-DI-P58",NA,NA,"Unclass_o__053A03-B-DI-P58"
"g__Frankia","k__Bacteria","p__Actinobacteriota","c__Actinobacteria","o__Frankiales","f__Frankiaceae","g__Frankia",NA,NA,"g__Frankia"
"g__Labilithrix","k__Bacteria","p__Myxococcota","c__Polyangia","o__Polyangiales","f__Polyangiaceae","g__Labilithrix",NA,NA,"g__Labilithrix"
"Unclass_f__Propionibacteriaceae","k__Bacteria","p__Actinobacteriota","c__Actinobacteria","o__Propionibacteriales","f__Propionibacteriaceae","Unclass_f__Propionibacteriaceae",NA,NA,"Unclass_f__Propionibacteriaceae"
"Unclass_o__Puniceispirillales","k__Bacteria","p__Proteobacteria","c__Alphaproteobacteria","o__Puniceispirillales","f__","Unclass_o__Puniceispirillales",NA,NA,"Unclass_o__Puniceispirillales"
"Unclass_f__NS9 marine group","k__Bacteria","p__Bacteroidota","c__Bacteroidia","o__Flavobacteriales","f__NS9 marine group","Unclass_f__NS9 marine group",NA,NA,"Unclass_f__NS9 marine group"
"g__Catellatospora","k__Bacteria","p__Actinobacteriota","c__Actinobacteria","o__Micromonosporales","f__Micromonosporaceae","g__Catellatospora",NA,NA,"g__Catellatospora"
"g__Actinotalea","k__Bacteria","p__Actinobacteriota","c__Actinobacteria","o__Micrococcales","f__Cellulomonadaceae","g__Actinotalea",NA,NA,"g__Actinotalea"
"Unclass_f__Saprospiraceae","k__Bacteria","p__Bacteroidota","c__Bacteroidia","o__Chitinophagales","f__Saprospiraceae","Unclass_f__Saprospiraceae",NA,NA,"Unclass_f__Saprospiraceae"
"g__Hassallia","k__Bacteria","p__Bacteroidota","c__Bacteroidia","o__Cytophagales","f__Microscillaceae","g__Hassallia",NA,NA,"g__Hassallia"
"g__Parasegetibacter","k__Bacteria","p__Bacteroidota","c__Bacteroidia","o__Chitinophagales","f__Chitinophagaceae","g__Parasegetibacter",NA,NA,"g__Parasegetibacter"
"Unclass_o__Cyanobacteriales","k__Bacteria","p__Cyanobacteria","c__Cyanobacteriia","o__Cyanobacteriales","f__","Unclass_o__Cyanobacteriales",NA,NA,"Unclass_o__Cyanobacteriales"
"Unclass_o__JTB23","k__Bacteria","p__Proteobacteria","c__Gammaproteobacteria","o__JTB23","f__","Unclass_o__JTB23",NA,NA,"Unclass_o__JTB23"
"g__Emticicia","k__Bacteria","p__Bacteroidota","c__Bacteroidia","o__Cytophagales","f__Spirosomaceae","g__Emticicia",NA,NA,"g__Emticicia"
"g__Geminicoccus","k__Bacteria","p__Proteobacteria","c__Alphaproteobacteria","o__Tistrellales","f__Geminicoccaceae","g__Geminicoccus",NA,NA,"g__Geminicoccus"
"g__Turneriella","k__Bacteria","p__Spirochaetota","c__Leptospirae","o__Leptospirales","f__Leptospiraceae","g__Turneriella",NA,NA,"g__Turneriella"
"Unclass_f__Methylacidiphilaceae","k__Bacteria","p__Verrucomicrobiota","c__Verrucomicrobiae","o__Methylacidiphilales","f__Methylacidiphilaceae","Unclass_f__Methylacidiphilaceae",NA,NA,"Unclass_f__Methylacidiphilaceae"
"g__Aureimonas","k__Bacteria","p__Proteobacteria","c__Alphaproteobacteria","o__Rhizobiales","f__Rhizobiaceae","g__Aureimonas",NA,NA,"g__Aureimonas"
"Unclass_f__Intrasporangiaceae","k__Bacteria","p__Actinobacteriota","c__Actinobacteria","o__Micrococcales","f__Intrasporangiaceae","Unclass_f__Intrasporangiaceae",NA,NA,"Unclass_f__Intrasporangiaceae"
"Unclass_o__Elev-1554","k__Bacteria","p__Chloroflexi","c__Chloroflexia","o__Elev-1554","f__","Unclass_o__Elev-1554",NA,NA,"Unclass_o__Elev-1554"
"Unclass_c__Polyangia","k__Bacteria","p__Myxococcota","c__Polyangia","o__","f__","Unclass_c__Polyangia",NA,NA,"Unclass_c__Polyangia"
"g__Pseudolabrys","k__Bacteria","p__Proteobacteria","c__Alphaproteobacteria","o__Rhizobiales","f__Xanthobacteraceae","g__Pseudolabrys",NA,NA,"g__Pseudolabrys"
"Unclass_f__Euzebyaceae","k__Bacteria","p__Actinobacteriota","c__Actinobacteria","o__Euzebyales","f__Euzebyaceae","Unclass_f__Euzebyaceae",NA,NA,"Unclass_f__Euzebyaceae"
"g__Verticiella","k__Bacteria","p__Proteobacteria","c__Gammaproteobacteria","o__Burkholderiales","f__Alcaligenaceae","g__Verticiella",NA,NA,"g__Verticiella"
"Unclass_f__Sutterellaceae","k__Bacteria","p__Proteobacteria","c__Gammaproteobacteria","o__Burkholderiales","f__Sutterellaceae","Unclass_f__Sutterellaceae",NA,NA,"Unclass_f__Sutterellaceae"
"Unclass_f__Vampirovibrionaceae","k__Bacteria","p__Cyanobacteria","c__Vampirivibrionia","o__Vampirovibrionales","f__Vampirovibrionaceae","Unclass_f__Vampirovibrionaceae",NA,NA,"Unclass_f__Vampirovibrionaceae"
"g__Crocinitomix","k__Bacteria","p__Bacteroidota","c__Bacteroidia","o__Flavobacteriales","f__Crocinitomicaceae","g__Crocinitomix",NA,NA,"g__Crocinitomix"
"g__Vulgatibacter","k__Bacteria","p__Myxococcota","c__Myxococcia","o__Myxococcales","f__Vulgatibacteraceae","g__Vulgatibacter",NA,NA,"g__Vulgatibacter"
"g__Rhizorhapis","k__Bacteria","p__Proteobacteria","c__Alphaproteobacteria","o__Sphingomonadales","f__Sphingomonadaceae","g__Rhizorhapis",NA,NA,"g__Rhizorhapis"
"g__Rhizocola","k__Bacteria","p__Actinobacteriota","c__Actinobacteria","o__Micromonosporales","f__Micromonosporaceae","g__Rhizocola",NA,NA,"g__Rhizocola"
"g__Chitinimonas","k__Bacteria","p__Proteobacteria","c__Gammaproteobacteria","o__Burkholderiales","f__Chitinimonadaceae","g__Chitinimonas",NA,NA,"g__Chitinimonas"
"g__Nevskia","k__Bacteria","p__Proteobacteria","c__Gammaproteobacteria","o__Salinisphaerales","f__Solimonadaceae","g__Nevskia",NA,NA,"g__Nevskia"
"Unclass_o__0319-6G20","k__Bacteria","p__Bdellovibrionota","c__Oligoflexia","o__0319-6G20","f__","Unclass_o__0319-6G20",NA,NA,"Unclass_o__0319-6G20"
"g__Uliginosibacterium","k__Bacteria","p__Proteobacteria","c__Gammaproteobacteria","o__Burkholderiales","f__Rhodocyclaceae","g__Uliginosibacterium",NA,NA,"g__Uliginosibacterium"
"g__LD29","k__Bacteria","p__Verrucomicrobiota","c__Verrucomicrobiae","o__Chthoniobacterales","f__Chthoniobacteraceae","g__LD29",NA,NA,"g__LD29"
"g__Pseudohongiella","k__Bacteria","p__Proteobacteria","c__Gammaproteobacteria","o__Pseudomonadales","f__Pseudohongiellaceae","g__Pseudohongiella",NA,NA,"g__Pseudohongiella"
"g__Advenella","k__Bacteria","p__Proteobacteria","c__Gammaproteobacteria","o__Burkholderiales","f__Alcaligenaceae","g__Advenella",NA,NA,"g__Advenella"
"g__Motilibacter","k__Bacteria","p__Actinobacteriota","c__Actinobacteria","o__Streptosporangiales","f__","g__Motilibacter",NA,NA,"g__Motilibacter"
"g__Corticibacterium","k__Bacteria","p__Proteobacteria","c__Alphaproteobacteria","o__Rhizobiales","f__Rhizobiaceae","g__Corticibacterium",NA,NA,"g__Corticibacterium"
"Unclass_f__Blastocatellaceae","k__Bacteria","p__Acidobacteriota","c__Blastocatellia","o__Blastocatellales","f__Blastocatellaceae","Unclass_f__Blastocatellaceae",NA,NA,"Unclass_f__Blastocatellaceae"
"g__Sediminibacterium","k__Bacteria","p__Bacteroidota","c__Bacteroidia","o__Chitinophagales","f__Chitinophagaceae","g__Sediminibacterium",NA,NA,"g__Sediminibacterium"
"Unclass_f__Opitutaceae","k__Bacteria","p__Verrucomicrobiota","c__Verrucomicrobiae","o__Opitutales","f__Opitutaceae","Unclass_f__Opitutaceae",NA,NA,"Unclass_f__Opitutaceae"
"Unclass_c__Thermoplasmata","k__Archaea","p__Thermoplasmatota","c__Thermoplasmata","o__","f__","Unclass_c__Thermoplasmata",NA,NA,"Unclass_c__Thermoplasmata"
"g__Nitrospirillum","k__Bacteria","p__Proteobacteria","c__Alphaproteobacteria","o__Azospirillales","f__Azospirillaceae","g__Nitrospirillum",NA,NA,"g__Nitrospirillum"
"g__Herpetosiphon","k__Bacteria","p__Chloroflexi","c__Chloroflexia","o__Chloroflexales","f__Herpetosiphonaceae","g__Herpetosiphon",NA,NA,"g__Herpetosiphon"
"g__Gemmatirosa","k__Bacteria","p__Gemmatimonadota","c__Gemmatimonadetes","o__Gemmatimonadales","f__Gemmatimonadaceae","g__Gemmatirosa",NA,NA,"g__Gemmatirosa"
"g__Permianibacter","k__Bacteria","p__Proteobacteria","c__Gammaproteobacteria","o__Pseudomonadales","f__Moraxellaceae","g__Permianibacter",NA,NA,"g__Permianibacter"
"g__Armatimonas","k__Bacteria","p__Armatimonadota","c__Armatimonadia","o__Armatimonadales","f__Armatimonadaceae","g__Armatimonas",NA,NA,"g__Armatimonas"
"Unclass_o__FFCH16263","k__Bacteria","p__Actinobacteriota","c__Actinobacteria","o__FFCH16263","f__","Unclass_o__FFCH16263",NA,NA,"Unclass_o__FFCH16263"
"g__Spirosoma","k__Bacteria","p__Bacteroidota","c__Bacteroidia","o__Cytophagales","f__Spirosomaceae","g__Spirosoma",NA,NA,"g__Spirosoma"
"g__Amnibacterium","k__Bacteria","p__Actinobacteriota","c__Actinobacteria","o__Micrococcales","f__Microbacteriaceae","g__Amnibacterium",NA,NA,"g__Amnibacterium"
"g__Kaistia","k__Bacteria","p__Proteobacteria","c__Alphaproteobacteria","o__Rhizobiales","f__Kaistiaceae","g__Kaistia",NA,NA,"g__Kaistia"
"g__Alsobacter","k__Bacteria","p__Proteobacteria","c__Alphaproteobacteria","o__Rhizobiales","f__","g__Alsobacter",NA,NA,"g__Alsobacter"
"g__CM1G08","k__Bacteria","p__Proteobacteria","c__Gammaproteobacteria","o__Burkholderiales","f__Oxalobacteraceae","g__CM1G08",NA,NA,"g__CM1G08"
"Unclass_f__Chthoniobacteraceae","k__Bacteria","p__Verrucomicrobiota","c__Verrucomicrobiae","o__Chthoniobacterales","f__Chthoniobacteraceae","Unclass_f__Chthoniobacteraceae",NA,NA,"Unclass_f__Chthoniobacteraceae"
"Unclass_f__Hyphomicrobiaceae","k__Bacteria","p__Proteobacteria","c__Alphaproteobacteria","o__Rhizobiales","f__Hyphomicrobiaceae","Unclass_f__Hyphomicrobiaceae",NA,NA,"Unclass_f__Hyphomicrobiaceae"
"g__Parablastomonas","k__Bacteria","p__Proteobacteria","c__Alphaproteobacteria","o__Sphingomonadales","f__Sphingomonadaceae","g__Parablastomonas",NA,NA,"g__Parablastomonas"
"g__Solimonas","k__Bacteria","p__Proteobacteria","c__Gammaproteobacteria","o__Salinisphaerales","f__Solimonadaceae","g__Solimonas",NA,NA,"g__Solimonas"
"g__Fibrella","k__Bacteria","p__Bacteroidota","c__Bacteroidia","o__Cytophagales","f__Spirosomaceae","g__Fibrella",NA,NA,"g__Fibrella"
"Unclass_f__Solimonadaceae","k__Bacteria","p__Proteobacteria","c__Gammaproteobacteria","o__Salinisphaerales","f__Solimonadaceae","Unclass_f__Solimonadaceae",NA,NA,"Unclass_f__Solimonadaceae"
"Unclass_f__Azospirillaceae","k__Bacteria","p__Proteobacteria","c__Alphaproteobacteria","o__Azospirillales","f__Azospirillaceae","Unclass_f__Azospirillaceae",NA,NA,"Unclass_f__Azospirillaceae"
"g__Litorilinea","k__Bacteria","p__Chloroflexi","c__Anaerolineae","o__Caldilineales","f__Caldilineaceae","g__Litorilinea",NA,NA,"g__Litorilinea"
"g__Flavihumibacter","k__Bacteria","p__Bacteroidota","c__Bacteroidia","o__Chitinophagales","f__Chitinophagaceae","g__Flavihumibacter",NA,NA,"g__Flavihumibacter"
"g__Polyangium","k__Bacteria","p__Myxococcota","c__Polyangia","o__Polyangiales","f__Polyangiaceae","g__Polyangium",NA,NA,"g__Polyangium"
"g__Rhodopseudomonas","k__Bacteria","p__Proteobacteria","c__Alphaproteobacteria","o__Rhizobiales","f__Xanthobacteraceae","g__Rhodopseudomonas",NA,NA,"g__Rhodopseudomonas"
"Unclass_o__Bacteroidetes VC2.1 Bac22","k__Bacteria","p__Bacteroidota","c__Bacteroidia","o__Bacteroidetes VC2.1 Bac22","f__","Unclass_o__Bacteroidetes VC2.1 Bac22",NA,NA,"Unclass_o__Bacteroidetes VC2.1 Bac22"
"g__Rugosimonospora","k__Bacteria","p__Actinobacteriota","c__Actinobacteria","o__Micromonosporales","f__Micromonosporaceae","g__Rugosimonospora",NA,NA,"g__Rugosimonospora"
"g__Flexibacter","k__Bacteria","p__Bacteroidota","c__Bacteroidia","o__Cytophagales","f__Microscillaceae","g__Flexibacter",NA,NA,"g__Flexibacter"
"Unclass_o__UA11","k__Bacteria","p__Verrucomicrobiota","c__Verrucomicrobiae","o__UA11","f__","Unclass_o__UA11",NA,NA,"Unclass_o__UA11"
"Unclass_o__JG36-TzT-191","k__Bacteria","p__Proteobacteria","c__Gammaproteobacteria","o__JG36-TzT-191","f__","Unclass_o__JG36-TzT-191",NA,NA,"Unclass_o__JG36-TzT-191"
"Unclass_p__WS2","k__Bacteria","p__WS2","c__","o__","f__","Unclass_p__WS2",NA,NA,"Unclass_p__WS2"
"g__Tumebacillus","k__Bacteria","p__Firmicutes","c__Bacilli","o__Alicyclobacillales","f__Alicyclobacillaceae","g__Tumebacillus",NA,NA,"g__Tumebacillus"
"Unclass_f__Diplorickettsiaceae","k__Bacteria","p__Proteobacteria","c__Gammaproteobacteria","o__Diplorickettsiales","f__Diplorickettsiaceae","Unclass_f__Diplorickettsiaceae",NA,NA,"Unclass_f__Diplorickettsiaceae"
"Unclass_f__Rhizobiaceae","k__Bacteria","p__Proteobacteria","c__Alphaproteobacteria","o__Rhizobiales","f__Rhizobiaceae","Unclass_f__Rhizobiaceae",NA,NA,"Unclass_f__Rhizobiaceae"
"g__AKYG587","k__Bacteria","p__Planctomycetota","c__Phycisphaerae","o__Phycisphaerales","f__Phycisphaeraceae","g__AKYG587",NA,NA,"g__AKYG587"
"Unclass_f__Stappiaceae","k__Bacteria","p__Proteobacteria","c__Alphaproteobacteria","o__Rhizobiales","f__Stappiaceae","Unclass_f__Stappiaceae",NA,NA,"Unclass_f__Stappiaceae"
"Unclass_o__Thermotogales","k__Bacteria","p__Thermotogota","c__Thermotogae","o__Thermotogales","f__","Unclass_o__Thermotogales",NA,NA,"Unclass_o__Thermotogales"
"g__GKS98 freshwater group","k__Bacteria","p__Proteobacteria","c__Gammaproteobacteria","o__Burkholderiales","f__Alcaligenaceae","g__GKS98 freshwater group",NA,NA,"g__GKS98 freshwater group"
"g__Terracidiphilus","k__Bacteria","p__Acidobacteriota","c__Acidobacteriae","o__Acidobacteriales","f__Acidobacteriaceae (Subgroup 1)","g__Terracidiphilus",NA,NA,"g__Terracidiphilus"
"Unclass_f__Gimesiaceae","k__Bacteria","p__Planctomycetota","c__Planctomycetes","o__Planctomycetales","f__Gimesiaceae","Unclass_f__Gimesiaceae",NA,NA,"Unclass_f__Gimesiaceae"
"Unclass_o__VHS-B3-70","k__Bacteria","p__Myxococcota","c__Polyangia","o__VHS-B3-70","f__","Unclass_o__VHS-B3-70",NA,NA,"Unclass_o__VHS-B3-70"
"g__Tahibacter","k__Bacteria","p__Proteobacteria","c__Gammaproteobacteria","o__Xanthomonadales","f__Rhodanobacteraceae","g__Tahibacter",NA,NA,"g__Tahibacter"
"g__Azohydromonas","k__Bacteria","p__Proteobacteria","c__Gammaproteobacteria","o__Burkholderiales","f__Comamonadaceae","g__Azohydromonas",NA,NA,"g__Azohydromonas"
"Unclass_c__Bathyarchaeia","k__Archaea","p__Crenarchaeota","c__Bathyarchaeia","o__","f__","Unclass_c__Bathyarchaeia",NA,NA,"Unclass_c__Bathyarchaeia"
"Unclass_c__Bacilli","k__Bacteria","p__Firmicutes","c__Bacilli","o__","f__","Unclass_c__Bacilli",NA,NA,"Unclass_c__Bacilli"
"Unclass_f__Cyclobacteriaceae","k__Bacteria","p__Bacteroidota","c__Bacteroidia","o__Cytophagales","f__Cyclobacteriaceae","Unclass_f__Cyclobacteriaceae",NA,NA,"Unclass_f__Cyclobacteriaceae"
"Unclass_f__FFCH9454","k__Bacteria","p__Bacteroidota","c__Bacteroidia","o__Sphingobacteriales","f__FFCH9454","Unclass_f__FFCH9454",NA,NA,"Unclass_f__FFCH9454"
"g__FFCH7168","k__Bacteria","p__Chloroflexi","c__Chloroflexia","o__Chloroflexales","f__Chloroflexaceae","g__FFCH7168",NA,NA,"g__FFCH7168"
"g__Sandarakinorhabdus","k__Bacteria","p__Proteobacteria","c__Alphaproteobacteria","o__Sphingomonadales","f__Sphingomonadaceae","g__Sandarakinorhabdus",NA,NA,"g__Sandarakinorhabdus"
"g__Aliidongia","k__Bacteria","p__Proteobacteria","c__Alphaproteobacteria","o__Elsterales","f__Elsteraceae","g__Aliidongia",NA,NA,"g__Aliidongia"
"g__Legionella","k__Bacteria","p__Proteobacteria","c__Gammaproteobacteria","o__Legionellales","f__Legionellaceae","g__Legionella",NA,NA,"g__Legionella"
"g__Spirillospora","k__Bacteria","p__Actinobacteriota","c__Actinobacteria","o__Streptosporangiales","f__Thermomonosporaceae","g__Spirillospora",NA,NA,"g__Spirillospora"
"Unclass_f__Chlamydiaceae","k__Bacteria","p__Verrucomicrobiota","c__Chlamydiae","o__Chlamydiales","f__Chlamydiaceae","Unclass_f__Chlamydiaceae",NA,NA,"Unclass_f__Chlamydiaceae"
"g__Acidisoma","k__Bacteria","p__Proteobacteria","c__Alphaproteobacteria","o__Acetobacterales","f__Acetobacteraceae","g__Acidisoma",NA,NA,"g__Acidisoma"
"g__Larkinella","k__Bacteria","p__Bacteroidota","c__Bacteroidia","o__Cytophagales","f__Spirosomaceae","g__Larkinella",NA,NA,"g__Larkinella"
"g__Microcoleus SAG 1449-1a","k__Bacteria","p__Cyanobacteria","c__Cyanobacteriia","o__Cyanobacteriales","f__Coleofasciculaceae","g__Microcoleus SAG 1449-1a",NA,NA,"g__Microcoleus SAG 1449-1a"
"Unclass_f__A0839","k__Bacteria","p__Proteobacteria","c__Alphaproteobacteria","o__Rhizobiales","f__A0839","Unclass_f__A0839",NA,NA,"Unclass_f__A0839"
"g__Candidatus Paracaedibacter","k__Bacteria","p__Proteobacteria","c__Alphaproteobacteria","o__Paracaedibacterales","f__Paracaedibacteraceae","g__Candidatus Paracaedibacter",NA,NA,"g__Candidatus Paracaedibacter"
"Unclass_f__Nocardiaceae","k__Bacteria","p__Actinobacteriota","c__Actinobacteria","o__Corynebacteriales","f__Nocardiaceae","Unclass_f__Nocardiaceae",NA,NA,"Unclass_f__Nocardiaceae"
"g__Clostridium sensu stricto 13","k__Bacteria","p__Firmicutes","c__Clostridia","o__Clostridiales","f__Clostridiaceae","g__Clostridium sensu stricto 13",NA,NA,"g__Clostridium sensu stricto 13"
"g__Tuwongella","k__Bacteria","p__Planctomycetota","c__Planctomycetes","o__Gemmatales","f__Gemmataceae","g__Tuwongella",NA,NA,"g__Tuwongella"
"g__Herbaspirillum","k__Bacteria","p__Proteobacteria","c__Gammaproteobacteria","o__Burkholderiales","f__Oxalobacteraceae","g__Herbaspirillum",NA,NA,"g__Herbaspirillum"
"Unclass_f__Methylopilaceae","k__Bacteria","p__Proteobacteria","c__Alphaproteobacteria","o__Rhizobiales","f__Methylopilaceae","Unclass_f__Methylopilaceae",NA,NA,"Unclass_f__Methylopilaceae"
"Unclass_p__Gemmatimonadota","k__Bacteria","p__Gemmatimonadota","c__","o__","f__","Unclass_p__Gemmatimonadota",NA,NA,"Unclass_p__Gemmatimonadota"
"Unclass_c__Planctomycetes","k__Bacteria","p__Planctomycetota","c__Planctomycetes","o__","f__","Unclass_c__Planctomycetes",NA,NA,"Unclass_c__Planctomycetes"
"Unclass_o__EV818SWSAP88","k__Bacteria","p__Proteobacteria","c__Gammaproteobacteria","o__EV818SWSAP88","f__","Unclass_o__EV818SWSAP88",NA,NA,"Unclass_o__EV818SWSAP88"
"Unclass_f__Frankiaceae","k__Bacteria","p__Actinobacteriota","c__Actinobacteria","o__Frankiales","f__Frankiaceae","Unclass_f__Frankiaceae",NA,NA,"Unclass_f__Frankiaceae"
"Unclass_o__SAR202 clade","k__Bacteria","p__Chloroflexi","c__Dehalococcoidia","o__SAR202 clade","f__","Unclass_o__SAR202 clade",NA,NA,"Unclass_o__SAR202 clade"
"Unclass_f__Cytophagaceae","k__Bacteria","p__Bacteroidota","c__Bacteroidia","o__Cytophagales","f__Cytophagaceae","Unclass_f__Cytophagaceae",NA,NA,"Unclass_f__Cytophagaceae"
"g__Lysinimonas","k__Bacteria","p__Actinobacteriota","c__Actinobacteria","o__Micrococcales","f__Microbacteriaceae","g__Lysinimonas",NA,NA,"g__Lysinimonas"
"g__Nitrolancea","k__Bacteria","p__Chloroflexi","c__Chloroflexia","o__Thermomicrobiales","f__Thermomicrobiaceae","g__Nitrolancea",NA,NA,"g__Nitrolancea"
"g__Ktedonobacter","k__Bacteria","p__Chloroflexi","c__Ktedonobacteria","o__Ktedonobacterales","f__Ktedonobacteraceae","g__Ktedonobacter",NA,NA,"g__Ktedonobacter"
"Unclass_o__PB19","k__Bacteria","p__Desulfobacterota","c__Desulfuromonadia","o__PB19","f__","Unclass_o__PB19",NA,NA,"Unclass_o__PB19"
"g__Kutzneria","k__Bacteria","p__Actinobacteriota","c__Actinobacteria","o__Pseudonocardiales","f__Pseudonocardiaceae","g__Kutzneria",NA,NA,"g__Kutzneria"
"g__Pseudenhygromyxa","k__Bacteria","p__Myxococcota","c__Polyangia","o__Nannocystales","f__Nannocystaceae","g__Pseudenhygromyxa",NA,NA,"g__Pseudenhygromyxa"
"g__Limibaculum","k__Bacteria","p__Proteobacteria","c__Alphaproteobacteria","o__Rhodobacterales","f__Rhodobacteraceae","g__Limibaculum",NA,NA,"g__Limibaculum"
"Unclass_f__Fibrobacteraceae","k__Bacteria","p__Fibrobacterota","c__Fibrobacteria","o__Fibrobacterales","f__Fibrobacteraceae","Unclass_f__Fibrobacteraceae",NA,NA,"Unclass_f__Fibrobacteraceae"
"g__Cryptosporangium","k__Bacteria","p__Actinobacteriota","c__Actinobacteria","o__Frankiales","f__Cryptosporangiaceae","g__Cryptosporangium",NA,NA,"g__Cryptosporangium"
"g__Constrictibacter","k__Bacteria","p__Proteobacteria","c__Alphaproteobacteria","o__Puniceispirillales","f__","g__Constrictibacter",NA,NA,"g__Constrictibacter"
"g__RS25G","k__Bacteria","p__Verrucomicrobiota","c__Verrucomicrobiae","o__Pedosphaerales","f__Pedosphaeraceae","g__RS25G",NA,NA,"g__RS25G"
"Unclass_o__Entomoplasmatales","k__Bacteria","p__Firmicutes","c__Bacilli","o__Entomoplasmatales","f__","Unclass_o__Entomoplasmatales",NA,NA,"Unclass_o__Entomoplasmatales"
"g__Rurimicrobium","k__Bacteria","p__Bacteroidota","c__Bacteroidia","o__Chitinophagales","f__Chitinophagaceae","g__Rurimicrobium",NA,NA,"g__Rurimicrobium"
"Unclass_o__Elev-16S-1166","k__Bacteria","p__Acidobacteriota","c__Acidobacteriae","o__Elev-16S-1166","f__","Unclass_o__Elev-16S-1166",NA,NA,"Unclass_o__Elev-16S-1166"
"Unclass_o__B12-WMSP1","k__Bacteria","p__Chloroflexi","c__Ktedonobacteria","o__B12-WMSP1","f__","Unclass_o__B12-WMSP1",NA,NA,"Unclass_o__B12-WMSP1"
"Unclass_o__Subgroup 12","k__Bacteria","p__Acidobacteriota","c__Acidobacteriae","o__Subgroup 12","f__","Unclass_o__Subgroup 12",NA,NA,"Unclass_o__Subgroup 12"
"g__Longispora","k__Bacteria","p__Actinobacteriota","c__Actinobacteria","o__Micromonosporales","f__Micromonosporaceae","g__Longispora",NA,NA,"g__Longispora"
"Unclass_f__UBA12409","k__Bacteria","p__Dependentiae","c__Babeliae","o__Babeliales","f__UBA12409","Unclass_f__UBA12409",NA,NA,"Unclass_f__UBA12409"
"g__UBA6140","k__Bacteria","p__Proteobacteria","c__Gammaproteobacteria","o__Burkholderiales","f__Methylophilaceae","g__UBA6140",NA,NA,"g__UBA6140"
"g__Candidimonas","k__Bacteria","p__Proteobacteria","c__Gammaproteobacteria","o__Burkholderiales","f__Alcaligenaceae","g__Candidimonas",NA,NA,"g__Candidimonas"
"g__Dechloromonas","k__Bacteria","p__Proteobacteria","c__Gammaproteobacteria","o__Burkholderiales","f__Rhodocyclaceae","g__Dechloromonas",NA,NA,"g__Dechloromonas"
"Unclass_f__LWQ8","k__Bacteria","p__Patescibacteria","c__Saccharimonadia","o__Saccharimonadales","f__LWQ8","Unclass_f__LWQ8",NA,NA,"Unclass_f__LWQ8"
"g__Pseudoduganella","k__Bacteria","p__Proteobacteria","c__Gammaproteobacteria","o__Burkholderiales","f__Oxalobacteraceae","g__Pseudoduganella",NA,NA,"g__Pseudoduganella"
"Unclass_c__AT-s3-28","k__Bacteria","p__Acidobacteriota","c__AT-s3-28","o__","f__","Unclass_c__AT-s3-28",NA,NA,"Unclass_c__AT-s3-28"
"Unclass_f__Paludibacteraceae","k__Bacteria","p__Bacteroidota","c__Bacteroidia","o__Bacteroidales","f__Paludibacteraceae","Unclass_f__Paludibacteraceae",NA,NA,"Unclass_f__Paludibacteraceae"
"g__Hymenobacter","k__Bacteria","p__Bacteroidota","c__Bacteroidia","o__Cytophagales","f__Hymenobacteraceae","g__Hymenobacter",NA,NA,"g__Hymenobacter"
"Unclass_f__Paracaedibacteraceae","k__Bacteria","p__Proteobacteria","c__Alphaproteobacteria","o__Paracaedibacterales","f__Paracaedibacteraceae","Unclass_f__Paracaedibacteraceae",NA,NA,"Unclass_f__Paracaedibacteraceae"
"Unclass_o__Polyangiales","k__Bacteria","p__Myxococcota","c__Polyangia","o__Polyangiales","f__","Unclass_o__Polyangiales",NA,NA,"Unclass_o__Polyangiales"
"g__Rhodopila","k__Bacteria","p__Proteobacteria","c__Alphaproteobacteria","o__Acetobacterales","f__Acetobacteraceae","g__Rhodopila",NA,NA,"g__Rhodopila"
"g__Tenggerimyces","k__Bacteria","p__Actinobacteriota","c__Actinobacteria","o__Propionibacteriales","f__Nocardioidaceae","g__Tenggerimyces",NA,NA,"g__Tenggerimyces"
"Unclass_f__Rhodobacteraceae","k__Bacteria","p__Proteobacteria","c__Alphaproteobacteria","o__Rhodobacterales","f__Rhodobacteraceae","Unclass_f__Rhodobacteraceae",NA,NA,"Unclass_f__Rhodobacteraceae"
"g__Georgfuchsia","k__Bacteria","p__Proteobacteria","c__Gammaproteobacteria","o__Burkholderiales","f__Rhodocyclaceae","g__Georgfuchsia",NA,NA,"g__Georgfuchsia"
"g__Serratia","k__Bacteria","p__Proteobacteria","c__Gammaproteobacteria","o__Enterobacterales","f__Yersiniaceae","g__Serratia",NA,NA,"g__Serratia"
"Unclass_f__Ardenticatenaceae","k__Bacteria","p__Chloroflexi","c__Anaerolineae","o__Ardenticatenales","f__Ardenticatenaceae","Unclass_f__Ardenticatenaceae",NA,NA,"Unclass_f__Ardenticatenaceae"
"g__Balneatrix","k__Bacteria","p__Proteobacteria","c__Gammaproteobacteria","o__Pseudomonadales","f__Nitrincolaceae","g__Balneatrix",NA,NA,"g__Balneatrix"
"g__Flaviaesturariibacter","k__Bacteria","p__Bacteroidota","c__Bacteroidia","o__Chitinophagales","f__Chitinophagaceae","g__Flaviaesturariibacter",NA,NA,"g__Flaviaesturariibacter"
"g__Bacteriovorax","k__Bacteria","p__Bdellovibrionota","c__Bdellovibrionia","o__Bacteriovoracales","f__Bacteriovoracaceae","g__Bacteriovorax",NA,NA,"g__Bacteriovorax"
"g__Pseudopelobacter","k__Bacteria","p__Desulfobacterota","c__Desulfuromonadia","o__Geobacterales","f__Pseudopelobacteraceae","g__Pseudopelobacter",NA,NA,"g__Pseudopelobacter"
"g__Chiayiivirga","k__Bacteria","p__Proteobacteria","c__Gammaproteobacteria","o__Xanthomonadales","f__Rhodanobacteraceae","g__Chiayiivirga",NA,NA,"g__Chiayiivirga"
"g__Derxia","k__Bacteria","p__Proteobacteria","c__Gammaproteobacteria","o__Burkholderiales","f__Alcaligenaceae","g__Derxia",NA,NA,"g__Derxia"
"g__JTB255 marine benthic group","k__Bacteria","p__Proteobacteria","c__Gammaproteobacteria","o__Steroidobacterales","f__Woeseiaceae","g__JTB255 marine benthic group",NA,NA,"g__JTB255 marine benthic group"
"g__Methylovirgula","k__Bacteria","p__Proteobacteria","c__Alphaproteobacteria","o__Rhizobiales","f__Beijerinckiaceae","g__Methylovirgula",NA,NA,"g__Methylovirgula"
"Unclass_o__Candidatus Nomurabacteria","k__Bacteria","p__Patescibacteria","c__Parcubacteria","o__Candidatus Nomurabacteria","f__","Unclass_o__Candidatus Nomurabacteria",NA,NA,"Unclass_o__Candidatus Nomurabacteria"
"g__Phreatobacter","k__Bacteria","p__Proteobacteria","c__Alphaproteobacteria","o__Rhizobiales","f__","g__Phreatobacter",NA,NA,"g__Phreatobacter"
"g__Hoeflea","k__Bacteria","p__Proteobacteria","c__Alphaproteobacteria","o__Rhizobiales","f__Rhizobiaceae","g__Hoeflea",NA,NA,"g__Hoeflea"
"g__Nostoc PCC-73102","k__Bacteria","p__Cyanobacteria","c__Cyanobacteriia","o__Cyanobacteriales","f__Nostocaceae","g__Nostoc PCC-73102",NA,NA,"g__Nostoc PCC-73102"
"Unclass_f__Eel-36e1D6","k__Bacteria","p__Myxococcota","c__Polyangia","o__Polyangiales","f__Eel-36e1D6","Unclass_f__Eel-36e1D6",NA,NA,"Unclass_f__Eel-36e1D6"
"Unclass_o__Chthoniobacterales","k__Bacteria","p__Verrucomicrobiota","c__Verrucomicrobiae","o__Chthoniobacterales","f__","Unclass_o__Chthoniobacterales",NA,NA,"Unclass_o__Chthoniobacterales"
"g__Goodfellowiella","k__Bacteria","p__Actinobacteriota","c__Actinobacteria","o__Pseudonocardiales","f__Pseudonocardiaceae","g__Goodfellowiella",NA,NA,"g__Goodfellowiella"
"g__Methylibium","k__Bacteria","p__Proteobacteria","c__Gammaproteobacteria","o__Burkholderiales","f__Comamonadaceae","g__Methylibium",NA,NA,"g__Methylibium"
"Unclass_o__Candidatus Uhrbacteria","k__Bacteria","p__Patescibacteria","c__ABY1","o__Candidatus Uhrbacteria","f__","Unclass_o__Candidatus Uhrbacteria",NA,NA,"Unclass_o__Candidatus Uhrbacteria"
"Unclass_o__Candidatus Pacebacteria","k__Bacteria","p__Patescibacteria","c__Microgenomatia","o__Candidatus Pacebacteria","f__","Unclass_o__Candidatus Pacebacteria",NA,NA,"Unclass_o__Candidatus Pacebacteria"
"g__Ferritrophicum","k__Bacteria","p__Proteobacteria","c__Gammaproteobacteria","o__Burkholderiales","f__Sulfuricellaceae","g__Ferritrophicum",NA,NA,"g__Ferritrophicum"
"g__Silvanigrella","k__Bacteria","p__Bdellovibrionota","c__Oligoflexia","o__Silvanigrellales","f__Silvanigrellaceae","g__Silvanigrella",NA,NA,"g__Silvanigrella"
"g__Lapillicoccus","k__Bacteria","p__Actinobacteriota","c__Actinobacteria","o__Micrococcales","f__Intrasporangiaceae","g__Lapillicoccus",NA,NA,"g__Lapillicoccus"
"Unclass_f__01D2Z36","k__Bacteria","p__Verrucomicrobiota","c__Verrucomicrobiae","o__Chthoniobacterales","f__01D2Z36","Unclass_f__01D2Z36",NA,NA,"Unclass_f__01D2Z36"
"Unclass_f__Rickettsiaceae","k__Bacteria","p__Proteobacteria","c__Alphaproteobacteria","o__Rickettsiales","f__Rickettsiaceae","Unclass_f__Rickettsiaceae",NA,NA,"Unclass_f__Rickettsiaceae"
"g__Allocatelliglobosispora","k__Bacteria","p__Actinobacteriota","c__Actinobacteria","o__Micromonosporales","f__Micromonosporaceae","g__Allocatelliglobosispora",NA,NA,"g__Allocatelliglobosispora"
"g__WCHB1-32","k__Bacteria","p__Bacteroidota","c__Bacteroidia","o__Bacteroidales","f__Prolixibacteraceae","g__WCHB1-32",NA,NA,"g__WCHB1-32"
"g__Clostridium sensu stricto 1","k__Bacteria","p__Firmicutes","c__Clostridia","o__Clostridiales","f__Clostridiaceae","g__Clostridium sensu stricto 1",NA,NA,"g__Clostridium sensu stricto 1"
"g__Ensifer","k__Bacteria","p__Proteobacteria","c__Alphaproteobacteria","o__Rhizobiales","f__Rhizobiaceae","g__Ensifer",NA,NA,"g__Ensifer"
"Unclass_o__Ga0077536","k__Bacteria","p__Proteobacteria","c__Gammaproteobacteria","o__Ga0077536","f__","Unclass_o__Ga0077536",NA,NA,"Unclass_o__Ga0077536"
"g__Fictibacillus","k__Bacteria","p__Firmicutes","c__Bacilli","o__Bacillales","f__Bacillaceae","g__Fictibacillus",NA,NA,"g__Fictibacillus"
"g__Georgenia","k__Bacteria","p__Actinobacteriota","c__Actinobacteria","o__Micrococcales","f__Bogoriellaceae","g__Georgenia",NA,NA,"g__Georgenia"
"Unclass_f__Symbiobacteraceae","k__Bacteria","p__Firmicutes","c__Symbiobacteriia","o__Symbiobacteriales","f__Symbiobacteraceae","Unclass_f__Symbiobacteraceae",NA,NA,"Unclass_f__Symbiobacteraceae"
"Unclass_f__Parachlamydiaceae","k__Bacteria","p__Verrucomicrobiota","c__Chlamydiae","o__Chlamydiales","f__Parachlamydiaceae","Unclass_f__Parachlamydiaceae",NA,NA,"Unclass_f__Parachlamydiaceae"
"Unclass_f__Rhodothermaceae","k__Bacteria","p__Bacteroidota","c__Rhodothermia","o__Rhodothermales","f__Rhodothermaceae","Unclass_f__Rhodothermaceae",NA,NA,"Unclass_f__Rhodothermaceae"
"g__Dokdonella","k__Bacteria","p__Proteobacteria","c__Gammaproteobacteria","o__Xanthomonadales","f__Rhodanobacteraceae","g__Dokdonella",NA,NA,"g__Dokdonella"
"Unclass_o__Candidatus Yonathbacteria","k__Bacteria","p__Patescibacteria","c__Parcubacteria","o__Candidatus Yonathbacteria","f__","Unclass_o__Candidatus Yonathbacteria",NA,NA,"Unclass_o__Candidatus Yonathbacteria"
"Unclass_f__Holosporaceae","k__Bacteria","p__Proteobacteria","c__Alphaproteobacteria","o__Holosporales","f__Holosporaceae","Unclass_f__Holosporaceae",NA,NA,"Unclass_f__Holosporaceae"
"g__Limnobacter","k__Bacteria","p__Proteobacteria","c__Gammaproteobacteria","o__Burkholderiales","f__Burkholderiaceae","g__Limnobacter",NA,NA,"g__Limnobacter"
"g__Sphingorhabdus","k__Bacteria","p__Proteobacteria","c__Alphaproteobacteria","o__Sphingomonadales","f__Sphingomonadaceae","g__Sphingorhabdus",NA,NA,"g__Sphingorhabdus"
"g__Psychrobacillus","k__Bacteria","p__Firmicutes","c__Bacilli","o__Bacillales","f__Planococcaceae","g__Psychrobacillus",NA,NA,"g__Psychrobacillus"
"g__OLB13","k__Bacteria","p__Chloroflexi","c__Anaerolineae","o__SBR1031","f__A4b","g__OLB13",NA,NA,"g__OLB13"
"Unclass_f__Silvanigrellaceae","k__Bacteria","p__Bdellovibrionota","c__Oligoflexia","o__Silvanigrellales","f__Silvanigrellaceae","Unclass_f__Silvanigrellaceae",NA,NA,"Unclass_f__Silvanigrellaceae"
"Unclass_c__Subgroup 25","k__Bacteria","p__Acidobacteriota","c__Subgroup 25","o__","f__","Unclass_c__Subgroup 25",NA,NA,"Unclass_c__Subgroup 25"
"Unclass_f__Muribaculaceae","k__Bacteria","p__Bacteroidota","c__Bacteroidia","o__Bacteroidales","f__Muribaculaceae","Unclass_f__Muribaculaceae",NA,NA,"Unclass_f__Muribaculaceae"
"Unclass_f__Tepidisphaeraceae","k__Bacteria","p__Planctomycetota","c__Phycisphaerae","o__Tepidisphaerales","f__Tepidisphaeraceae","Unclass_f__Tepidisphaeraceae",NA,NA,"Unclass_f__Tepidisphaeraceae"
"Unclass_f__WWH38","k__Bacteria","p__Patescibacteria","c__Saccharimonadia","o__Saccharimonadales","f__WWH38","Unclass_f__WWH38",NA,NA,"Unclass_f__WWH38"
"g__PMMR1","k__Bacteria","p__Proteobacteria","c__Alphaproteobacteria","o__Caulobacterales","f__Caulobacteraceae","g__PMMR1",NA,NA,"g__PMMR1"
"g__Propionicicella","k__Bacteria","p__Actinobacteriota","c__Actinobacteria","o__Propionibacteriales","f__Propionibacteriaceae","g__Propionicicella",NA,NA,"g__Propionicicella"
"g__Rathayibacter","k__Bacteria","p__Actinobacteriota","c__Actinobacteria","o__Micrococcales","f__Microbacteriaceae","g__Rathayibacter",NA,NA,"g__Rathayibacter"
"g__Parafilimonas","k__Bacteria","p__Bacteroidota","c__Bacteroidia","o__Chitinophagales","f__Chitinophagaceae","g__Parafilimonas",NA,NA,"g__Parafilimonas"
"g__Rhodovarius","k__Bacteria","p__Proteobacteria","c__Alphaproteobacteria","o__Acetobacterales","f__Acetobacteraceae","g__Rhodovarius",NA,NA,"g__Rhodovarius"
"Unclass_f__Oligoflexaceae","k__Bacteria","p__Bdellovibrionota","c__Oligoflexia","o__Oligoflexales","f__Oligoflexaceae","Unclass_f__Oligoflexaceae",NA,NA,"Unclass_f__Oligoflexaceae"
"g__Coxiella","k__Bacteria","p__Proteobacteria","c__Gammaproteobacteria","o__Coxiellales","f__Coxiellaceae","g__Coxiella",NA,NA,"g__Coxiella"
"g__Acidiphilium","k__Bacteria","p__Proteobacteria","c__Alphaproteobacteria","o__Acetobacterales","f__Acetobacteraceae","g__Acidiphilium",NA,NA,"g__Acidiphilium"
"g__Niveibacterium","k__Bacteria","p__Proteobacteria","c__Gammaproteobacteria","o__Burkholderiales","f__Rhodocyclaceae","g__Niveibacterium",NA,NA,"g__Niveibacterium"
"Unclass_o__Babeliales","k__Bacteria","p__Dependentiae","c__Babeliae","o__Babeliales","f__","Unclass_o__Babeliales",NA,NA,"Unclass_o__Babeliales"
"g__Methylocapsa","k__Bacteria","p__Proteobacteria","c__Alphaproteobacteria","o__Rhizobiales","f__Beijerinckiaceae","g__Methylocapsa",NA,NA,"g__Methylocapsa"
"g__Methylophilus","k__Bacteria","p__Proteobacteria","c__Gammaproteobacteria","o__Burkholderiales","f__Methylophilaceae","g__Methylophilus",NA,NA,"g__Methylophilus"
"Unclass_c__Gracilibacteria","k__Bacteria","p__Patescibacteria","c__Gracilibacteria","o__","f__","Unclass_c__Gracilibacteria",NA,NA,"Unclass_c__Gracilibacteria"
"Unclass_f__Cellvibrionaceae","k__Bacteria","p__Proteobacteria","c__Gammaproteobacteria","o__Pseudomonadales","f__Cellvibrionaceae","Unclass_f__Cellvibrionaceae",NA,NA,"Unclass_f__Cellvibrionaceae"
"Unclass_c__Verrucomicrobiae","k__Bacteria","p__Verrucomicrobiota","c__Verrucomicrobiae","o__","f__","Unclass_c__Verrucomicrobiae",NA,NA,"Unclass_c__Verrucomicrobiae"
"g__Rufibacter","k__Bacteria","p__Bacteroidota","c__Bacteroidia","o__Cytophagales","f__Hymenobacteraceae","g__Rufibacter",NA,NA,"g__Rufibacter"
"g__Catenuloplanes","k__Bacteria","p__Actinobacteriota","c__Actinobacteria","o__Micromonosporales","f__Micromonosporaceae","g__Catenuloplanes",NA,NA,"g__Catenuloplanes"
"Unclass_o__Candidatus Woesebacteria","k__Bacteria","p__Patescibacteria","c__Microgenomatia","o__Candidatus Woesebacteria","f__","Unclass_o__Candidatus Woesebacteria",NA,NA,"Unclass_o__Candidatus Woesebacteria"
"g__Clostridium sensu stricto 9","k__Bacteria","p__Firmicutes","c__Clostridia","o__Clostridiales","f__Clostridiaceae","g__Clostridium sensu stricto 9",NA,NA,"g__Clostridium sensu stricto 9"
"g__Oerskovia","k__Bacteria","p__Actinobacteriota","c__Actinobacteria","o__Micrococcales","f__Cellulomonadaceae","g__Oerskovia",NA,NA,"g__Oerskovia"
"Unclass_o__WN-HWB-116","k__Bacteria","p__Proteobacteria","c__Gammaproteobacteria","o__WN-HWB-116","f__","Unclass_o__WN-HWB-116",NA,NA,"Unclass_o__WN-HWB-116"
"g__Falsirhodobacter","k__Bacteria","p__Proteobacteria","c__Alphaproteobacteria","o__Rhodobacterales","f__Rhodobacteraceae","g__Falsirhodobacter",NA,NA,"g__Falsirhodobacter"
"g__Hydrogenophaga","k__Bacteria","p__Proteobacteria","c__Gammaproteobacteria","o__Burkholderiales","f__Comamonadaceae","g__Hydrogenophaga",NA,NA,"g__Hydrogenophaga"
"g__Vampirovibrio","k__Bacteria","p__Cyanobacteria","c__Vampirivibrionia","o__Vampirovibrionales","f__Vampirovibrionaceae","g__Vampirovibrio",NA,NA,"g__Vampirovibrio"
"Unclass_p__Proteobacteria","k__Bacteria","p__Proteobacteria","c__","o__","f__","Unclass_p__Proteobacteria",NA,NA,"Unclass_p__Proteobacteria"
"g__Terriglobus","k__Bacteria","p__Acidobacteriota","c__Acidobacteriae","o__Acidobacteriales","f__Acidobacteriaceae (Subgroup 1)","g__Terriglobus",NA,NA,"g__Terriglobus"
"g__BD1-7 clade","k__Bacteria","p__Proteobacteria","c__Gammaproteobacteria","o__Pseudomonadales","f__Spongiibacteraceae","g__BD1-7 clade",NA,NA,"g__BD1-7 clade"
"Unclass_p__Patescibacteria","k__Bacteria","p__Patescibacteria","c__","o__","f__","Unclass_p__Patescibacteria",NA,NA,"Unclass_p__Patescibacteria"
"Unclass_o__PLTA13","k__Bacteria","p__Proteobacteria","c__Gammaproteobacteria","o__PLTA13","f__","Unclass_o__PLTA13",NA,NA,"Unclass_o__PLTA13"
"Unclass_o__S-70","k__Bacteria","p__Planctomycetota","c__Phycisphaerae","o__S-70","f__","Unclass_o__S-70",NA,NA,"Unclass_o__S-70"
"g__Dolosigranulum","k__Bacteria","p__Firmicutes","c__Bacilli","o__Lactobacillales","f__Carnobacteriaceae","g__Dolosigranulum",NA,NA,"g__Dolosigranulum"
"Unclass_f__Micavibrionaceae","k__Bacteria","p__Proteobacteria","c__Alphaproteobacteria","o__Micavibrionales","f__Micavibrionaceae","Unclass_f__Micavibrionaceae",NA,NA,"Unclass_f__Micavibrionaceae"
"Unclass_o__Flavobacteriales","k__Bacteria","p__Bacteroidota","c__Bacteroidia","o__Flavobacteriales","f__","Unclass_o__Flavobacteriales",NA,NA,"Unclass_o__Flavobacteriales"
"g__Brevifollis","k__Bacteria","p__Verrucomicrobiota","c__Verrucomicrobiae","o__Verrucomicrobiales","f__Verrucomicrobiaceae","g__Brevifollis",NA,NA,"g__Brevifollis"
"g__I-8","k__Bacteria","p__Planctomycetota","c__Phycisphaerae","o__Phycisphaerales","f__Phycisphaeraceae","g__I-8",NA,NA,"g__I-8"
"g__Skermania","k__Bacteria","p__Actinobacteriota","c__Actinobacteria","o__Corynebacteriales","f__Nocardiaceae","g__Skermania",NA,NA,"g__Skermania"
"Unclass_f__Neisseriaceae","k__Bacteria","p__Proteobacteria","c__Gammaproteobacteria","o__Burkholderiales","f__Neisseriaceae","Unclass_f__Neisseriaceae",NA,NA,"Unclass_f__Neisseriaceae"
"g__Anaerococcus","k__Bacteria","p__Firmicutes","c__Clostridia","o__Peptostreptococcales-Tissierellales","f__Family XI","g__Anaerococcus",NA,NA,"g__Anaerococcus"
"Unclass_o__Chlamydiales","k__Bacteria","p__Verrucomicrobiota","c__Chlamydiae","o__Chlamydiales","f__","Unclass_o__Chlamydiales",NA,NA,"Unclass_o__Chlamydiales"
"g__Sulfuritalea","k__Bacteria","p__Proteobacteria","c__Gammaproteobacteria","o__Burkholderiales","f__Rhodocyclaceae","g__Sulfuritalea",NA,NA,"g__Sulfuritalea"
"g__Paludisphaera","k__Bacteria","p__Planctomycetota","c__Planctomycetes","o__Isosphaerales","f__Isosphaeraceae","g__Paludisphaera",NA,NA,"g__Paludisphaera"
"g__Sulfurirhabdus","k__Bacteria","p__Proteobacteria","c__Gammaproteobacteria","o__Burkholderiales","f__Sulfuricellaceae","g__Sulfurirhabdus",NA,NA,"g__Sulfurirhabdus"
"Unclass_f__cvE6","k__Bacteria","p__Verrucomicrobiota","c__Chlamydiae","o__Chlamydiales","f__cvE6","Unclass_f__cvE6",NA,NA,"Unclass_f__cvE6"
"g__Aquicella","k__Bacteria","p__Proteobacteria","c__Gammaproteobacteria","o__Diplorickettsiales","f__Diplorickettsiaceae","g__Aquicella",NA,NA,"g__Aquicella"
"g__Frigoribacterium","k__Bacteria","p__Actinobacteriota","c__Actinobacteria","o__Micrococcales","f__Microbacteriaceae","g__Frigoribacterium",NA,NA,"g__Frigoribacterium"
"g__Aquamicrobium","k__Bacteria","p__Proteobacteria","c__Alphaproteobacteria","o__Rhizobiales","f__Rhizobiaceae","g__Aquamicrobium",NA,NA,"g__Aquamicrobium"
"g__Ideonella","k__Bacteria","p__Proteobacteria","c__Gammaproteobacteria","o__Burkholderiales","f__Comamonadaceae","g__Ideonella",NA,NA,"g__Ideonella"
"g__Candidatus Rhabdochlamydia","k__Bacteria","p__Verrucomicrobiota","c__Chlamydiae","o__Chlamydiales","f__Simkaniaceae","g__Candidatus Rhabdochlamydia",NA,NA,"g__Candidatus Rhabdochlamydia"
"g__Plantibacter","k__Bacteria","p__Actinobacteriota","c__Actinobacteria","o__Micrococcales","f__Microbacteriaceae","g__Plantibacter",NA,NA,"g__Plantibacter"
"g__FukuN18 freshwater group","k__Bacteria","p__Verrucomicrobiota","c__Verrucomicrobiae","o__Chthoniobacterales","f__Terrimicrobiaceae","g__FukuN18 freshwater group",NA,NA,"g__FukuN18 freshwater group"
"Unclass_o__Woesearchaeales","k__Archaea","p__Nanoarchaeota","c__Nanoarchaeia","o__Woesearchaeales","f__","Unclass_o__Woesearchaeales",NA,NA,"Unclass_o__Woesearchaeales"
"g__Marinilutecoccus","k__Bacteria","p__Actinobacteriota","c__Actinobacteria","o__Propionibacteriales","f__Propionibacteriaceae","g__Marinilutecoccus",NA,NA,"g__Marinilutecoccus"
"g__Streptococcus","k__Bacteria","p__Firmicutes","c__Bacilli","o__Lactobacillales","f__Streptococcaceae","g__Streptococcus",NA,NA,"g__Streptococcus"
"g__Oceanicella","k__Bacteria","p__Proteobacteria","c__Alphaproteobacteria","o__Rhodobacterales","f__Rhodobacteraceae","g__Oceanicella",NA,NA,"g__Oceanicella"
"g__Porphyrobacter","k__Bacteria","p__Proteobacteria","c__Alphaproteobacteria","o__Sphingomonadales","f__Sphingomonadaceae","g__Porphyrobacter",NA,NA,"g__Porphyrobacter"
"g__Collimonas","k__Bacteria","p__Proteobacteria","c__Gammaproteobacteria","o__Burkholderiales","f__Oxalobacteraceae","g__Collimonas",NA,NA,"g__Collimonas"
"g__Rubritepida","k__Bacteria","p__Proteobacteria","c__Alphaproteobacteria","o__Acetobacterales","f__Acetobacteraceae","g__Rubritepida",NA,NA,"g__Rubritepida"
"g__Bythopirellula","k__Bacteria","p__Planctomycetota","c__Planctomycetes","o__Pirellulales","f__Pirellulaceae","g__Bythopirellula",NA,NA,"g__Bythopirellula"
"Unclass_c__Ktedonobacteria","k__Bacteria","p__Chloroflexi","c__Ktedonobacteria","o__","f__","Unclass_c__Ktedonobacteria",NA,NA,"Unclass_c__Ktedonobacteria"
"g__Fodinicola","k__Bacteria","p__Actinobacteriota","c__Actinobacteria","o__Frankiales","f__Cryptosporangiaceae","g__Fodinicola",NA,NA,"g__Fodinicola"
"g__IMCC26207","k__Bacteria","p__Actinobacteriota","c__Acidimicrobiia","o__Microtrichales","f__Microtrichaceae","g__IMCC26207",NA,NA,"g__IMCC26207"
"Unclass_o__Candidatus Azambacteria","k__Bacteria","p__Patescibacteria","c__Parcubacteria","o__Candidatus Azambacteria","f__","Unclass_o__Candidatus Azambacteria",NA,NA,"Unclass_o__Candidatus Azambacteria"
"g__Xanthobacter","k__Bacteria","p__Proteobacteria","c__Alphaproteobacteria","o__Rhizobiales","f__Xanthobacteraceae","g__Xanthobacter",NA,NA,"g__Xanthobacter"
"g__Risungbinella","k__Bacteria","p__Firmicutes","c__Bacilli","o__Thermoactinomycetales","f__Thermoactinomycetaceae","g__Risungbinella",NA,NA,"g__Risungbinella"
"g__Herbiconiux","k__Bacteria","p__Actinobacteriota","c__Actinobacteria","o__Micrococcales","f__Microbacteriaceae","g__Herbiconiux",NA,NA,"g__Herbiconiux"
"g__Candidatus Accumulibacter","k__Bacteria","p__Proteobacteria","c__Gammaproteobacteria","o__Burkholderiales","f__Rhodocyclaceae","g__Candidatus Accumulibacter",NA,NA,"g__Candidatus Accumulibacter"
"Unclass_o__Vampirovibrionales","k__Bacteria","p__Cyanobacteria","c__Vampirivibrionia","o__Vampirovibrionales","f__","Unclass_o__Vampirovibrionales",NA,NA,"Unclass_o__Vampirovibrionales"
"g__Methylobacillus","k__Bacteria","p__Proteobacteria","c__Gammaproteobacteria","o__Burkholderiales","f__Methylophilaceae","g__Methylobacillus",NA,NA,"g__Methylobacillus"
"g__Sanguibacter-Flavimobilis","k__Bacteria","p__Actinobacteriota","c__Actinobacteria","o__Micrococcales","f__Sanguibacteraceae","g__Sanguibacter-Flavimobilis",NA,NA,"g__Sanguibacter-Flavimobilis"
"g__Parapedobacter","k__Bacteria","p__Bacteroidota","c__Bacteroidia","o__Sphingobacteriales","f__Sphingobacteriaceae","g__Parapedobacter",NA,NA,"g__Parapedobacter"
"g__Actinomycetospora","k__Bacteria","p__Actinobacteriota","c__Actinobacteria","o__Pseudonocardiales","f__Pseudonocardiaceae","g__Actinomycetospora",NA,NA,"g__Actinomycetospora"
"Unclass_c__Acidobacteriae","k__Bacteria","p__Acidobacteriota","c__Acidobacteriae","o__","f__","Unclass_c__Acidobacteriae",NA,NA,"Unclass_c__Acidobacteriae"
"Unclass_","k__","p__","c__","o__","f__","Unclass_",NA,NA,"Unclass_"
"g__Ancylobacter","k__Bacteria","p__Proteobacteria","c__Alphaproteobacteria","o__Rhizobiales","f__Xanthobacteraceae","g__Ancylobacter",NA,NA,"g__Ancylobacter"
"g__Buttiauxella","k__Bacteria","p__Proteobacteria","c__Gammaproteobacteria","o__Enterobacterales","f__Enterobacteriaceae","g__Buttiauxella",NA,NA,"g__Buttiauxella"
"Unclass_p__Myxococcota","k__Bacteria","p__Myxococcota","c__","o__","f__","Unclass_p__Myxococcota",NA,NA,"Unclass_p__Myxococcota"
"g__Craurococcus-Caldovatus","k__Bacteria","p__Proteobacteria","c__Alphaproteobacteria","o__Acetobacterales","f__Acetobacteraceae","g__Craurococcus-Caldovatus",NA,NA,"g__Craurococcus-Caldovatus"
"g__UTCFX1","k__Bacteria","p__Chloroflexi","c__Anaerolineae","o__Anaerolineales","f__Anaerolineaceae","g__UTCFX1",NA,NA,"g__UTCFX1"
"Unclass_f__Taonella","k__Bacteria","p__Proteobacteria","c__Alphaproteobacteria","o__Ferrovibrionales","f__Taonella","Unclass_f__Taonella",NA,NA,"Unclass_f__Taonella"
"Unclass_o__PeM15","k__Bacteria","p__Actinobacteriota","c__Actinobacteria","o__PeM15","f__","Unclass_o__PeM15",NA,NA,"Unclass_o__PeM15"
"g__Alterococcus","k__Bacteria","p__Verrucomicrobiota","c__Verrucomicrobiae","o__Opitutales","f__Opitutaceae","g__Alterococcus",NA,NA,"g__Alterococcus"
"g__Rhizomicrobium","k__Bacteria","p__Proteobacteria","c__Alphaproteobacteria","o__Micropepsales","f__Micropepsaceae","g__Rhizomicrobium",NA,NA,"g__Rhizomicrobium"
"g__Solibacillus","k__Bacteria","p__Firmicutes","c__Bacilli","o__Bacillales","f__Planococcaceae","g__Solibacillus",NA,NA,"g__Solibacillus"
"Unclass_f__Oscillospiraceae","k__Bacteria","p__Firmicutes","c__Clostridia","o__Oscillospirales","f__Oscillospiraceae","Unclass_f__Oscillospiraceae",NA,NA,"Unclass_f__Oscillospiraceae"
"g__Candidatus Ovatusbacter","k__Bacteria","p__Proteobacteria","c__Gammaproteobacteria","o__","f__","g__Candidatus Ovatusbacter",NA,NA,"g__Candidatus Ovatusbacter"
"Unclass_c__Microgenomatia","k__Bacteria","p__Patescibacteria","c__Microgenomatia","o__","f__","Unclass_c__Microgenomatia",NA,NA,"Unclass_c__Microgenomatia"
"g__Empedobacter","k__Bacteria","p__Bacteroidota","c__Bacteroidia","o__Flavobacteriales","f__Weeksellaceae","g__Empedobacter",NA,NA,"g__Empedobacter"
"g__Pseudanabaena PCC-7429","k__Bacteria","p__Cyanobacteria","c__Cyanobacteriia","o__Pseudanabaenales","f__Pseudanabaenaceae","g__Pseudanabaena PCC-7429",NA,NA,"g__Pseudanabaena PCC-7429"
"g__Pantoea","k__Bacteria","p__Proteobacteria","c__Gammaproteobacteria","o__Enterobacterales","f__Erwiniaceae","g__Pantoea",NA,NA,"g__Pantoea"
"Unclass_c__Cyanobacteriia","k__Bacteria","p__Cyanobacteria","c__Cyanobacteriia","o__","f__","Unclass_c__Cyanobacteriia",NA,NA,"Unclass_c__Cyanobacteriia"
"Unclass_f__27F-1492R","k__Bacteria","p__Myxococcota","c__Myxococcia","o__Myxococcales","f__27F-1492R","Unclass_f__27F-1492R",NA,NA,"Unclass_f__27F-1492R"
"g__Anoxybacillus","k__Bacteria","p__Firmicutes","c__Bacilli","o__Bacillales","f__Bacillaceae","g__Anoxybacillus",NA,NA,"g__Anoxybacillus"
"g__Chroococcidiopsis CC1","k__Bacteria","p__Cyanobacteria","c__Cyanobacteriia","o__Cyanobacteriales","f__Chroococcidiopsaceae","g__Chroococcidiopsis CC1",NA,NA,"g__Chroococcidiopsis CC1"
"g__Geotalea","k__Bacteria","p__Desulfobacterota","c__Desulfuromonadia","o__Geobacterales","f__Geobacteraceae","g__Geotalea",NA,NA,"g__Geotalea"
"Unclass_o__Pseudomonadales","k__Bacteria","p__Proteobacteria","c__Gammaproteobacteria","o__Pseudomonadales","f__","Unclass_o__Pseudomonadales",NA,NA,"Unclass_o__Pseudomonadales"
"g__Brachybacterium","k__Bacteria","p__Actinobacteriota","c__Actinobacteria","o__Micrococcales","f__Dermabacteraceae","g__Brachybacterium",NA,NA,"g__Brachybacterium"
"g__1174-901-12","k__Bacteria","p__Proteobacteria","c__Alphaproteobacteria","o__Rhizobiales","f__Beijerinckiaceae","g__1174-901-12",NA,NA,"g__1174-901-12"
"g__Stella","k__Bacteria","p__Proteobacteria","c__Alphaproteobacteria","o__Azospirillales","f__","g__Stella",NA,NA,"g__Stella"
"Unclass_o__Chloroflexales","k__Bacteria","p__Chloroflexi","c__Chloroflexia","o__Chloroflexales","f__","Unclass_o__Chloroflexales",NA,NA,"Unclass_o__Chloroflexales"
"Unclass_o__SJA-28","k__Bacteria","p__Bacteroidota","c__Ignavibacteria","o__SJA-28","f__","Unclass_o__SJA-28",NA,NA,"Unclass_o__SJA-28"
"Unclass_f__Nitrosotaleaceae","k__Archaea","p__Crenarchaeota","c__Nitrososphaeria","o__Nitrosotaleales","f__Nitrosotaleaceae","Unclass_f__Nitrosotaleaceae",NA,NA,"Unclass_f__Nitrosotaleaceae"
"Unclass_p__Planctomycetota","k__Bacteria","p__Planctomycetota","c__","o__","f__","Unclass_p__Planctomycetota",NA,NA,"Unclass_p__Planctomycetota"
"g__Patulibacter","k__Bacteria","p__Actinobacteriota","c__Thermoleophilia","o__Solirubrobacterales","f__Solirubrobacteraceae","g__Patulibacter",NA,NA,"g__Patulibacter"
"g__Olivibacter","k__Bacteria","p__Bacteroidota","c__Bacteroidia","o__Sphingobacteriales","f__Sphingobacteriaceae","g__Olivibacter",NA,NA,"g__Olivibacter"
"g__Acidicapsa","k__Bacteria","p__Acidobacteriota","c__Acidobacteriae","o__Acidobacteriales","f__Acidobacteriaceae (Subgroup 1)","g__Acidicapsa",NA,NA,"g__Acidicapsa"
"g__Ochrobactrum","k__Bacteria","p__Proteobacteria","c__Alphaproteobacteria","o__Rhizobiales","f__Rhizobiaceae","g__Ochrobactrum",NA,NA,"g__Ochrobactrum"
"Unclass_p__SAR324 clade(Marine group B)","k__Bacteria","p__SAR324 clade(Marine group B)","c__","o__","f__","Unclass_p__SAR324 clade(Marine group B)",NA,NA,"Unclass_p__SAR324 clade(Marine group B)"
"g__FFCH5858","k__Bacteria","p__Proteobacteria","c__Alphaproteobacteria","o__Rhizobiales","f__Beijerinckiaceae","g__FFCH5858",NA,NA,"g__FFCH5858"
"g__Candidatus Captivus","k__Bacteria","p__Proteobacteria","c__Alphaproteobacteria","o__Paracaedibacterales","f__Paracaedibacteraceae","g__Candidatus Captivus",NA,NA,"g__Candidatus Captivus"
"g__Kytococcus","k__Bacteria","p__Actinobacteriota","c__Actinobacteria","o__Micrococcales","f__Dermacoccaceae","g__Kytococcus",NA,NA,"g__Kytococcus"
"g__Planctomicrobium","k__Bacteria","p__Planctomycetota","c__Planctomycetes","o__Planctomycetales","f__Rubinisphaeraceae","g__Planctomicrobium",NA,NA,"g__Planctomicrobium"
"g__Lacibacter","k__Bacteria","p__Bacteroidota","c__Bacteroidia","o__Chitinophagales","f__Chitinophagaceae","g__Lacibacter",NA,NA,"g__Lacibacter"
"Unclass_f__Geobacteraceae","k__Bacteria","p__Desulfobacterota","c__Desulfuromonadia","o__Geobacterales","f__Geobacteraceae","Unclass_f__Geobacteraceae",NA,NA,"Unclass_f__Geobacteraceae"
"g__Telmatocola","k__Bacteria","p__Planctomycetota","c__Planctomycetes","o__Gemmatales","f__Gemmataceae","g__Telmatocola",NA,NA,"g__Telmatocola"
"g__Aestuariimicrobium","k__Bacteria","p__Actinobacteriota","c__Actinobacteria","o__Propionibacteriales","f__Propionibacteriaceae","g__Aestuariimicrobium",NA,NA,"g__Aestuariimicrobium"
"g__Tomitella","k__Bacteria","p__Actinobacteriota","c__Actinobacteria","o__Corynebacteriales","f__","g__Tomitella",NA,NA,"g__Tomitella"
"Unclass_c__Berkelbacteria","k__Bacteria","p__Patescibacteria","c__Berkelbacteria","o__","f__","Unclass_c__Berkelbacteria",NA,NA,"Unclass_c__Berkelbacteria"
"g__MM1","k__Bacteria","p__Proteobacteria","c__Gammaproteobacteria","o__Burkholderiales","f__Methylophilaceae","g__MM1",NA,NA,"g__MM1"
"g__Candidatus Megaira","k__Bacteria","p__Proteobacteria","c__Alphaproteobacteria","o__Rickettsiales","f__Rickettsiaceae","g__Candidatus Megaira",NA,NA,"g__Candidatus Megaira"
"g__Blastomonas","k__Bacteria","p__Proteobacteria","c__Alphaproteobacteria","o__Sphingomonadales","f__Sphingomonadaceae","g__Blastomonas",NA,NA,"g__Blastomonas"
"Unclass_c__Lineage IIc","k__Bacteria","p__Elusimicrobiota","c__Lineage IIc","o__","f__","Unclass_c__Lineage IIc",NA,NA,"Unclass_c__Lineage IIc"
"g__Thermocatellispora","k__Bacteria","p__Actinobacteriota","c__Actinobacteria","o__Streptosporangiales","f__Streptosporangiaceae","g__Thermocatellispora",NA,NA,"g__Thermocatellispora"
"g__Salinispira","k__Bacteria","p__Spirochaetota","c__Spirochaetia","o__Spirochaetales","f__Spirochaetaceae","g__Salinispira",NA,NA,"g__Salinispira"
"g__Longimycelium","k__Bacteria","p__Actinobacteriota","c__Actinobacteria","o__Pseudonocardiales","f__Pseudonocardiaceae","g__Longimycelium",NA,NA,"g__Longimycelium"
"Unclass_f__MWH-CFBk5","k__Bacteria","p__Bacteroidota","c__Bacteroidia","o__Cytophagales","f__MWH-CFBk5","Unclass_f__MWH-CFBk5",NA,NA,"Unclass_f__MWH-CFBk5"
"g__Williamsia","k__Bacteria","p__Actinobacteriota","c__Actinobacteria","o__Corynebacteriales","f__Nocardiaceae","g__Williamsia",NA,NA,"g__Williamsia"
"Unclass_f__Hungateiclostridiaceae","k__Bacteria","p__Firmicutes","c__Clostridia","o__Oscillospirales","f__Hungateiclostridiaceae","Unclass_f__Hungateiclostridiaceae",NA,NA,"Unclass_f__Hungateiclostridiaceae"
"g__Scytonema UTEX 2349","k__Bacteria","p__Cyanobacteria","c__Cyanobacteriia","o__Cyanobacteriales","f__Nostocaceae","g__Scytonema UTEX 2349",NA,NA,"g__Scytonema UTEX 2349"
"g__Actinoalloteichus","k__Bacteria","p__Actinobacteriota","c__Actinobacteria","o__Pseudonocardiales","f__Pseudonocardiaceae","g__Actinoalloteichus",NA,NA,"g__Actinoalloteichus"
"g__Aquipuribacter","k__Bacteria","p__Actinobacteriota","c__Actinobacteria","o__Micrococcales","f__Intrasporangiaceae","g__Aquipuribacter",NA,NA,"g__Aquipuribacter"
"g__Aliterella","k__Bacteria","p__Cyanobacteria","c__Cyanobacteriia","o__Cyanobacteriales","f__Chroococcidiopsaceae","g__Aliterella",NA,NA,"g__Aliterella"
"g__Kamptonema PCC-6407","k__Bacteria","p__Cyanobacteria","c__Cyanobacteriia","o__Cyanobacteriales","f__Phormidiaceae","g__Kamptonema PCC-6407",NA,NA,"g__Kamptonema PCC-6407"
"Unclass_f__Cryomorphaceae","k__Bacteria","p__Bacteroidota","c__Bacteroidia","o__Flavobacteriales","f__Cryomorphaceae","Unclass_f__Cryomorphaceae",NA,NA,"Unclass_f__Cryomorphaceae"
"g__CL500-3","k__Bacteria","p__Planctomycetota","c__Phycisphaerae","o__Phycisphaerales","f__Phycisphaeraceae","g__CL500-3",NA,NA,"g__CL500-3"
"Unclass_f__Streptosporangiaceae","k__Bacteria","p__Actinobacteriota","c__Actinobacteria","o__Streptosporangiales","f__Streptosporangiaceae","Unclass_f__Streptosporangiaceae",NA,NA,"Unclass_f__Streptosporangiaceae"
"g__Raoultella","k__Bacteria","p__Proteobacteria","c__Gammaproteobacteria","o__Enterobacterales","f__Enterobacteriaceae","g__Raoultella",NA,NA,"g__Raoultella"
"Unclass_o__Ardenticatenales","k__Bacteria","p__Chloroflexi","c__Anaerolineae","o__Ardenticatenales","f__","Unclass_o__Ardenticatenales",NA,NA,"Unclass_o__Ardenticatenales"
"Unclass_o__Micrococcales","k__Bacteria","p__Actinobacteriota","c__Actinobacteria","o__Micrococcales","f__","Unclass_o__Micrococcales",NA,NA,"Unclass_o__Micrococcales"
"g__Sporosarcina","k__Bacteria","p__Firmicutes","c__Bacilli","o__Bacillales","f__Planococcaceae","g__Sporosarcina",NA,NA,"g__Sporosarcina"
"g__FS142-36B-02","k__Bacteria","p__Proteobacteria","c__Gammaproteobacteria","o__Nitrosococcales","f__Nitrosococcaceae","g__FS142-36B-02",NA,NA,"g__FS142-36B-02"
"g__Anaerolinea","k__Bacteria","p__Chloroflexi","c__Anaerolineae","o__Anaerolineales","f__Anaerolineaceae","g__Anaerolinea",NA,NA,"g__Anaerolinea"
"g__Haloactinopolyspora","k__Bacteria","p__Actinobacteriota","c__Actinobacteria","o__Propionibacteriales","f__Propionibacteriaceae","g__Haloactinopolyspora",NA,NA,"g__Haloactinopolyspora"
"g__Ruminococcus","k__Bacteria","p__Firmicutes","c__Clostridia","o__Oscillospirales","f__Ruminococcaceae","g__Ruminococcus",NA,NA,"g__Ruminococcus"
"g__Kineococcus","k__Bacteria","p__Actinobacteriota","c__Actinobacteria","o__Kineosporiales","f__Kineosporiaceae","g__Kineococcus",NA,NA,"g__Kineococcus"
"Unclass_f__Spongiibacteraceae","k__Bacteria","p__Proteobacteria","c__Gammaproteobacteria","o__Pseudomonadales","f__Spongiibacteraceae","Unclass_f__Spongiibacteraceae",NA,NA,"Unclass_f__Spongiibacteraceae"
"g__Prosthecomicrobium","k__Bacteria","p__Proteobacteria","c__Alphaproteobacteria","o__Rhizobiales","f__Pleomorphomonadaceae","g__Prosthecomicrobium",NA,NA,"g__Prosthecomicrobium"
"g__Phytomonospora","k__Bacteria","p__Actinobacteriota","c__Actinobacteria","o__Micromonosporales","f__Micromonosporaceae","g__Phytomonospora",NA,NA,"g__Phytomonospora"
"g__Pseudosphingobacterium","k__Bacteria","p__Bacteroidota","c__Bacteroidia","o__Sphingobacteriales","f__Sphingobacteriaceae","g__Pseudosphingobacterium",NA,NA,"g__Pseudosphingobacterium"
"g__Waddlia","k__Bacteria","p__Verrucomicrobiota","c__Chlamydiae","o__Chlamydiales","f__Waddliaceae","g__Waddlia",NA,NA,"g__Waddlia"
"g__AAP99","k__Bacteria","p__Proteobacteria","c__Gammaproteobacteria","o__Burkholderiales","f__Sutterellaceae","g__AAP99",NA,NA,"g__AAP99"
"g__Filimonas","k__Bacteria","p__Bacteroidota","c__Bacteroidia","o__Chitinophagales","f__Chitinophagaceae","g__Filimonas",NA,NA,"g__Filimonas"
"Unclass_c__Nitrososphaeria","k__Archaea","p__Crenarchaeota","c__Nitrososphaeria","o__","f__","Unclass_c__Nitrososphaeria",NA,NA,"Unclass_c__Nitrososphaeria"
"g__Deinococcus","k__Bacteria","p__Deinococcota","c__Deinococci","o__Deinococcales","f__Deinococcaceae","g__Deinococcus",NA,NA,"g__Deinococcus"
"g__Candidatus Obscuribacter","k__Bacteria","p__Cyanobacteria","c__Vampirivibrionia","o__Obscuribacterales","f__Obscuribacteraceae","g__Candidatus Obscuribacter",NA,NA,"g__Candidatus Obscuribacter"
"Unclass_f__GW2011_GWC1_47_15","k__Archaea","p__Nanoarchaeota","c__Nanoarchaeia","o__Woesearchaeales","f__GW2011_GWC1_47_15","Unclass_f__GW2011_GWC1_47_15",NA,NA,"Unclass_f__GW2011_GWC1_47_15"
"g__Achromobacter","k__Bacteria","p__Proteobacteria","c__Gammaproteobacteria","o__Burkholderiales","f__Alcaligenaceae","g__Achromobacter",NA,NA,"g__Achromobacter"
"g__Fonticella","k__Bacteria","p__Firmicutes","c__Clostridia","o__Clostridiales","f__Caloramatoraceae","g__Fonticella",NA,NA,"g__Fonticella"
"g__Prevotellaceae Ga6A1 group","k__Bacteria","p__Bacteroidota","c__Bacteroidia","o__Bacteroidales","f__Prevotellaceae","g__Prevotellaceae Ga6A1 group",NA,NA,"g__Prevotellaceae Ga6A1 group"
"g__Pediococcus","k__Bacteria","p__Firmicutes","c__Bacilli","o__Lactobacillales","f__Lactobacillaceae","g__Pediococcus",NA,NA,"g__Pediococcus"
"g__Jeotgalibacillus","k__Bacteria","p__Firmicutes","c__Bacilli","o__Bacillales","f__Planococcaceae","g__Jeotgalibacillus",NA,NA,"g__Jeotgalibacillus"
"g__Amaricoccus","k__Bacteria","p__Proteobacteria","c__Alphaproteobacteria","o__Rhodobacterales","f__Rhodobacteraceae","g__Amaricoccus",NA,NA,"g__Amaricoccus"
"g__Chlamydia","k__Bacteria","p__Verrucomicrobiota","c__Chlamydiae","o__Chlamydiales","f__Chlamydiaceae","g__Chlamydia",NA,NA,"g__Chlamydia"
"Unclass_o__mle1-8","k__Bacteria","p__Planctomycetota","c__Phycisphaerae","o__mle1-8","f__","Unclass_o__mle1-8",NA,NA,"Unclass_o__mle1-8"
"Unclass_k__Eukaryota","k__Eukaryota","p__","c__","o__","f__","Unclass_k__Eukaryota",NA,NA,"Unclass_k__Eukaryota"
"g__SH3-11","k__Bacteria","p__Verrucomicrobiota","c__Verrucomicrobiae","o__Pedosphaerales","f__Pedosphaeraceae","g__SH3-11",NA,NA,"g__SH3-11"
"g__Lacibacterium","k__Bacteria","p__Proteobacteria","c__Alphaproteobacteria","o__Elsterales","f__Elsteraceae","g__Lacibacterium",NA,NA,"g__Lacibacterium"
"Unclass_o__Absconditabacteriales (SR1)","k__Bacteria","p__Patescibacteria","c__Gracilibacteria","o__Absconditabacteriales (SR1)","f__","Unclass_o__Absconditabacteriales (SR1)",NA,NA,"Unclass_o__Absconditabacteriales (SR1)"
"g__Lachnospiraceae NK4A136 group","k__Bacteria","p__Firmicutes","c__Clostridia","o__Lachnospirales","f__Lachnospiraceae","g__Lachnospiraceae NK4A136 group",NA,NA,"g__Lachnospiraceae NK4A136 group"
"g__Cereibacter","k__Bacteria","p__Proteobacteria","c__Alphaproteobacteria","o__Rhodobacterales","f__Rhodobacteraceae","g__Cereibacter",NA,NA,"g__Cereibacter"
"g__Herminiimonas","k__Bacteria","p__Proteobacteria","c__Gammaproteobacteria","o__Burkholderiales","f__Oxalobacteraceae","g__Herminiimonas",NA,NA,"g__Herminiimonas"
"g__Micrococcus","k__Bacteria","p__Actinobacteriota","c__Actinobacteria","o__Micrococcales","f__Micrococcaceae","g__Micrococcus",NA,NA,"g__Micrococcus"
"Unclass_f__Thermomicrobiaceae","k__Bacteria","p__Chloroflexi","c__Chloroflexia","o__Thermomicrobiales","f__Thermomicrobiaceae","Unclass_f__Thermomicrobiaceae",NA,NA,"Unclass_f__Thermomicrobiaceae"
"g__Rickettsia","k__Bacteria","p__Proteobacteria","c__Alphaproteobacteria","o__Rickettsiales","f__Rickettsiaceae","g__Rickettsia",NA,NA,"g__Rickettsia"
"Unclass_o__Group 1.1c","k__Archaea","p__Crenarchaeota","c__Nitrososphaeria","o__Group 1.1c","f__","Unclass_o__Group 1.1c",NA,NA,"Unclass_o__Group 1.1c"
"g__Brochothrix","k__Bacteria","p__Firmicutes","c__Bacilli","o__Lactobacillales","f__Listeriaceae","g__Brochothrix",NA,NA,"g__Brochothrix"
"g__Pseudochrobactrum","k__Bacteria","p__Proteobacteria","c__Alphaproteobacteria","o__Rhizobiales","f__Rhizobiaceae","g__Pseudochrobactrum",NA,NA,"g__Pseudochrobactrum"
"g__Cellulosimicrobium","k__Bacteria","p__Actinobacteriota","c__Actinobacteria","o__Micrococcales","f__Promicromonosporaceae","g__Cellulosimicrobium",NA,NA,"g__Cellulosimicrobium"
"g__Salinispora","k__Bacteria","p__Actinobacteriota","c__Actinobacteria","o__Micromonosporales","f__Micromonosporaceae","g__Salinispora",NA,NA,"g__Salinispora"
"g__Intestinimonas","k__Bacteria","p__Firmicutes","c__Clostridia","o__Oscillospirales","f__Oscillospiraceae","g__Intestinimonas",NA,NA,"g__Intestinimonas"
"g__Melghirimyces","k__Bacteria","p__Firmicutes","c__Bacilli","o__Thermoactinomycetales","f__Thermoactinomycetaceae","g__Melghirimyces",NA,NA,"g__Melghirimyces"
"g__Candidatus Amoebophilus","k__Bacteria","p__Bacteroidota","c__Bacteroidia","o__Cytophagales","f__Amoebophilaceae","g__Candidatus Amoebophilus",NA,NA,"g__Candidatus Amoebophilus"
"Unclass_f__Holophagaceae","k__Bacteria","p__Acidobacteriota","c__Holophagae","o__Holophagales","f__Holophagaceae","Unclass_f__Holophagaceae",NA,NA,"Unclass_f__Holophagaceae"
"Unclass_o__CHAB-XI-27","k__Bacteria","p__Proteobacteria","c__Gammaproteobacteria","o__CHAB-XI-27","f__","Unclass_o__CHAB-XI-27",NA,NA,"Unclass_o__CHAB-XI-27"
"Unclass_o__SM1A07","k__Bacteria","p__Bacteroidota","c__Bacteroidia","o__SM1A07","f__","Unclass_o__SM1A07",NA,NA,"Unclass_o__SM1A07"
"Unclass_p__Margulisbacteria","k__Bacteria","p__Margulisbacteria","c__","o__","f__","Unclass_p__Margulisbacteria",NA,NA,"Unclass_p__Margulisbacteria"
"Unclass_f__Lachnospiraceae","k__Bacteria","p__Firmicutes","c__Clostridia","o__Lachnospirales","f__Lachnospiraceae","Unclass_f__Lachnospiraceae",NA,NA,"Unclass_f__Lachnospiraceae"
"Unclass_f__Peptococcaceae","k__Bacteria","p__Firmicutes","c__Clostridia","o__Peptococcales","f__Peptococcaceae","Unclass_f__Peptococcaceae",NA,NA,"Unclass_f__Peptococcaceae"
"Unclass_o__CCM11a","k__Bacteria","p__Planctomycetota","c__Phycisphaerae","o__CCM11a","f__","Unclass_o__CCM11a",NA,NA,"Unclass_o__CCM11a"
"Unclass_o__Candidatus Peregrinibacteria","k__Bacteria","p__Patescibacteria","c__Gracilibacteria","o__Candidatus Peregrinibacteria","f__","Unclass_o__Candidatus Peregrinibacteria",NA,NA,"Unclass_o__Candidatus Peregrinibacteria"
"g__Clostridium sensu stricto 8","k__Bacteria","p__Firmicutes","c__Clostridia","o__Clostridiales","f__Clostridiaceae","g__Clostridium sensu stricto 8",NA,NA,"g__Clostridium sensu stricto 8"
"g__Lactococcus","k__Bacteria","p__Firmicutes","c__Bacilli","o__Lactobacillales","f__Streptococcaceae","g__Lactococcus",NA,NA,"g__Lactococcus"
"g__Arboricoccus","k__Bacteria","p__Proteobacteria","c__Alphaproteobacteria","o__Tistrellales","f__Geminicoccaceae","g__Arboricoccus",NA,NA,"g__Arboricoccus"
"g__Anaerostipes","k__Bacteria","p__Firmicutes","c__Clostridia","o__Lachnospirales","f__Lachnospiraceae","g__Anaerostipes",NA,NA,"g__Anaerostipes"
"g__NS10 marine group","k__Bacteria","p__Bacteroidota","c__Bacteroidia","o__Flavobacteriales","f__Cryomorphaceae","g__NS10 marine group",NA,NA,"g__NS10 marine group"
"g__Phycisphaera","k__Bacteria","p__Planctomycetota","c__Phycisphaerae","o__Phycisphaerales","f__Phycisphaeraceae","g__Phycisphaera",NA,NA,"g__Phycisphaera"
"g__Prevotellaceae UCG-003","k__Bacteria","p__Bacteroidota","c__Bacteroidia","o__Bacteroidales","f__Prevotellaceae","g__Prevotellaceae UCG-003",NA,NA,"g__Prevotellaceae UCG-003"
"g__Luteipulveratus","k__Bacteria","p__Actinobacteriota","c__Actinobacteria","o__Micrococcales","f__Dermacoccaceae","g__Luteipulveratus",NA,NA,"g__Luteipulveratus"
"g__Acrocarpospora","k__Bacteria","p__Actinobacteriota","c__Actinobacteria","o__Streptosporangiales","f__Streptosporangiaceae","g__Acrocarpospora",NA,NA,"g__Acrocarpospora"
"g__Corynebacterium","k__Bacteria","p__Actinobacteriota","c__Actinobacteria","o__Corynebacteriales","f__Corynebacteriaceae","g__Corynebacterium",NA,NA,"g__Corynebacterium"
"Unclass_f__Glycomycetaceae","k__Bacteria","p__Actinobacteriota","c__Actinobacteria","o__Glycomycetales","f__Glycomycetaceae","Unclass_f__Glycomycetaceae",NA,NA,"Unclass_f__Glycomycetaceae"
"g__Paucimonas","k__Bacteria","p__Proteobacteria","c__Gammaproteobacteria","o__Burkholderiales","f__Oxalobacteraceae","g__Paucimonas",NA,NA,"g__Paucimonas"
"g__Afifella","k__Bacteria","p__Proteobacteria","c__Alphaproteobacteria","o__Rhizobiales","f__Rhodobiaceae","g__Afifella",NA,NA,"g__Afifella"
"Unclass_f__Spirosomaceae","k__Bacteria","p__Bacteroidota","c__Bacteroidia","o__Cytophagales","f__Spirosomaceae","Unclass_f__Spirosomaceae",NA,NA,"Unclass_f__Spirosomaceae"
"Unclass_f__Puniceicoccaceae","k__Bacteria","p__Verrucomicrobiota","c__Verrucomicrobiae","o__Opitutales","f__Puniceicoccaceae","Unclass_f__Puniceicoccaceae",NA,NA,"Unclass_f__Puniceicoccaceae"
"g__Nibribacter","k__Bacteria","p__Bacteroidota","c__Bacteroidia","o__Cytophagales","f__Hymenobacteraceae","g__Nibribacter",NA,NA,"g__Nibribacter"
"g__Hydrocarboniphaga","k__Bacteria","p__Proteobacteria","c__Gammaproteobacteria","o__Salinisphaerales","f__Solimonadaceae","g__Hydrocarboniphaga",NA,NA,"g__Hydrocarboniphaga"
"Unclass_o__Candidatus Peribacteria","k__Bacteria","p__Patescibacteria","c__Gracilibacteria","o__Candidatus Peribacteria","f__","Unclass_o__Candidatus Peribacteria",NA,NA,"Unclass_o__Candidatus Peribacteria"
"Unclass_f__Chroococcidiopsaceae","k__Bacteria","p__Cyanobacteria","c__Cyanobacteriia","o__Cyanobacteriales","f__Chroococcidiopsaceae","Unclass_f__Chroococcidiopsaceae",NA,NA,"Unclass_f__Chroococcidiopsaceae"
"Unclass_o__Bacillales","k__Bacteria","p__Firmicutes","c__Bacilli","o__Bacillales","f__","Unclass_o__Bacillales",NA,NA,"Unclass_o__Bacillales"
"g__Aliihoeflea","k__Bacteria","p__Proteobacteria","c__Alphaproteobacteria","o__Rhizobiales","f__Rhizobiaceae","g__Aliihoeflea",NA,NA,"g__Aliihoeflea"
"g__Thermobaculum","k__Bacteria","p__Chloroflexi","c__Chloroflexia","o__Thermobaculales","f__Thermobaculaceae","g__Thermobaculum",NA,NA,"g__Thermobaculum"
"Unclass_c__Dehalococcoidia","k__Bacteria","p__Chloroflexi","c__Dehalococcoidia","o__","f__","Unclass_c__Dehalococcoidia",NA,NA,"Unclass_c__Dehalococcoidia"
"g__Rudanella","k__Bacteria","p__Bacteroidota","c__Bacteroidia","o__Cytophagales","f__Spirosomaceae","g__Rudanella",NA,NA,"g__Rudanella"
"Unclass_p__Zixibacteria","k__Bacteria","p__Zixibacteria","c__","o__","f__","Unclass_p__Zixibacteria",NA,NA,"Unclass_p__Zixibacteria"
"Unclass_f__Dermatophilaceae","k__Bacteria","p__Actinobacteriota","c__Actinobacteria","o__Micrococcales","f__Dermatophilaceae","Unclass_f__Dermatophilaceae",NA,NA,"Unclass_f__Dermatophilaceae"
"g__Lactobacillus","k__Bacteria","p__Firmicutes","c__Bacilli","o__Lactobacillales","f__Lactobacillaceae","g__Lactobacillus",NA,NA,"g__Lactobacillus"
"g__Lentimicrobium","k__Bacteria","p__Bacteroidota","c__Bacteroidia","o__Sphingobacteriales","f__Lentimicrobiaceae","g__Lentimicrobium",NA,NA,"g__Lentimicrobium"
"g__Euzebya","k__Bacteria","p__Actinobacteriota","c__Actinobacteria","o__Euzebyales","f__Euzebyaceae","g__Euzebya",NA,NA,"g__Euzebya"
"Unclass_o__Salinisphaerales","k__Bacteria","p__Proteobacteria","c__Gammaproteobacteria","o__Salinisphaerales","f__","Unclass_o__Salinisphaerales",NA,NA,"Unclass_o__Salinisphaerales"
"g__Methylocystis","k__Bacteria","p__Proteobacteria","c__Alphaproteobacteria","o__Rhizobiales","f__Beijerinckiaceae","g__Methylocystis",NA,NA,"g__Methylocystis"
"g__SZB85","k__Bacteria","p__Proteobacteria","c__Gammaproteobacteria","o__Nitrosococcales","f__Nitrosococcaceae","g__SZB85",NA,NA,"g__SZB85"
"g__Curvibacter","k__Bacteria","p__Proteobacteria","c__Gammaproteobacteria","o__Burkholderiales","f__Comamonadaceae","g__Curvibacter",NA,NA,"g__Curvibacter"
"g__Phormidium SAG 37.90","k__Bacteria","p__Cyanobacteria","c__Cyanobacteriia","o__Leptolyngbyales","f__Leptolyngbyaceae","g__Phormidium SAG 37.90",NA,NA,"g__Phormidium SAG 37.90"
"g__Prevotellaceae UCG-001","k__Bacteria","p__Bacteroidota","c__Bacteroidia","o__Bacteroidales","f__Prevotellaceae","g__Prevotellaceae UCG-001",NA,NA,"g__Prevotellaceae UCG-001"
"g__Wolbachia","k__Bacteria","p__Proteobacteria","c__Alphaproteobacteria","o__Rickettsiales","f__Anaplasmataceae","g__Wolbachia",NA,NA,"g__Wolbachia"
"Unclass_o__Candidatus Campbellbacteria","k__Bacteria","p__Patescibacteria","c__Parcubacteria","o__Candidatus Campbellbacteria","f__","Unclass_o__Candidatus Campbellbacteria",NA,NA,"Unclass_o__Candidatus Campbellbacteria"
"g__Stigmatella","k__Bacteria","p__Myxococcota","c__Myxococcia","o__Myxococcales","f__Myxococcaceae","g__Stigmatella",NA,NA,"g__Stigmatella"
"Unclass_f__Rubinisphaeraceae","k__Bacteria","p__Planctomycetota","c__Planctomycetes","o__Planctomycetales","f__Rubinisphaeraceae","Unclass_f__Rubinisphaeraceae",NA,NA,"Unclass_f__Rubinisphaeraceae"
"Unclass_o__Candidatus Abawacabacteria","k__Bacteria","p__Patescibacteria","c__Gracilibacteria","o__Candidatus Abawacabacteria","f__","Unclass_o__Candidatus Abawacabacteria",NA,NA,"Unclass_o__Candidatus Abawacabacteria"
"g__Candidatus Endoecteinascidia","k__Bacteria","p__Proteobacteria","c__Gammaproteobacteria","o__Piscirickettsiales","f__Piscirickettsiaceae","g__Candidatus Endoecteinascidia",NA,NA,"g__Candidatus Endoecteinascidia"
"Unclass_o__Candidatus Jorgensenbacteria","k__Bacteria","p__Patescibacteria","c__Parcubacteria","o__Candidatus Jorgensenbacteria","f__","Unclass_o__Candidatus Jorgensenbacteria",NA,NA,"Unclass_o__Candidatus Jorgensenbacteria"
"Unclass_o__Ignavibacteriales","k__Bacteria","p__Bacteroidota","c__Ignavibacteria","o__Ignavibacteriales","f__","Unclass_o__Ignavibacteriales",NA,NA,"Unclass_o__Ignavibacteriales"
"Unclass_o__Enterobacterales","k__Bacteria","p__Proteobacteria","c__Gammaproteobacteria","o__Enterobacterales","f__","Unclass_o__Enterobacterales",NA,NA,"Unclass_o__Enterobacterales"
"g__Magnetospirillum","k__Bacteria","p__Proteobacteria","c__Alphaproteobacteria","o__Rhodospirillales","f__Magnetospirillaceae","g__Magnetospirillum",NA,NA,"g__Magnetospirillum"
"g__Fontimonas","k__Bacteria","p__Proteobacteria","c__Gammaproteobacteria","o__Salinisphaerales","f__Solimonadaceae","g__Fontimonas",NA,NA,"g__Fontimonas"
"Unclass_f__S15-21","k__Bacteria","p__Bacteroidota","c__Bacteroidia","o__Sphingobacteriales","f__S15-21","Unclass_f__S15-21",NA,NA,"Unclass_f__S15-21"
"g__Huanghella","k__Bacteria","p__Bacteroidota","c__Bacteroidia","o__Cytophagales","f__Spirosomaceae","g__Huanghella",NA,NA,"g__Huanghella"
"g__Candidatus Entotheonella","k__Bacteria","p__Entotheonellaeota","c__Entotheonellia","o__Entotheonellales","f__Entotheonellaceae","g__Candidatus Entotheonella",NA,NA,"g__Candidatus Entotheonella"
"Unclass_f__Babeliaceae","k__Bacteria","p__Dependentiae","c__Babeliae","o__Babeliales","f__Babeliaceae","Unclass_f__Babeliaceae",NA,NA,"Unclass_f__Babeliaceae"
"Unclass_c__Phycisphaerae","k__Bacteria","p__Planctomycetota","c__Phycisphaerae","o__","f__","Unclass_c__Phycisphaerae",NA,NA,"Unclass_c__Phycisphaerae"
"g__Rothia","k__Bacteria","p__Actinobacteriota","c__Actinobacteria","o__Micrococcales","f__Micrococcaceae","g__Rothia",NA,NA,"g__Rothia"
"Unclass_o__Clostridia UCG-014","k__Bacteria","p__Firmicutes","c__Clostridia","o__Clostridia UCG-014","f__","Unclass_o__Clostridia UCG-014",NA,NA,"Unclass_o__Clostridia UCG-014"
"Unclass_f__SB-5","k__Bacteria","p__Bacteroidota","c__Bacteroidia","o__Bacteroidales","f__SB-5","Unclass_f__SB-5",NA,NA,"Unclass_f__SB-5"
"Unclass_c__SHA-26","k__Bacteria","p__Chloroflexi","c__SHA-26","o__","f__","Unclass_c__SHA-26",NA,NA,"Unclass_c__SHA-26"
"Unclass_o__Desulfovibrionales","k__Bacteria","p__Desulfobacterota","c__Desulfovibrionia","o__Desulfovibrionales","f__","Unclass_o__Desulfovibrionales",NA,NA,"Unclass_o__Desulfovibrionales"
"Unclass_f__AB1","k__Bacteria","p__Proteobacteria","c__Alphaproteobacteria","o__Rickettsiales","f__AB1","Unclass_f__AB1",NA,NA,"Unclass_f__AB1"
"Unclass_f__Amoebophilaceae","k__Bacteria","p__Bacteroidota","c__Bacteroidia","o__Cytophagales","f__Amoebophilaceae","Unclass_f__Amoebophilaceae",NA,NA,"Unclass_f__Amoebophilaceae"
"Unclass_f__Latescibacteraceae","k__Bacteria","p__Latescibacterota","c__Latescibacteria","o__Latescibacterales","f__Latescibacteraceae","Unclass_f__Latescibacteraceae",NA,NA,"Unclass_f__Latescibacteraceae"
"g__Planctopirus","k__Bacteria","p__Planctomycetota","c__Planctomycetes","o__Planctomycetales","f__Schlesneriaceae","g__Planctopirus",NA,NA,"g__Planctopirus"
"g__Anabaena PCC-7122","k__Bacteria","p__Cyanobacteria","c__Cyanobacteriia","o__Cyanobacteriales","f__Nostocaceae","g__Anabaena PCC-7122",NA,NA,"g__Anabaena PCC-7122"
"g__Azospirillum","k__Bacteria","p__Proteobacteria","c__Alphaproteobacteria","o__Azospirillales","f__Azospirillaceae","g__Azospirillum",NA,NA,"g__Azospirillum"
"g__Aureispira","k__Bacteria","p__Bacteroidota","c__Bacteroidia","o__Chitinophagales","f__Saprospiraceae","g__Aureispira",NA,NA,"g__Aureispira"
"Unclass_f__UBA12411","k__Bacteria","p__Dependentiae","c__Babeliae","o__Babeliales","f__UBA12411","Unclass_f__UBA12411",NA,NA,"Unclass_f__UBA12411"
"Unclass_f__Blattabacteriaceae","k__Bacteria","p__Bacteroidota","c__Bacteroidia","o__Flavobacteriales","f__Blattabacteriaceae","Unclass_f__Blattabacteriaceae",NA,NA,"Unclass_f__Blattabacteriaceae"
"g__Wilmottia Ant-Ph58","k__Bacteria","p__Cyanobacteria","c__Cyanobacteriia","o__Cyanobacteriales","f__Coleofasciculaceae","g__Wilmottia Ant-Ph58",NA,NA,"g__Wilmottia Ant-Ph58"
"g__Leptolyngbya EcFYyyy-00","k__Bacteria","p__Cyanobacteria","c__Cyanobacteriia","o__","f__","g__Leptolyngbya EcFYyyy-00",NA,NA,"g__Leptolyngbya EcFYyyy-00"
"Unclass_f__Clostridiaceae","k__Bacteria","p__Firmicutes","c__Clostridia","o__Clostridiales","f__Clostridiaceae","Unclass_f__Clostridiaceae",NA,NA,"Unclass_f__Clostridiaceae"
"g__Parasediminibacterium","k__Bacteria","p__Bacteroidota","c__Bacteroidia","o__Chitinophagales","f__Chitinophagaceae","g__Parasediminibacterium",NA,NA,"g__Parasediminibacterium"
"Unclass_o__eub62A3","k__Bacteria","p__Proteobacteria","c__Gammaproteobacteria","o__eub62A3","f__","Unclass_o__eub62A3",NA,NA,"Unclass_o__eub62A3"
"Unclass_f__Candidatus Jidaibacter","k__Bacteria","p__Proteobacteria","c__Alphaproteobacteria","o__Rickettsiales","f__Candidatus Jidaibacter","Unclass_f__Candidatus Jidaibacter",NA,NA,"Unclass_f__Candidatus Jidaibacter"
"g__Tolypothrix","k__Bacteria","p__Cyanobacteria","c__Cyanobacteriia","o__Cyanobacteriales","f__Nostocaceae","g__Tolypothrix",NA,NA,"g__Tolypothrix"
"g__Methylopila","k__Bacteria","p__Proteobacteria","c__Alphaproteobacteria","o__Rhizobiales","f__Methylopilaceae","g__Methylopila",NA,NA,"g__Methylopila"
"Unclass_f__Leptospiraceae","k__Bacteria","p__Spirochaetota","c__Leptospirae","o__Leptospirales","f__Leptospiraceae","Unclass_f__Leptospiraceae",NA,NA,"Unclass_f__Leptospiraceae"
"Unclass_f__Immundisolibacteraceae","k__Bacteria","p__Proteobacteria","c__Gammaproteobacteria","o__Immundisolibacterales","f__Immundisolibacteraceae","Unclass_f__Immundisolibacteraceae",NA,NA,"Unclass_f__Immundisolibacteraceae"
"Unclass_o__Candidatus Brennerbacteria","k__Bacteria","p__Patescibacteria","c__Parcubacteria","o__Candidatus Brennerbacteria","f__","Unclass_o__Candidatus Brennerbacteria",NA,NA,"Unclass_o__Candidatus Brennerbacteria"
"Unclass_o__Pla1 lineage","k__Bacteria","p__Planctomycetota","c__Phycisphaerae","o__Pla1 lineage","f__","Unclass_o__Pla1 lineage",NA,NA,"Unclass_o__Pla1 lineage"
"g__Sinomonas","k__Bacteria","p__Actinobacteriota","c__Actinobacteria","o__Micrococcales","f__Micrococcaceae","g__Sinomonas",NA,NA,"g__Sinomonas"
"Unclass_o__Candidatus Lloydbacteria","k__Bacteria","p__Patescibacteria","c__Parcubacteria","o__Candidatus Lloydbacteria","f__","Unclass_o__Candidatus Lloydbacteria",NA,NA,"Unclass_o__Candidatus Lloydbacteria"
"Unclass_f__Legionellaceae","k__Bacteria","p__Proteobacteria","c__Gammaproteobacteria","o__Legionellales","f__Legionellaceae","Unclass_f__Legionellaceae",NA,NA,"Unclass_f__Legionellaceae"
"g__Chelatococcus","k__Bacteria","p__Proteobacteria","c__Alphaproteobacteria","o__Rhizobiales","f__Beijerinckiaceae","g__Chelatococcus",NA,NA,"g__Chelatococcus"
"Unclass_o__AT-s3-44","k__Bacteria","p__Proteobacteria","c__Alphaproteobacteria","o__AT-s3-44","f__","Unclass_o__AT-s3-44",NA,NA,"Unclass_o__AT-s3-44"
"g__Agaricicola","k__Bacteria","p__Proteobacteria","c__Alphaproteobacteria","o__Rhizobiales","f__Stappiaceae","g__Agaricicola",NA,NA,"g__Agaricicola"
"Unclass_c__Holophagae","k__Bacteria","p__Acidobacteriota","c__Holophagae","o__","f__","Unclass_c__Holophagae",NA,NA,"Unclass_c__Holophagae"
"g__Thioclava","k__Bacteria","p__Proteobacteria","c__Alphaproteobacteria","o__Rhodobacterales","f__Rhodobacteraceae","g__Thioclava",NA,NA,"g__Thioclava"
"Unclass_f__Fodinicurvataceae","k__Bacteria","p__Proteobacteria","c__Alphaproteobacteria","o__Kiloniellales","f__Fodinicurvataceae","Unclass_f__Fodinicurvataceae",NA,NA,"Unclass_f__Fodinicurvataceae"
"g__Geothrix","k__Bacteria","p__Acidobacteriota","c__Holophagae","o__Holophagales","f__Holophagaceae","g__Geothrix",NA,NA,"g__Geothrix"
"g__Alkanindiges","k__Bacteria","p__Proteobacteria","c__Gammaproteobacteria","o__Pseudomonadales","f__Moraxellaceae","g__Alkanindiges",NA,NA,"g__Alkanindiges"
"g__Candidatus Cardinium","k__Bacteria","p__Bacteroidota","c__Bacteroidia","o__Cytophagales","f__Amoebophilaceae","g__Candidatus Cardinium",NA,NA,"g__Candidatus Cardinium"
"Unclass_p__TX1A-33","k__Bacteria","p__TX1A-33","c__","o__","f__","Unclass_p__TX1A-33",NA,NA,"Unclass_p__TX1A-33"
"Unclass_o__Verrucomicrobiales","k__Bacteria","p__Verrucomicrobiota","c__Verrucomicrobiae","o__Verrucomicrobiales","f__","Unclass_o__Verrucomicrobiales",NA,NA,"Unclass_o__Verrucomicrobiales"
"Unclass_f__Bacteriovoracaceae","k__Bacteria","p__Bdellovibrionota","c__Bdellovibrionia","o__Bacteriovoracales","f__Bacteriovoracaceae","Unclass_f__Bacteriovoracaceae",NA,NA,"Unclass_f__Bacteriovoracaceae"
"g__Pygmaiobacter","k__Bacteria","p__Firmicutes","c__Clostridia","o__Oscillospirales","f__Ruminococcaceae","g__Pygmaiobacter",NA,NA,"g__Pygmaiobacter"
"g__Paludibacter","k__Bacteria","p__Bacteroidota","c__Bacteroidia","o__Bacteroidales","f__Paludibacteraceae","g__Paludibacter",NA,NA,"g__Paludibacter"
"g__Roseburia","k__Bacteria","p__Firmicutes","c__Clostridia","o__Lachnospirales","f__Lachnospiraceae","g__Roseburia",NA,NA,"g__Roseburia"
"g__Desulfosporosinus","k__Bacteria","p__Firmicutes","c__Desulfitobacteriia","o__Desulfitobacteriales","f__Desulfitobacteriaceae","g__Desulfosporosinus",NA,NA,"g__Desulfosporosinus"
"g__Bounagaea","k__Bacteria","p__Actinobacteriota","c__Actinobacteria","o__Pseudonocardiales","f__Pseudonocardiaceae","g__Bounagaea",NA,NA,"g__Bounagaea"
"g__Clavibacter","k__Bacteria","p__Actinobacteriota","c__Actinobacteria","o__Micrococcales","f__Microbacteriaceae","g__Clavibacter",NA,NA,"g__Clavibacter"
"g__Thermasporomyces","k__Bacteria","p__Actinobacteriota","c__Actinobacteria","o__Propionibacteriales","f__Nocardioidaceae","g__Thermasporomyces",NA,NA,"g__Thermasporomyces"
"g__Dyella","k__Bacteria","p__Proteobacteria","c__Gammaproteobacteria","o__Xanthomonadales","f__Rhodanobacteraceae","g__Dyella",NA,NA,"g__Dyella"
"Unclass_o__Caenarcaniphilales","k__Bacteria","p__Cyanobacteria","c__Vampirivibrionia","o__Caenarcaniphilales","f__","Unclass_o__Caenarcaniphilales",NA,NA,"Unclass_o__Caenarcaniphilales"
"g__Desertibacter","k__Bacteria","p__Proteobacteria","c__Alphaproteobacteria","o__Azospirillales","f__Azospirillaceae","g__Desertibacter",NA,NA,"g__Desertibacter"
"g__Belliella","k__Bacteria","p__Bacteroidota","c__Bacteroidia","o__Cytophagales","f__Cyclobacteriaceae","g__Belliella",NA,NA,"g__Belliella"
"g__Phormidesmis ANT.L52.6","k__Bacteria","p__Cyanobacteria","c__Cyanobacteriia","o__Leptolyngbyales","f__Leptolyngbyaceae","g__Phormidesmis ANT.L52.6",NA,NA,"g__Phormidesmis ANT.L52.6"
"Unclass_f__Deinococcaceae","k__Bacteria","p__Deinococcota","c__Deinococci","o__Deinococcales","f__Deinococcaceae","Unclass_f__Deinococcaceae",NA,NA,"Unclass_f__Deinococcaceae"
"Unclass_o__OPB41","k__Bacteria","p__Actinobacteriota","c__Coriobacteriia","o__OPB41","f__","Unclass_o__OPB41",NA,NA,"Unclass_o__OPB41"
"g__Prevotella","k__Bacteria","p__Bacteroidota","c__Bacteroidia","o__Bacteroidales","f__Prevotellaceae","g__Prevotella",NA,NA,"g__Prevotella"
"g__Helicobacter","k__Bacteria","p__Campylobacterota","c__Campylobacteria","o__Campylobacterales","f__Helicobacteraceae","g__Helicobacter",NA,NA,"g__Helicobacter"
"g__Myroides","k__Bacteria","p__Bacteroidota","c__Bacteroidia","o__Flavobacteriales","f__Flavobacteriaceae","g__Myroides",NA,NA,"g__Myroides"
"g__Urania-1B-19 marine sediment group","k__Bacteria","p__Planctomycetota","c__Phycisphaerae","o__Phycisphaerales","f__Phycisphaeraceae","g__Urania-1B-19 marine sediment group",NA,NA,"g__Urania-1B-19 marine sediment group"
"Unclass_f__Erysipelotrichaceae","k__Bacteria","p__Firmicutes","c__Bacilli","o__Erysipelotrichales","f__Erysipelotrichaceae","Unclass_f__Erysipelotrichaceae",NA,NA,"Unclass_f__Erysipelotrichaceae"
"g__Lachnospiraceae AC2044 group","k__Bacteria","p__Firmicutes","c__Clostridia","o__Lachnospirales","f__Lachnospiraceae","g__Lachnospiraceae AC2044 group",NA,NA,"g__Lachnospiraceae AC2044 group"
"g__Mycoplasma","k__Bacteria","p__Firmicutes","c__Bacilli","o__Mycoplasmatales","f__Mycoplasmataceae","g__Mycoplasma",NA,NA,"g__Mycoplasma"
"g__Parachlamydia","k__Bacteria","p__Verrucomicrobiota","c__Chlamydiae","o__Chlamydiales","f__Parachlamydiaceae","g__Parachlamydia",NA,NA,"g__Parachlamydia"
"g__Moheibacter","k__Bacteria","p__Bacteroidota","c__Bacteroidia","o__Flavobacteriales","f__Weeksellaceae","g__Moheibacter",NA,NA,"g__Moheibacter"
"Unclass_o__Candidatus Daviesbacteria","k__Bacteria","p__Patescibacteria","c__Microgenomatia","o__Candidatus Daviesbacteria","f__","Unclass_o__Candidatus Daviesbacteria",NA,NA,"Unclass_o__Candidatus Daviesbacteria"
"g__Marinoscillum","k__Bacteria","p__Bacteroidota","c__Bacteroidia","o__Cytophagales","f__Cyclobacteriaceae","g__Marinoscillum",NA,NA,"g__Marinoscillum"
"Unclass_o__Clostridia vadinBB60 group","k__Bacteria","p__Firmicutes","c__Clostridia","o__Clostridia vadinBB60 group","f__","Unclass_o__Clostridia vadinBB60 group",NA,NA,"Unclass_o__Clostridia vadinBB60 group"
"g__Desulfobulbus","k__Bacteria","p__Desulfobacterota","c__Desulfobulbia","o__Desulfobulbales","f__Desulfobulbaceae","g__Desulfobulbus",NA,NA,"g__Desulfobulbus"
"g__[Agitococcus] lubricus group","k__Bacteria","p__Proteobacteria","c__Gammaproteobacteria","o__Pseudomonadales","f__Moraxellaceae","g__[Agitococcus] lubricus group",NA,NA,"g__[Agitococcus] lubricus group"
"g__Ferribacterium","k__Bacteria","p__Proteobacteria","c__Gammaproteobacteria","o__Burkholderiales","f__Rhodocyclaceae","g__Ferribacterium",NA,NA,"g__Ferribacterium"
"g__Cavicella","k__Bacteria","p__Proteobacteria","c__Gammaproteobacteria","o__Pseudomonadales","f__Moraxellaceae","g__Cavicella",NA,NA,"g__Cavicella"
"Unclass_o__Candidatus Collierbacteria","k__Bacteria","p__Patescibacteria","c__Microgenomatia","o__Candidatus Collierbacteria","f__","Unclass_o__Candidatus Collierbacteria",NA,NA,"Unclass_o__Candidatus Collierbacteria"
"Unclass_f__Fokiniaceae","k__Bacteria","p__Proteobacteria","c__Alphaproteobacteria","o__Rickettsiales","f__Fokiniaceae","Unclass_f__Fokiniaceae",NA,NA,"Unclass_f__Fokiniaceae"
"g__Desulfovibrio","k__Bacteria","p__Desulfobacterota","c__Desulfovibrionia","o__Desulfovibrionales","f__Desulfovibrionaceae","g__Desulfovibrio",NA,NA,"g__Desulfovibrio"
"g__Oscillibacter","k__Bacteria","p__Firmicutes","c__Clostridia","o__Oscillospirales","f__Oscillospiraceae","g__Oscillibacter",NA,NA,"g__Oscillibacter"
"g__Cellulosilyticum","k__Bacteria","p__Firmicutes","c__Clostridia","o__Lachnospirales","f__Lachnospiraceae","g__Cellulosilyticum",NA,NA,"g__Cellulosilyticum"
"Unclass_f__Kiloniellaceae","k__Bacteria","p__Proteobacteria","c__Alphaproteobacteria","o__Kiloniellales","f__Kiloniellaceae","Unclass_f__Kiloniellaceae",NA,NA,"Unclass_f__Kiloniellaceae"
"Unclass_f__CWT CU03-E12","k__Bacteria","p__Bacteroidota","c__Bacteroidia","o__Sphingobacteriales","f__CWT CU03-E12","Unclass_f__CWT CU03-E12",NA,NA,"Unclass_f__CWT CU03-E12"
"Unclass_o__WCHB1-41","k__Bacteria","p__Verrucomicrobiota","c__Kiritimatiellae","o__WCHB1-41","f__","Unclass_o__WCHB1-41",NA,NA,"Unclass_o__WCHB1-41"
"g__Rhodoligotrophos","k__Bacteria","p__Proteobacteria","c__Alphaproteobacteria","o__Parvibaculales","f__Parvibaculaceae","g__Rhodoligotrophos",NA,NA,"g__Rhodoligotrophos"
"g__Rickettsiella","k__Bacteria","p__Proteobacteria","c__Gammaproteobacteria","o__Diplorickettsiales","f__Diplorickettsiaceae","g__Rickettsiella",NA,NA,"g__Rickettsiella"
"g__Micavibrio","k__Bacteria","p__Proteobacteria","c__Alphaproteobacteria","o__Micavibrionales","f__Micavibrionaceae","g__Micavibrio",NA,NA,"g__Micavibrio"
"Unclass_k__Archaea","k__Archaea","p__","c__","o__","f__","Unclass_k__Archaea",NA,NA,"Unclass_k__Archaea"
"g__Ottowia","k__Bacteria","p__Proteobacteria","c__Gammaproteobacteria","o__Burkholderiales","f__Comamonadaceae","g__Ottowia",NA,NA,"g__Ottowia"
"g__Pelosinus","k__Bacteria","p__Firmicutes","c__Negativicutes","o__Veillonellales-Selenomonadales","f__Sporomusaceae","g__Pelosinus",NA,NA,"g__Pelosinus"
"Unclass_f__Candidatus Spiroplasma","k__Bacteria","p__Firmicutes","c__Bacilli","o__Entomoplasmatales","f__Candidatus Spiroplasma","Unclass_f__Candidatus Spiroplasma",NA,NA,"Unclass_f__Candidatus Spiroplasma"
"Unclass_f__UCG-010","k__Bacteria","p__Firmicutes","c__Clostridia","o__Oscillospirales","f__UCG-010","Unclass_f__UCG-010",NA,NA,"Unclass_f__UCG-010"
"g__Alistipes","k__Bacteria","p__Bacteroidota","c__Bacteroidia","o__Bacteroidales","f__Rikenellaceae","g__Alistipes",NA,NA,"g__Alistipes"
"Unclass_c__028H05-P-BN-P5","k__Bacteria","p__Planctomycetota","c__028H05-P-BN-P5","o__","f__","Unclass_c__028H05-P-BN-P5",NA,NA,"Unclass_c__028H05-P-BN-P5"
"g__Thermoactinomyces","k__Bacteria","p__Firmicutes","c__Bacilli","o__Thermoactinomycetales","f__Thermoactinomycetaceae","g__Thermoactinomyces",NA,NA,"g__Thermoactinomyces"
"g__Candidatus Paenicardinium","k__Bacteria","p__Bacteroidota","c__Bacteroidia","o__Cytophagales","f__Amoebophilaceae","g__Candidatus Paenicardinium",NA,NA,"g__Candidatus Paenicardinium"
"g__Saccharospirillum","k__Bacteria","p__Proteobacteria","c__Gammaproteobacteria","o__Pseudomonadales","f__Saccharospirillaceae","g__Saccharospirillum",NA,NA,"g__Saccharospirillum"
"g__Procabacter","k__Bacteria","p__Proteobacteria","c__Gammaproteobacteria","o__Burkholderiales","f__Procabacteriaceae","g__Procabacter",NA,NA,"g__Procabacter"
"g__Candidatus Bealeia","k__Bacteria","p__Proteobacteria","c__Alphaproteobacteria","o__Holosporales","f__Holosporaceae","g__Candidatus Bealeia",NA,NA,"g__Candidatus Bealeia"
"g__Alicyclobacillus","k__Bacteria","p__Firmicutes","c__Bacilli","o__Alicyclobacillales","f__Alicyclobacillaceae","g__Alicyclobacillus",NA,NA,"g__Alicyclobacillus"
