"","Kingdom","Phylum","Class","Order","Family","Genus","Primary_lifestyle"
"g__Coprinellus","k__Fungi","p__Basidiomycota","c__Agaricomycetes","o__Agaricales","f__Psathyrellaceae","g__Coprinellus","soil_saprotroph"
"g__Saccharomyces","k__Fungi","p__Ascomycota","c__Saccharomycetes","o__Saccharomycetales","f__Saccharomycetaceae","g__Saccharomyces","nectar/tap_saprotroph"
"g__Penicillium","k__Fungi","p__Ascomycota","c__Eurotiomycetes","o__Eurotiales","f__Aspergillaceae","g__Penicillium","unspecified_saprotroph"
"g__Tuber","k__Fungi","p__Ascomycota","c__Pezizomycetes","o__Pezizales","f__Tuberaceae","g__Tuber","ectomycorrhizal"
"g__Clavulina","k__Fungi","p__Basidiomycota","c__Agaricomycetes","o__Cantharellales","f__Hydnaceae","g__Clavulina","ectomycorrhizal"
"Unclass_o__Agaricales","k__Fungi","p__Basidiomycota","c__Agaricomycetes","o__Agaricales",NA,"Unclass_o__Agaricales",NA
"g__Cortinarius","k__Fungi","p__Basidiomycota","c__Agaricomycetes","o__Agaricales","f__Cortinariaceae","g__Cortinarius","ectomycorrhizal"
"g__Penicillago","k__Fungi","p__Ascomycota","c__Eurotiomycetes","o__Eurotiales","f__Penicillaginaceae","g__Penicillago",""
"g__Pulvinula","k__Fungi","p__Ascomycota","c__Pezizomycetes","o__Pezizales","f__Pyronemataceae","g__Pulvinula","ectomycorrhizal"
"g__Paragalactinia","k__Fungi","p__Ascomycota","c__Pezizomycetes","o__Pezizales","f__Pezizaceae","g__Paragalactinia",""
"g__Cenococcum","k__Fungi","p__Ascomycota","c__Dothideomycetes","o__Gloniales","f__Gloniaceae","g__Cenococcum","ectomycorrhizal"
"g__Lactarius","k__Fungi","p__Basidiomycota","c__Agaricomycetes","o__Russulales","f__Russulaceae","g__Lactarius","ectomycorrhizal"
"Unclass_o__Pleosporales","k__Fungi","p__Ascomycota","c__Dothideomycetes","o__Pleosporales",NA,"Unclass_o__Pleosporales",NA
"Unclass_f__Chaetomiaceae","k__Fungi","p__Ascomycota","c__Sordariomycetes","o__Sordariales","f__Chaetomiaceae","Unclass_f__Chaetomiaceae",NA
"g__Astraeus","k__Fungi","p__Basidiomycota","c__Agaricomycetes","o__Boletales","f__Astraeaceae","g__Astraeus","ectomycorrhizal"
"g__Tomentella","k__Fungi","p__Basidiomycota","c__Agaricomycetes","o__Thelephorales","f__Thelephoraceae","g__Tomentella","ectomycorrhizal"
"g__Inosperma","k__Fungi","p__Basidiomycota","c__Agaricomycetes","o__Agaricales","f__Inocybaceae","g__Inosperma",""
"g__Lobulomycetales_gen_Incertae_sedis","k__Fungi","p__Chytridiomycota","c__Lobulomycetes","o__Lobulomycetales","f__Lobulomycetales_fam_Incertae_sedis","g__Lobulomycetales_gen_Incertae_sedis",""
"g__Pezizaceae_gen_Incertae_sedis","k__Fungi","p__Ascomycota","c__Pezizomycetes","o__Pezizales","f__Pezizaceae","g__Pezizaceae_gen_Incertae_sedis",""
"g__Solicoccozyma","k__Fungi","p__Basidiomycota","c__Tremellomycetes","o__Filobasidiales","f__Piskurozymaceae","g__Solicoccozyma","soil_saprotroph"
"g__Thelephora","k__Fungi","p__Basidiomycota","c__Agaricomycetes","o__Thelephorales","f__Thelephoraceae","g__Thelephora","ectomycorrhizal"
"g__Inocybe","k__Fungi","p__Basidiomycota","c__Agaricomycetes","o__Agaricales","f__Inocybaceae","g__Inocybe","ectomycorrhizal"
"g__Diaporthe","k__Fungi","p__Ascomycota","c__Sordariomycetes","o__Diaporthales","f__Diaporthaceae","g__Diaporthe","plant_pathogen"
"g__Ijuhya","k__Fungi","p__Ascomycota","c__Sordariomycetes","o__Hypocreales","f__Bionectriaceae","g__Ijuhya","litter_saprotroph"
"g__Russula","k__Fungi","p__Basidiomycota","c__Agaricomycetes","o__Russulales","f__Russulaceae","g__Russula","ectomycorrhizal"
"g__Genea","k__Fungi","p__Ascomycota","c__Pezizomycetes","o__Pezizales","f__Pyronemataceae","g__Genea","ectomycorrhizal"
"g__Pyronema","k__Fungi","p__Ascomycota","c__Pezizomycetes","o__Pezizales","f__Pyronemataceae","g__Pyronema","soil_saprotroph"
"g__Leucoagaricus","k__Fungi","p__Basidiomycota","c__Agaricomycetes","o__Agaricales","f__Agaricaceae","g__Leucoagaricus","soil_saprotroph"
"g__Pulvinulaceae_gen_Incertae_sedis","k__Fungi","p__Ascomycota","c__Pezizomycetes","o__Pezizales","f__Pulvinulaceae","g__Pulvinulaceae_gen_Incertae_sedis",""
"g__Cladorrhinum","k__Fungi","p__Ascomycota","c__Sordariomycetes","o__Sordariales","f__Podosporaceae","g__Cladorrhinum","unspecified_saprotroph"
"g__Annulatascaceae_gen_Incertae_sedis","k__Fungi","p__Ascomycota","c__Sordariomycetes","o__Annulatascales","f__Annulatascaceae","g__Annulatascaceae_gen_Incertae_sedis",""
"g__Cazia","k__Fungi","p__Ascomycota","c__Pezizomycetes","o__Pezizales","f__Pezizaceae","g__Cazia","ectomycorrhizal"
"g__Trichothecium","k__Fungi","p__Ascomycota","c__Sordariomycetes","o__Hypocreales","f__Hypocreales_fam_Incertae_sedis","g__Trichothecium","plant_pathogen"
"g__Venturiales_gen_Incertae_sedis","k__Fungi","p__Ascomycota","c__Dothideomycetes","o__Venturiales","f__Venturiales_fam_Incertae_sedis","g__Venturiales_gen_Incertae_sedis",""
"g__Hydnobolites","k__Fungi","p__Ascomycota","c__Pezizomycetes","o__Pezizales","f__Pezizaceae","g__Hydnobolites","ectomycorrhizal"
"g__Funneliformis","k__Fungi","p__Glomeromycota","c__Glomeromycetes","o__Glomerales","f__Glomeraceae","g__Funneliformis","arbuscular_mycorrhizal"
"g__Naganishia","k__Fungi","p__Basidiomycota","c__Tremellomycetes","o__Filobasidiales","f__Filobasidiaceae","g__Naganishia","unspecified_saprotroph"
"g__Fusarium","k__Fungi","p__Ascomycota","c__Sordariomycetes","o__Hypocreales","f__Nectriaceae","g__Fusarium","plant_pathogen"
"g__Didymellaceae_gen_Incertae_sedis","k__Fungi","p__Ascomycota","c__Dothideomycetes","o__Pleosporales","f__Didymellaceae","g__Didymellaceae_gen_Incertae_sedis",""
"g__Scleroderma","k__Fungi","p__Basidiomycota","c__Agaricomycetes","o__Boletales","f__Sclerodermataceae","g__Scleroderma","ectomycorrhizal"
"g__Ascobolus","k__Fungi","p__Ascomycota","c__Pezizomycetes","o__Pezizales","f__Ascobolaceae","g__Ascobolus","litter_saprotroph"
"g__Dothiora","k__Fungi","p__Ascomycota","c__Dothideomycetes","o__Dothideales","f__Dothioraceae","g__Dothiora","wood_saprotroph"
"Unclass_c__Eurotiomycetes","k__Fungi","p__Ascomycota","c__Eurotiomycetes",NA,NA,"Unclass_c__Eurotiomycetes",NA
"g__Podila","k__Fungi","p__Mortierellomycota","c__Mortierellomycetes","o__Mortierellales","f__Mortierellaceae","g__Podila",""
"g__Pseudoechria","k__Fungi","p__Ascomycota","c__Sordariomycetes","o__Sordariales","f__Schizotheciaceae","g__Pseudoechria",""
"g__Thelonectria","k__Fungi","p__Ascomycota","c__Sordariomycetes","o__Hypocreales","f__Nectriaceae","g__Thelonectria","litter_saprotroph"
"g__Helvella","k__Fungi","p__Ascomycota","c__Pezizomycetes","o__Pezizales","f__Helvellaceae","g__Helvella","ectomycorrhizal"
"g__Paraphoma","k__Fungi","p__Ascomycota","c__Dothideomycetes","o__Pleosporales","f__Phaeosphaeriaceae","g__Paraphoma","plant_pathogen"
"g__Cladosporium","k__Fungi","p__Ascomycota","c__Dothideomycetes","o__Capnodiales","f__Cladosporiaceae","g__Cladosporium","litter_saprotroph"
"g__Alternaria","k__Fungi","p__Ascomycota","c__Dothideomycetes","o__Pleosporales","f__Pleosporaceae","g__Alternaria","plant_pathogen"
"Unclass_f__Russulaceae","k__Fungi","p__Basidiomycota","c__Agaricomycetes","o__Russulales","f__Russulaceae","Unclass_f__Russulaceae",NA
"g__Antarctomyces","k__Fungi","p__Ascomycota","c__Leotiomycetes","o__Thelebolales","f__Thelebolaceae","g__Antarctomyces","soil_saprotroph"
"Unclass_f__Mortierellaceae","k__Fungi","p__Mortierellomycota","c__Mortierellomycetes","o__Mortierellales","f__Mortierellaceae","Unclass_f__Mortierellaceae",NA
"g__Phialemonium","k__Fungi","p__Ascomycota","c__Sordariomycetes","o__Sordariales","f__Cephalothecaceae","g__Phialemonium","animal_parasite"
"g__Hydnoplicata","k__Fungi","p__Ascomycota","c__Pezizomycetes","o__Pezizales","f__Pezizaceae","g__Hydnoplicata","ectomycorrhizal"
"g__Pseudopithomyces","k__Fungi","p__Ascomycota","c__Dothideomycetes","o__Pleosporales","f__Didymosphaeriaceae","g__Pseudopithomyces","plant_pathogen"
"g__Mortierella","k__Fungi","p__Mortierellomycota","c__Mortierellomycetes","o__Mortierellales","f__Mortierellaceae","g__Mortierella","soil_saprotroph"
"g__Humicola","k__Fungi","p__Ascomycota","c__Sordariomycetes","o__Sordariales","f__Chaetomiaceae","g__Humicola","wood_saprotroph"
"g__Chaetothyriales_gen_Incertae_sedis","k__Fungi","p__Ascomycota","c__Eurotiomycetes","o__Chaetothyriales","f__Chaetothyriales_fam_Incertae_sedis","g__Chaetothyriales_gen_Incertae_sedis",""
"g__Atrocalyx","k__Fungi","p__Ascomycota","c__Dothideomycetes","o__Pleosporales","f__Lophiotremataceae","g__Atrocalyx","wood_saprotroph"
"g__Beauveria","k__Fungi","p__Ascomycota","c__Sordariomycetes","o__Hypocreales","f__Cordycipitaceae","g__Beauveria","animal_parasite"
"g__Myxomphalia","k__Fungi","p__Basidiomycota","c__Agaricomycetes","o__Agaricales","f__Tricholomataceae","g__Myxomphalia","litter_saprotroph"
"g__Elaphomyces","k__Fungi","p__Ascomycota","c__Eurotiomycetes","o__Eurotiales","f__Elaphomycetaceae","g__Elaphomyces","ectomycorrhizal"
"g__Pteridiospora","k__Fungi","p__Ascomycota","c__Dothideomycetes","o__Pleosporales","f__Pleosporales_fam_Incertae_sedis","g__Pteridiospora","wood_saprotroph"
"g__Coprinus","k__Fungi","p__Basidiomycota","c__Agaricomycetes","o__Agaricales","f__Agaricaceae","g__Coprinus","dung_saprotroph"
"g__Jugulospora","k__Fungi","p__Ascomycota","c__Sordariomycetes","o__Sordariales","f__Neoschizotheciaceae","g__Jugulospora","unspecified_saprotroph"
"g__Mortierellales_gen_Incertae_sedis","k__Fungi","p__Mortierellomycota","c__Mortierellomycetes","o__Mortierellales","f__Mortierellales_fam_Incertae_sedis","g__Mortierellales_gen_Incertae_sedis",""
"g__Cryptococcus","k__Fungi","p__Basidiomycota","c__Tremellomycetes","o__Tremellales","f__Cryptococcaceae","g__Cryptococcus","unspecified_saprotroph"
"g__Oidiodendron","k__Fungi","p__Ascomycota","c__Leotiomycetes","o__Helotiales","f__Myxotrichaceae","g__Oidiodendron","soil_saprotroph"
"g__Glomus","k__Fungi","p__Glomeromycota","c__Glomeromycetes","o__Glomerales","f__Glomeraceae","g__Glomus","arbuscular_mycorrhizal"
"Unclass_o__Onygenales","k__Fungi","p__Ascomycota","c__Eurotiomycetes","o__Onygenales",NA,"Unclass_o__Onygenales",NA
"g__Arachnomyces","k__Fungi","p__Ascomycota","c__Eurotiomycetes","o__Onygenales","f__Arachnomycetaceae","g__Arachnomyces","animal_parasite"
"g__Onygenales_gen_Incertae_sedis","k__Fungi","p__Ascomycota","c__Eurotiomycetes","o__Onygenales","f__Onygenales_fam_Incertae_sedis","g__Onygenales_gen_Incertae_sedis",""
"g__Membranomyces","k__Fungi","p__Basidiomycota","c__Agaricomycetes","o__Cantharellales","f__Hydnaceae","g__Membranomyces","ectomycorrhizal"
"g__Neoschizothecium","k__Fungi","p__Ascomycota","c__Sordariomycetes","o__Sordariales","f__Neoschizotheciaceae","g__Neoschizothecium",""
"g__Niesslia","k__Fungi","p__Ascomycota","c__Sordariomycetes","o__Hypocreales","f__Niessliaceae","g__Niesslia","litter_saprotroph"
"g__Didymosphaeria","k__Fungi","p__Ascomycota","c__Dothideomycetes","o__Pleosporales","f__Didymosphaeriaceae","g__Didymosphaeria","plant_pathogen"
"Unclass_o__Sordariales","k__Fungi","p__Ascomycota","c__Sordariomycetes","o__Sordariales",NA,"Unclass_o__Sordariales",NA
"g__Purpureocillium","k__Fungi","p__Ascomycota","c__Sordariomycetes","o__Hypocreales","f__Ophiocordycipitaceae","g__Purpureocillium","animal_parasite"
"g__Synchytriaceae_gen_Incertae_sedis","k__Fungi","p__Chytridiomycota","c__Synchytriomycetes","o__Synchytriales","f__Synchytriaceae","g__Synchytriaceae_gen_Incertae_sedis",""
"g__Pyrenophora","k__Fungi","p__Ascomycota","c__Dothideomycetes","o__Pleosporales","f__Pleosporaceae","g__Pyrenophora","plant_pathogen"
"g__Cyphellophora","k__Fungi","p__Ascomycota","c__Eurotiomycetes","o__Chaetothyriales","f__Cyphellophoraceae","g__Cyphellophora","litter_saprotroph"
"g__Melaspileella","k__Fungi","p__Ascomycota","c__Dothideomycetes","o__Asterinales","f__Melaspileaceae","g__Melaspileella","wood_saprotroph"
"g__Otidea","k__Fungi","p__Ascomycota","c__Pezizomycetes","o__Pezizales","f__Pyronemataceae","g__Otidea","ectomycorrhizal"
"Unclass_f__Orbiliaceae","k__Fungi","p__Ascomycota","c__Orbiliomycetes","o__Orbiliales","f__Orbiliaceae","Unclass_f__Orbiliaceae",NA
"Unclass_f__Bionectriaceae","k__Fungi","p__Ascomycota","c__Sordariomycetes","o__Hypocreales","f__Bionectriaceae","Unclass_f__Bionectriaceae",NA
"g__Geoglossales_gen_Incertae_sedis","k__Fungi","p__Ascomycota","c__Geoglossomycetes","o__Geoglossales","f__Geoglossales_fam_Incertae_sedis","g__Geoglossales_gen_Incertae_sedis",""
"g__Neostagonospora","k__Fungi","p__Ascomycota","c__Dothideomycetes","o__Pleosporales","f__Phaeosphaeriaceae","g__Neostagonospora","litter_saprotroph"
"g__Tremellodendropsidales_gen_Incertae_sedis","k__Fungi","p__Basidiomycota","c__Agaricomycetes","o__Tremellodendropsidales","f__Tremellodendropsidales_fam_Incertae_sedis","g__Tremellodendropsidales_gen_Incertae_sedis",""
"Unclass_p__Ascomycota","k__Fungi","p__Ascomycota",NA,NA,NA,"Unclass_p__Ascomycota",NA
"g__Sclerococcum","k__Fungi","p__Ascomycota","c__Eurotiomycetes","o__Sclerococcales","f__Sclerococcaceae","g__Sclerococcum","lichen_parasite"
"Unclass_f__Cordycipitaceae","k__Fungi","p__Ascomycota","c__Sordariomycetes","o__Hypocreales","f__Cordycipitaceae","Unclass_f__Cordycipitaceae",NA
"g__Ilyonectria","k__Fungi","p__Ascomycota","c__Sordariomycetes","o__Hypocreales","f__Nectriaceae","g__Ilyonectria","plant_pathogen"
"g__Basidiobolales_gen_Incertae_sedis","k__Fungi","p__Basidiobolomycota","c__Basidiobolomycetes","o__Basidiobolales","f__Basidiobolales_fam_Incertae_sedis","g__Basidiobolales_gen_Incertae_sedis",""
"Unclass_f__Aspergillaceae","k__Fungi","p__Ascomycota","c__Eurotiomycetes","o__Eurotiales","f__Aspergillaceae","Unclass_f__Aspergillaceae",NA
"Unclass_k__Fungi","k__Fungi",NA,NA,NA,NA,"Unclass_k__Fungi",NA
"g__Aureobasidium","k__Fungi","p__Ascomycota","c__Dothideomycetes","o__Dothideales","f__Saccotheciaceae","g__Aureobasidium","sooty_mold"
"g__Hyaloscypha","k__Fungi","p__Ascomycota","c__Leotiomycetes","o__Helotiales","f__Hyaloscyphaceae","g__Hyaloscypha","litter_saprotroph"
"g__Basidiomycota_gen_Incertae_sedis","k__Fungi","p__Basidiomycota","c__Basidiomycota_cls_Incertae_sedis","o__Basidiomycota_ord_Incertae_sedis","f__Basidiomycota_fam_Incertae_sedis","g__Basidiomycota_gen_Incertae_sedis",""
"g__Rhodotorula","k__Fungi","p__Basidiomycota","c__Microbotryomycetes","o__Sporidiobolales","f__Sporidiobolaceae","g__Rhodotorula","unspecified_saprotroph"
"g__Pseudoarthrographis","k__Fungi","p__Ascomycota","c__Dothideomycetes","o__Dothideomycetes_ord_Incertae_sedis","f__Dothideomycetes_fam_Incertae_sedis","g__Pseudoarthrographis","plant_pathogen"
"g__Trichocladium","k__Fungi","p__Ascomycota","c__Sordariomycetes","o__Sordariales","f__Chaetomiaceae","g__Trichocladium","unspecified_saprotroph"
"g__Chaetosphaeronema","k__Fungi","p__Ascomycota","c__Dothideomycetes","o__Pleosporales","f__Phaeosphaeriaceae","g__Chaetosphaeronema","plant_pathogen"
"g__Monocillium","k__Fungi","p__Ascomycota","c__Sordariomycetes","o__Hypocreales","f__Hypocreaceae","g__Monocillium","litter_saprotroph"
"g__Filobasidium","k__Fungi","p__Basidiomycota","c__Tremellomycetes","o__Filobasidiales","f__Filobasidiaceae","g__Filobasidium","unspecified_saprotroph"
"g__Ascochyta","k__Fungi","p__Ascomycota","c__Dothideomycetes","o__Pleosporales","f__Didymellaceae","g__Ascochyta","plant_pathogen"
"g__Rhizoctonia","k__Fungi","p__Basidiomycota","c__Agaricomycetes","o__Cantharellales","f__Ceratobasidiaceae","g__Rhizoctonia","plant_pathogen"
"g__Umbelopsis","k__Fungi","p__Mucoromycota","c__Umbelopsidomycetes","o__Umbelopsidales","f__Umbelopsidaceae","g__Umbelopsis","soil_saprotroph"
"Unclass_f__Didymellaceae","k__Fungi","p__Ascomycota","c__Dothideomycetes","o__Pleosporales","f__Didymellaceae","Unclass_f__Didymellaceae",NA
"Unclass_f__Nectriaceae","k__Fungi","p__Ascomycota","c__Sordariomycetes","o__Hypocreales","f__Nectriaceae","Unclass_f__Nectriaceae",NA
"g__Sordariomycetes_gen_Incertae_sedis","k__Fungi","p__Ascomycota","c__Sordariomycetes","o__Sordariomycetes_ord_Incertae_sedis","f__Sordariomycetes_fam_Incertae_sedis","g__Sordariomycetes_gen_Incertae_sedis",""
"g__Venturia","k__Fungi","p__Ascomycota","c__Dothideomycetes","o__Venturiales","f__Venturiaceae","g__Venturia","plant_pathogen"
"Unclass_f__Tubeufiaceae","k__Fungi","p__Ascomycota","c__Dothideomycetes","o__Tubeufiales","f__Tubeufiaceae","Unclass_f__Tubeufiaceae",NA
"g__Teratosphaeria","k__Fungi","p__Ascomycota","c__Dothideomycetes","o__Mycosphaerellales","f__Teratosphaeriaceae","g__Teratosphaeria","plant_pathogen"
"g__Wojnowiciella","k__Fungi","p__Ascomycota","c__Dothideomycetes","o__Pleosporales","f__Phaeosphaeriaceae","g__Wojnowiciella","litter_saprotroph"
"g__Spizellomycetaceae_gen_Incertae_sedis","k__Fungi","p__Chytridiomycota","c__Spizellomycetes","o__Spizellomycetales","f__Spizellomycetaceae","g__Spizellomycetaceae_gen_Incertae_sedis",""
"g__Chytridiomycota_gen_Incertae_sedis","k__Fungi","p__Chytridiomycota","c__Chytridiomycota_cls_Incertae_sedis","o__Chytridiomycota_ord_Incertae_sedis","f__Chytridiomycota_fam_Incertae_sedis","g__Chytridiomycota_gen_Incertae_sedis",""
"g__Mucor","k__Fungi","p__Mucoromycota","c__Mucoromycetes","o__Mucorales","f__Mucoraceae","g__Mucor","soil_saprotroph"
"g__Pseudogymnoascus","k__Fungi","p__Ascomycota","c__Leotiomycetes","o__Thelebolales","f__Pseudeurotiaceae","g__Pseudogymnoascus","soil_saprotroph"
"g__Spizellomyces","k__Fungi","p__Chytridiomycota","c__Spizellomycetes","o__Spizellomycetales","f__Spizellomycetaceae","g__Spizellomyces","pollen_saprotroph"
"g__Rhizopogon","k__Fungi","p__Basidiomycota","c__Agaricomycetes","o__Boletales","f__Rhizopogonaceae","g__Rhizopogon","ectomycorrhizal"
"g__Tetracladium_f__Helotiaceae","k__Fungi","p__Ascomycota","c__Leotiomycetes","o__Helotiales","f__Helotiaceae","g__Tetracladium_f__Helotiaceae",NA
"g__Thelebolus","k__Fungi","p__Ascomycota","c__Leotiomycetes","o__Thelebolales","f__Thelebolaceae","g__Thelebolus","dung_saprotroph"
"Unclass_f__Herpotrichiellaceae","k__Fungi","p__Ascomycota","c__Eurotiomycetes","o__Chaetothyriales","f__Herpotrichiellaceae","Unclass_f__Herpotrichiellaceae",NA
"g__Phaeosphaeriaceae_gen_Incertae_sedis","k__Fungi","p__Ascomycota","c__Dothideomycetes","o__Pleosporales","f__Phaeosphaeriaceae","g__Phaeosphaeriaceae_gen_Incertae_sedis",""
"g__Periconia","k__Fungi","p__Ascomycota","c__Dothideomycetes","o__Pleosporales","f__Periconiaceae","g__Periconia","plant_pathogen"
"g__Laburnicola","k__Fungi","p__Ascomycota","c__Dothideomycetes","o__Pleosporales","f__Didymosphaeriaceae","g__Laburnicola","wood_saprotroph"
"g__Fusariella","k__Fungi","p__Ascomycota","c__Sordariomycetes","o__Hypocreales","f__Hypocreales_fam_Incertae_sedis","g__Fusariella","plant_pathogen"
"g__Chaetomium","k__Fungi","p__Ascomycota","c__Sordariomycetes","o__Sordariales","f__Chaetomiaceae","g__Chaetomium","litter_saprotroph"
"g__Tricellula","k__Fungi","p__Ascomycota","c__Pezizomycotina_cls_Incertae_sedis","o__Pezizomycotina_ord_Incertae_sedis","f__Pezizomycotina_fam_Incertae_sedis","g__Tricellula","litter_saprotroph"
"g__Claroideoglomus","k__Fungi","p__Glomeromycota","c__Glomeromycetes","o__Glomerales","f__Claroideoglomeraceae","g__Claroideoglomus","arbuscular_mycorrhizal"
"g__Tephrocybe","k__Fungi","p__Basidiomycota","c__Agaricomycetes","o__Agaricales","f__Lyophyllaceae","g__Tephrocybe","soil_saprotroph"
"g__Oliveonia","k__Fungi","p__Basidiomycota","c__Agaricomycetes","o__Auriculariales","f__Auriculariales_fam_Incertae_sedis","g__Oliveonia","wood_saprotroph"
"g__Acremonium","k__Fungi","p__Ascomycota","c__Sordariomycetes","o__Hypocreales","f__Hypocreales_fam_Incertae_sedis","g__Acremonium","unspecified_saprotroph"
"Unclass_f__Thelephoraceae","k__Fungi","p__Basidiomycota","c__Agaricomycetes","o__Thelephorales","f__Thelephoraceae","Unclass_f__Thelephoraceae",NA
"g__Phialocephala","k__Fungi","p__Ascomycota","c__Leotiomycetes","o__Helotiales","f__Mollisiaceae","g__Phialocephala","soil_saprotroph"
"g__Saitozyma","k__Fungi","p__Basidiomycota","c__Tremellomycetes","o__Tremellales","f__Trimorphomycetaceae","g__Saitozyma","soil_saprotroph"
"g__Dinemasporium","k__Fungi","p__Ascomycota","c__Sordariomycetes","o__Chaetosphaeriales","f__Chaetosphaeriaceae","g__Dinemasporium","litter_saprotroph"
"g__Calloriaceae_gen_Incertae_sedis","k__Fungi","p__Ascomycota","c__Leotiomycetes","o__Helotiales","f__Calloriaceae","g__Calloriaceae_gen_Incertae_sedis",""
"g__Pezicula","k__Fungi","p__Ascomycota","c__Leotiomycetes","o__Helotiales","f__Dermateaceae","g__Pezicula","root_endophyte"
"g__Exophiala","k__Fungi","p__Ascomycota","c__Eurotiomycetes","o__Chaetothyriales","f__Herpotrichiellaceae","g__Exophiala","animal_parasite"
"Unclass_o__Pezizales","k__Fungi","p__Ascomycota","c__Pezizomycetes","o__Pezizales",NA,"Unclass_o__Pezizales",NA
"Unclass_f__Pyronemataceae","k__Fungi","p__Ascomycota","c__Pezizomycetes","o__Pezizales","f__Pyronemataceae","Unclass_f__Pyronemataceae",NA
"g__Kirschsteiniothelia","k__Fungi","p__Ascomycota","c__Dothideomycetes","o__Kirschsteiniotheliales","f__Kirschsteiniotheliaceae","g__Kirschsteiniothelia","wood_saprotroph"
"g__Lasiosphaeris","k__Fungi","p__Ascomycota","c__Sordariomycetes","o__Sordariales","f__Lasiosphaeriaceae","g__Lasiosphaeris","unspecified_saprotroph"
"Unclass_o__Pyxidiophorales","k__Fungi","p__Ascomycota","c__Laboulbeniomycetes","o__Pyxidiophorales",NA,"Unclass_o__Pyxidiophorales",NA
"g__Neosartorya","k__Fungi","p__Ascomycota","c__Eurotiomycetes","o__Eurotiales","f__Aspergillaceae","g__Neosartorya","unspecified_saprotroph"
"g__Coniochaeta","k__Fungi","p__Ascomycota","c__Sordariomycetes","o__Coniochaetales","f__Coniochaetaceae","g__Coniochaeta","unspecified_saprotroph"
"g__Lichenoconium","k__Fungi","p__Ascomycota","c__Dothideomycetes","o__Abrothallales","f__Lichenoconiaceae","g__Lichenoconium","lichen_parasite"
"g__Phaeosphaeria","k__Fungi","p__Ascomycota","c__Dothideomycetes","o__Pleosporales","f__Phaeosphaeriaceae","g__Phaeosphaeria","litter_saprotroph"
"g__Sporothrix","k__Fungi","p__Ascomycota","c__Sordariomycetes","o__Ophiostomatales","f__Ophiostomataceae","g__Sporothrix","plant_pathogen"
"g__Hyalorbilia","k__Fungi","p__Ascomycota","c__Orbiliomycetes","o__Orbiliales","f__Orbiliaceae","g__Hyalorbilia","wood_saprotroph"
"g__Lachnum","k__Fungi","p__Ascomycota","c__Leotiomycetes","o__Helotiales","f__Hyaloscyphaceae","g__Lachnum","litter_saprotroph"
"Unclass_c__Sordariomycetes","k__Fungi","p__Ascomycota","c__Sordariomycetes",NA,NA,"Unclass_c__Sordariomycetes",NA
"g__Venturiaceae_gen_Incertae_sedis","k__Fungi","p__Ascomycota","c__Dothideomycetes","o__Venturiales","f__Venturiaceae","g__Venturiaceae_gen_Incertae_sedis",""
"g__Pseudeurotium","k__Fungi","p__Ascomycota","c__Leotiomycetes","o__Thelebolales","f__Pseudeurotiaceae","g__Pseudeurotium","dung_saprotroph"
"g__Ceratobasidium","k__Fungi","p__Basidiomycota","c__Agaricomycetes","o__Cantharellales","f__Ceratobasidiaceae","g__Ceratobasidium","plant_pathogen"
"g__Sagenomella","k__Fungi","p__Ascomycota","c__Eurotiomycetes","o__Eurotiales","f__Trichocomaceae","g__Sagenomella","unspecified_saprotroph"
"g__Pholiotina","k__Fungi","p__Basidiomycota","c__Agaricomycetes","o__Agaricales","f__Bolbitiaceae","g__Pholiotina","soil_saprotroph"
"g__Plicariella","k__Fungi","p__Ascomycota","c__Pezizomycetes","o__Pezizales","f__Pezizaceae","g__Plicariella","ectomycorrhizal"
"Unclass_c__Dothideomycetes","k__Fungi","p__Ascomycota","c__Dothideomycetes",NA,NA,"Unclass_c__Dothideomycetes",NA
"Unclass_o__Chaetothyriales","k__Fungi","p__Ascomycota","c__Eurotiomycetes","o__Chaetothyriales",NA,"Unclass_o__Chaetothyriales",NA
"g__Tricharina","k__Fungi","p__Ascomycota","c__Pezizomycetes","o__Pezizales","f__Pyronemataceae","g__Tricharina","soil_saprotroph"
"g__Schizothecium","k__Fungi","p__Ascomycota","c__Sordariomycetes","o__Sordariales","f__Lasiosphaeriaceae","g__Schizothecium","dung_saprotroph"
"g__Paracladophialophora","k__Fungi","p__Ascomycota","c__Eurotiomycetes","o__Chaetothyriales","f__Paracladophialophoraceae","g__Paracladophialophora","plant_pathogen"
"g__Epicoccum","k__Fungi","p__Ascomycota","c__Dothideomycetes","o__Pleosporales","f__Didymellaceae","g__Epicoccum","plant_pathogen"
"Unclass_c__Agaricomycetes","k__Fungi","p__Basidiomycota","c__Agaricomycetes",NA,NA,"Unclass_c__Agaricomycetes",NA
"g__Lecanicillium","k__Fungi","p__Ascomycota","c__Sordariomycetes","o__Hypocreales","f__Cordycipitaceae","g__Lecanicillium","animal_parasite"
"g__Parasola","k__Fungi","p__Basidiomycota","c__Agaricomycetes","o__Agaricales","f__Psathyrellaceae","g__Parasola","soil_saprotroph"
"g__Orbiliales_gen_Incertae_sedis","k__Fungi","p__Ascomycota","c__Orbiliomycetes","o__Orbiliales","f__Orbiliales_fam_Incertae_sedis","g__Orbiliales_gen_Incertae_sedis",""
"g__Talaromyces","k__Fungi","p__Ascomycota","c__Eurotiomycetes","o__Eurotiales","f__Aspergillaceae","g__Talaromyces","unspecified_saprotroph"
"g__Hypocreales_gen_Incertae_sedis","k__Fungi","p__Ascomycota","c__Sordariomycetes","o__Hypocreales","f__Hypocreales_fam_Incertae_sedis","g__Hypocreales_gen_Incertae_sedis",""
"g__Gamszarea","k__Fungi","p__Ascomycota","c__Sordariomycetes","o__Hypocreales","f__Cordycipitaceae","g__Gamszarea",""
"g__Pseudocosmospora","k__Fungi","p__Ascomycota","c__Sordariomycetes","o__Hypocreales","f__Nectriaceae","g__Pseudocosmospora","mycoparasite"
"g__Distoseptispora","k__Fungi","p__Ascomycota","c__Sordariomycetes","o__Distoseptisporales","f__Distoseptisporaceae","g__Distoseptispora","wood_saprotroph"
"g__Gliomastix","k__Fungi","p__Ascomycota","c__Sordariomycetes","o__Hypocreales","f__Bionectriaceae","g__Gliomastix","unspecified_saprotroph"
"g__Tyrannosorus","k__Fungi","p__Ascomycota","c__Dothideomycetes","o__Venturiales","f__Venturiaceae","g__Tyrannosorus","wood_saprotroph"
"Unclass_f__Phaeosphaeriaceae","k__Fungi","p__Ascomycota","c__Dothideomycetes","o__Pleosporales","f__Phaeosphaeriaceae","Unclass_f__Phaeosphaeriaceae",NA
"g__Serendipita","k__Fungi","p__Basidiomycota","c__Agaricomycetes","o__Sebacinales","f__Serendipitaceae","g__Serendipita","root_endophyte"
"g__Xenasma","k__Fungi","p__Basidiomycota","c__Agaricomycetes","o__Agaricomycetes_ord_Incertae_sedis","f__Xenasmataceae","g__Xenasma","wood_saprotroph"
"Unclass_o__Hypocreales","k__Fungi","p__Ascomycota","c__Sordariomycetes","o__Hypocreales",NA,"Unclass_o__Hypocreales",NA
"g__Iodophanus","k__Fungi","p__Ascomycota","c__Pezizomycetes","o__Pezizales","f__Pezizaceae","g__Iodophanus","soil_saprotroph"
"g__Gloniaceae_gen_Incertae_sedis","k__Fungi","p__Ascomycota","c__Dothideomycetes","o__Gloniales","f__Gloniaceae","g__Gloniaceae_gen_Incertae_sedis",""
"g__Glarea","k__Fungi","p__Ascomycota","c__Leotiomycetes","o__Helotiales","f__Helotiaceae","g__Glarea","soil_saprotroph"
"g__Preussia","k__Fungi","p__Ascomycota","c__Dothideomycetes","o__Pleosporales","f__Sporormiaceae","g__Preussia","dung_saprotroph"
"g__Metapochonia","k__Fungi","p__Ascomycota","c__Sordariomycetes","o__Hypocreales","f__Clavicipitaceae","g__Metapochonia","animal_parasite"
"g__Neocucurbitaria","k__Fungi","p__Ascomycota","c__Dothideomycetes","o__Pleosporales","f__Cucurbitariaceae","g__Neocucurbitaria","unspecified_saprotroph"
"g__Hamigera","k__Fungi","p__Ascomycota","c__Eurotiomycetes","o__Eurotiales","f__Aspergillaceae","g__Hamigera","unspecified_saprotroph"
"g__Hebeloma","k__Fungi","p__Basidiomycota","c__Agaricomycetes","o__Agaricales","f__Hymenogastraceae","g__Hebeloma","ectomycorrhizal"
"g__Entrophospora","k__Fungi","p__Glomeromycota","c__Glomeromycetes","o__Entrophosporales","f__Entrophosporaceae","g__Entrophospora","arbuscular_mycorrhizal"
"g__Geastrales_gen_Incertae_sedis","k__Fungi","p__Basidiomycota","c__Agaricomycetes","o__Geastrales","f__Geastrales_fam_Incertae_sedis","g__Geastrales_gen_Incertae_sedis",""
"g__Pluteus","k__Fungi","p__Basidiomycota","c__Agaricomycetes","o__Agaricales","f__Pluteaceae","g__Pluteus","litter_saprotroph"
"g__Scytalidium","k__Fungi","p__Ascomycota","c__Leotiomycetes","o__Helotiales","f__Helotiaceae","g__Scytalidium","wood_saprotroph"
"g__Didymella","k__Fungi","p__Ascomycota","c__Dothideomycetes","o__Pleosporales","f__Didymellaceae","g__Didymella","plant_pathogen"
"g__Jeremyomyces","k__Fungi","p__Ascomycota","c__Dothideomycetes","o__Pleosporales","f__Phaeosphaeriaceae","g__Jeremyomyces","wood_saprotroph"
"g__Glutinomyces","k__Fungi","p__Ascomycota","c__Leotiomycetes","o__Helotiales","f__Hyaloscyphaceae","g__Glutinomyces","root_endophyte"
"g__Omphalotus","k__Fungi","p__Basidiomycota","c__Agaricomycetes","o__Agaricales","f__Omphalotaceae","g__Omphalotus","wood_saprotroph"
"g__Geminibasidium","k__Fungi","p__Basidiomycota","c__Geminibasidiomycetes","o__Geminibasidiales","f__Geminibasidiaceae","g__Geminibasidium","soil_saprotroph"
"g__Lyophyllum","k__Fungi","p__Basidiomycota","c__Agaricomycetes","o__Agaricales","f__Lyophyllaceae","g__Lyophyllum","ectomycorrhizal"
"g__Cytospora","k__Fungi","p__Ascomycota","c__Sordariomycetes","o__Diaporthales","f__Valsaceae","g__Cytospora","plant_pathogen"
"Unclass_f__Sclerotiniaceae","k__Fungi","p__Ascomycota","c__Leotiomycetes","o__Helotiales","f__Sclerotiniaceae","Unclass_f__Sclerotiniaceae",NA
"g__Crocicreas","k__Fungi","p__Ascomycota","c__Leotiomycetes","o__Helotiales","f__Helotiaceae","g__Crocicreas","litter_saprotroph"
"Unclass_f__Paracladophialophoraceae","k__Fungi","p__Ascomycota","c__Eurotiomycetes","o__Chaetothyriales","f__Paracladophialophoraceae","Unclass_f__Paracladophialophoraceae",NA
"g__Arnium","k__Fungi","p__Ascomycota","c__Sordariomycetes","o__Sordariales","f__Lasiosphaeriaceae","g__Arnium","dung_saprotroph"
"g__Botryotinia","k__Fungi","p__Ascomycota","c__Leotiomycetes","o__Helotiales","f__Sclerotiniaceae","g__Botryotinia","plant_pathogen"
"g__Capronia","k__Fungi","p__Ascomycota","c__Eurotiomycetes","o__Chaetothyriales","f__Herpotrichiellaceae","g__Capronia","soil_saprotroph"
"g__Varicellaria","k__Fungi","p__Ascomycota","c__Lecanoromycetes","o__Pertusariales","f__Pertusariaceae","g__Varicellaria","lichenized"
"Unclass_p__Basidiomycota","k__Fungi","p__Basidiomycota",NA,NA,NA,"Unclass_p__Basidiomycota",NA
"g__Aspergillaceae_gen_Incertae_sedis","k__Fungi","p__Ascomycota","c__Eurotiomycetes","o__Eurotiales","f__Aspergillaceae","g__Aspergillaceae_gen_Incertae_sedis",""
"g__Neosetophoma","k__Fungi","p__Ascomycota","c__Dothideomycetes","o__Pleosporales","f__Phaeosphaeriaceae","g__Neosetophoma","litter_saprotroph"
"g__Aspergillus","k__Fungi","p__Ascomycota","c__Eurotiomycetes","o__Eurotiales","f__Aspergillaceae","g__Aspergillus","unspecified_saprotroph"
"g__Fusicolla","k__Fungi","p__Ascomycota","c__Sordariomycetes","o__Hypocreales","f__Nectriaceae","g__Fusicolla","mycoparasite"
"g__Paracylindrocarpon","k__Fungi","p__Ascomycota","c__Sordariomycetes","o__Hypocreales","f__Bionectriaceae","g__Paracylindrocarpon","litter_saprotroph"
"g__Powellomycetaceae_gen_Incertae_sedis","k__Fungi","p__Chytridiomycota","c__Spizellomycetes","o__Spizellomycetales","f__Powellomycetaceae","g__Powellomycetaceae_gen_Incertae_sedis",""
"g__Pectenia","k__Fungi","p__Ascomycota","c__Lecanoromycetes","o__Peltigerales","f__Pannariaceae","g__Pectenia","lichenized"
"Unclass_f__Lasiosphaeriaceae","k__Fungi","p__Ascomycota","c__Sordariomycetes","o__Sordariales","f__Lasiosphaeriaceae","Unclass_f__Lasiosphaeriaceae",NA
"g__Fungi_gen_Incertae_sedis","k__Fungi","p__Fungi_phy_Incertae_sedis","c__Fungi_cls_Incertae_sedis","o__Fungi_ord_Incertae_sedis","f__Fungi_fam_Incertae_sedis","g__Fungi_gen_Incertae_sedis",""
"g__Arachniotus","k__Fungi","p__Ascomycota","c__Eurotiomycetes","o__Onygenales","f__Gymnoascaceae","g__Arachniotus","soil_saprotroph"
"g__Leptodontidium","k__Fungi","p__Ascomycota","c__Leotiomycetes","o__Helotiales","f__Leptodontidiaceae","g__Leptodontidium","litter_saprotroph"
"g__Chalara","k__Fungi","p__Ascomycota","c__Leotiomycetes","o__Helotiales","f__Helotiales_fam_Incertae_sedis","g__Chalara","litter_saprotroph"
"g__Calyptella","k__Fungi","p__Basidiomycota","c__Agaricomycetes","o__Agaricales","f__Tricholomataceae","g__Calyptella","litter_saprotroph"
"g__Spizellomycetales_gen_Incertae_sedis","k__Fungi","p__Chytridiomycota","c__Spizellomycetes","o__Spizellomycetales","f__Spizellomycetales_fam_Incertae_sedis","g__Spizellomycetales_gen_Incertae_sedis",""
"g__Vishniacozyma","k__Fungi","p__Basidiomycota","c__Tremellomycetes","o__Tremellales","f__Bulleribasidiaceae","g__Vishniacozyma","soil_saprotroph"
"Unclass_c__Endogonomycetes","k__Fungi","p__Mucoromycota","c__Endogonomycetes",NA,NA,"Unclass_c__Endogonomycetes",NA
"g__Leohumicola","k__Fungi","p__Ascomycota","c__Leotiomycetes","o__Helotiales","f__Helotiales_fam_Incertae_sedis","g__Leohumicola","soil_saprotroph"
"g__Monoblepharidales_gen_Incertae_sedis","k__Fungi","p__Monoblepharomycota","c__Monoblepharidomycetes","o__Monoblepharidales","f__Monoblepharidales_fam_Incertae_sedis","g__Monoblepharidales_gen_Incertae_sedis",""
"g__Pyrenochaeta","k__Fungi","p__Ascomycota","c__Dothideomycetes","o__Pleosporales","f__Cucurbitariaceae","g__Pyrenochaeta","wood_saprotroph"
"g__Tumularia","k__Fungi","p__Ascomycota","c__Dothideomycetes","o__Pleosporales","f__Pleomassariaceae","g__Tumularia","litter_saprotroph"
"g__Leucosporidium","k__Fungi","p__Basidiomycota","c__Microbotryomycetes","o__Leucosporidiales","f__Leucosporidiaceae","g__Leucosporidium","soil_saprotroph"
"g__Myrmecridium","k__Fungi","p__Ascomycota","c__Sordariomycetes","o__Myrmecridiales","f__Myrmecridiaceae","g__Myrmecridium","soil_saprotroph"
"g__Orbiliaceae_gen_Incertae_sedis","k__Fungi","p__Ascomycota","c__Orbiliomycetes","o__Orbiliales","f__Orbiliaceae","g__Orbiliaceae_gen_Incertae_sedis",""
"Unclass_f__Xylariaceae","k__Fungi","p__Ascomycota","c__Sordariomycetes","o__Xylariales","f__Xylariaceae","Unclass_f__Xylariaceae",NA
"g__Cephalotrichum","k__Fungi","p__Ascomycota","c__Sordariomycetes","o__Microascales","f__Microascaceae","g__Cephalotrichum","soil_saprotroph"
"g__Linnemannia","k__Fungi","p__Mortierellomycota","c__Mortierellomycetes","o__Mortierellales","f__Mortierellaceae","g__Linnemannia",""
"Unclass_f__Pezizaceae","k__Fungi","p__Ascomycota","c__Pezizomycetes","o__Pezizales","f__Pezizaceae","Unclass_f__Pezizaceae",NA
"Unclass_f__Helvellaceae","k__Fungi","p__Ascomycota","c__Pezizomycetes","o__Pezizales","f__Helvellaceae","Unclass_f__Helvellaceae",NA
"g__Ramophialophora","k__Fungi","p__Ascomycota","c__Sordariomycetes","o__Sordariales","f__Bombardiaceae","g__Ramophialophora","soil_saprotroph"
"g__Sclerococcales_gen_Incertae_sedis","k__Fungi","p__Ascomycota","c__Eurotiomycetes","o__Sclerococcales","f__Sclerococcales_fam_Incertae_sedis","g__Sclerococcales_gen_Incertae_sedis",""
"g__Pleomassariaceae_gen_Incertae_sedis","k__Fungi","p__Ascomycota","c__Dothideomycetes","o__Pleosporales","f__Pleomassariaceae","g__Pleomassariaceae_gen_Incertae_sedis",""
"g__Waitea","k__Fungi","p__Basidiomycota","c__Agaricomycetes","o__Corticiales","f__Corticiaceae","g__Waitea","plant_pathogen"
"g__Pseudorhypophila","k__Fungi","p__Ascomycota","c__Sordariomycetes","o__Sordariales","f__Naviculisporaceae","g__Pseudorhypophila",""
"g__Gibellulopsis","k__Fungi","p__Ascomycota","c__Sordariomycetes","o__Glomerellales","f__Plectosphaerellaceae","g__Gibellulopsis","plant_pathogen"
"g__Ascotricha","k__Fungi","p__Ascomycota","c__Sordariomycetes","o__Xylariales","f__Xylariaceae","g__Ascotricha","soil_saprotroph"
"Unclass_f__Venturiaceae","k__Fungi","p__Ascomycota","c__Dothideomycetes","o__Venturiales","f__Venturiaceae","Unclass_f__Venturiaceae",NA
"g__Lunasporangiospora","k__Fungi","p__Mortierellomycota","c__Mortierellomycetes","o__Mortierellales","f__Mortierellaceae","g__Lunasporangiospora",""
"g__Pseudotomentella","k__Fungi","p__Basidiomycota","c__Agaricomycetes","o__Thelephorales","f__Thelephoraceae","g__Pseudotomentella","ectomycorrhizal"
"g__Calyptrozyma","k__Fungi","p__Ascomycota","c__Leotiomycetes","o__Helotiales","f__Helotiaceae","g__Calyptrozyma","unspecified_saprotroph"
"g__Diversisporaceae_gen_Incertae_sedis","k__Fungi","p__Glomeromycota","c__Glomeromycetes","o__Diversisporales","f__Diversisporaceae","g__Diversisporaceae_gen_Incertae_sedis",""
"Unclass_f__Ceratobasidiaceae","k__Fungi","p__Basidiomycota","c__Agaricomycetes","o__Cantharellales","f__Ceratobasidiaceae","Unclass_f__Ceratobasidiaceae",NA
"g__Halosphaeriaceae_gen_Incertae_sedis","k__Fungi","p__Ascomycota","c__Sordariomycetes","o__Microascales","f__Halosphaeriaceae","g__Halosphaeriaceae_gen_Incertae_sedis",""
"g__Phaeosphaeriopsis","k__Fungi","p__Ascomycota","c__Dothideomycetes","o__Pleosporales","f__Phaeosphaeriaceae","g__Phaeosphaeriopsis","plant_pathogen"
"g__Rhagadostoma","k__Fungi","p__Ascomycota","c__Sordariomycetes","o__Coronophorales","f__Nitschkiaceae","g__Rhagadostoma","lichen_parasite"
"g__Septoriella","k__Fungi","p__Ascomycota","c__Dothideomycetes","o__Pleosporales","f__Phaeosphaeriaceae","g__Septoriella","litter_saprotroph"
"g__Clohesyomyces","k__Fungi","p__Ascomycota","c__Dothideomycetes","o__Pleosporales","f__Lindgomycetaceae","g__Clohesyomyces","wood_saprotroph"
"g__Cryptodiscus","k__Fungi","p__Ascomycota","c__Lecanoromycetes","o__Ostropales","f__Stictidaceae","g__Cryptodiscus","lichen_parasite"
"g__Ceratobasidiaceae_gen_Incertae_sedis","k__Fungi","p__Basidiomycota","c__Agaricomycetes","o__Cantharellales","f__Ceratobasidiaceae","g__Ceratobasidiaceae_gen_Incertae_sedis",""
"g__Keithomyces","k__Fungi","p__Ascomycota","c__Sordariomycetes","o__Hypocreales","f__Clavicipitaceae","g__Keithomyces",""
"g__Microcera","k__Fungi","p__Ascomycota","c__Sordariomycetes","o__Hypocreales","f__Nectriaceae","g__Microcera","animal_parasite"
"g__Geopora","k__Fungi","p__Ascomycota","c__Pezizomycetes","o__Pezizales","f__Pyronemataceae","g__Geopora","ectomycorrhizal"
"g__Podospora","k__Fungi","p__Ascomycota","c__Sordariomycetes","o__Sordariales","f__Podosporaceae","g__Podospora","dung_saprotroph"
"g__Cirrenalia","k__Fungi","p__Ascomycota","c__Sordariomycetes","o__Microascales","f__Halosphaeriaceae","g__Cirrenalia","wood_saprotroph"
"g__Polyphilus","k__Fungi","p__Ascomycota","c__Leotiomycetes","o__Helotiales","f__Calloriaceae","g__Polyphilus","unspecified_saprotroph"
"Unclass_o__Boletales","k__Fungi","p__Basidiomycota","c__Agaricomycetes","o__Boletales",NA,"Unclass_o__Boletales",NA
"g__Phaeoacremonium","k__Fungi","p__Ascomycota","c__Sordariomycetes","o__Togniniales","f__Togniniaceae","g__Phaeoacremonium","plant_pathogen"
"Unclass_c__Lecanoromycetes","k__Fungi","p__Ascomycota","c__Lecanoromycetes",NA,NA,"Unclass_c__Lecanoromycetes",NA
"g__Cucurbitariaceae_gen_Incertae_sedis","k__Fungi","p__Ascomycota","c__Dothideomycetes","o__Pleosporales","f__Cucurbitariaceae","g__Cucurbitariaceae_gen_Incertae_sedis",""
"g__Capnodiales_gen_Incertae_sedis","k__Fungi","p__Ascomycota","c__Dothideomycetes","o__Capnodiales","f__Capnodiales_fam_Incertae_sedis","g__Capnodiales_gen_Incertae_sedis",""
"Unclass_o__Helotiales","k__Fungi","p__Ascomycota","c__Leotiomycetes","o__Helotiales",NA,"Unclass_o__Helotiales",NA
"g__Papiliotrema","k__Fungi","p__Basidiomycota","c__Tremellomycetes","o__Tremellales","f__Rhynchogastremataceae","g__Papiliotrema","mycoparasite"
"g__Coleophoma","k__Fungi","p__Ascomycota","c__Leotiomycetes","o__Helotiales","f__Dermateaceae","g__Coleophoma","plant_pathogen"
"g__Rhizophlyctis","k__Fungi","p__Chytridiomycota","c__Rhizophlyctidomycetes","o__Rhizophlyctidales","f__Rhizophlyctidaceae","g__Rhizophlyctis","litter_saprotroph"
"g__Dactylonectria","k__Fungi","p__Ascomycota","c__Sordariomycetes","o__Hypocreales","f__Nectriaceae","g__Dactylonectria","plant_pathogen"
"g__Heydenia","k__Fungi","p__Ascomycota","c__Pezizomycetes","o__Pezizales","f__Pyronemataceae","g__Heydenia","litter_saprotroph"
"Unclass_o__Cladochytriales","k__Fungi","p__Chytridiomycota","c__Cladochytriomycetes","o__Cladochytriales",NA,"Unclass_o__Cladochytriales",NA
"Unclass_f__Helotiaceae","k__Fungi","p__Ascomycota","c__Leotiomycetes","o__Helotiales","f__Helotiaceae","Unclass_f__Helotiaceae",NA
"g__Articulospora","k__Fungi","p__Ascomycota","c__Leotiomycetes","o__Helotiales","f__Helotiaceae","g__Articulospora","litter_saprotroph"
"Unclass_f__Cucurbitariaceae","k__Fungi","p__Ascomycota","c__Dothideomycetes","o__Pleosporales","f__Cucurbitariaceae","Unclass_f__Cucurbitariaceae",NA
"g__Trichosporiella","k__Fungi","p__Ascomycota","c__Leotiomycetes","o__Helotiales","f__Dermateaceae","g__Trichosporiella","soil_saprotroph"
"g__Neobulgaria","k__Fungi","p__Ascomycota","c__Leotiomycetes","o__Helotiales","f__Gelatinodiscaceae","g__Neobulgaria","wood_saprotroph"
"g__Chaetosphaeria","k__Fungi","p__Ascomycota","c__Sordariomycetes","o__Chaetosphaeriales","f__Chaetosphaeriaceae","g__Chaetosphaeria","litter_saprotroph"
"g__Clonostachys","k__Fungi","p__Ascomycota","c__Sordariomycetes","o__Hypocreales","f__Bionectriaceae","g__Clonostachys","wood_saprotroph"
"g__Trichoderma","k__Fungi","p__Ascomycota","c__Sordariomycetes","o__Hypocreales","f__Hypocreaceae","g__Trichoderma","mycoparasite"
"g__Rhizophagus","k__Fungi","p__Glomeromycota","c__Glomeromycetes","o__Glomerales","f__Glomeraceae","g__Rhizophagus","arbuscular_mycorrhizal"
"g__GS36_gen_Incertae_sedis","k__Fungi","p__Ascomycota","c__Lecanoromycetes","o__GS36","f__GS36_fam_Incertae_sedis","g__GS36_gen_Incertae_sedis",""
"Unclass_f__Pleosporales_fam_Incertae_sedis","k__Fungi","p__Ascomycota","c__Dothideomycetes","o__Pleosporales","f__Pleosporales_fam_Incertae_sedis","Unclass_f__Pleosporales_fam_Incertae_sedis",NA
"g__Lophiostoma","k__Fungi","p__Ascomycota","c__Dothideomycetes","o__Pleosporales","f__Lophiostomataceae","g__Lophiostoma","wood_saprotroph"
"g__Diplogelasinospora","k__Fungi","p__Ascomycota","c__Sordariomycetes","o__Sordariales","f__Sordariaceae","g__Diplogelasinospora","soil_saprotroph"
"g__Dactylella","k__Fungi","p__Ascomycota","c__Orbiliomycetes","o__Orbiliales","f__Orbiliaceae","g__Dactylella","wood_saprotroph"
"g__Slooffia","k__Fungi","p__Basidiomycota","c__Microbotryomycetes","o__Microbotryomycetes_ord_Incertae_sedis","f__Chrysozymaceae","g__Slooffia","unspecified_saprotroph"
"g__Geomyces","k__Fungi","p__Ascomycota","c__Leotiomycetes","o__Thelebolales","f__Pseudeurotiaceae","g__Geomyces","soil_saprotroph"
"g__Arxiella","k__Fungi","p__Ascomycota","c__Sordariomycetes","o__Magnaporthales","f__Magnaporthaceae","g__Arxiella","litter_saprotroph"
"g__Cunninghamellaceae_gen_Incertae_sedis","k__Fungi","p__Mucoromycota","c__Mucoromycetes","o__Mucorales","f__Cunninghamellaceae","g__Cunninghamellaceae_gen_Incertae_sedis",""
"g__Cladochytriales_gen_Incertae_sedis","k__Fungi","p__Chytridiomycota","c__Cladochytriomycetes","o__Cladochytriales","f__Cladochytriales_fam_Incertae_sedis","g__Cladochytriales_gen_Incertae_sedis",""
"g__Amphisphaeriales_gen_Incertae_sedis","k__Fungi","p__Ascomycota","c__Sordariomycetes","o__Amphisphaeriales","f__Amphisphaeriales_fam_Incertae_sedis","g__Amphisphaeriales_gen_Incertae_sedis",""
"g__Pisorisporiales_gen_Incertae_sedis","k__Fungi","p__Ascomycota","c__Sordariomycetes","o__Pisorisporiales","f__Pisorisporiales_fam_Incertae_sedis","g__Pisorisporiales_gen_Incertae_sedis",""
"g__Absidia","k__Fungi","p__Mucoromycota","c__Mucoromycetes","o__Mucorales","f__Cunninghamellaceae","g__Absidia","soil_saprotroph"
"g__Dothiorella","k__Fungi","p__Ascomycota","c__Dothideomycetes","o__Botryosphaeriales","f__Botryosphaeriaceae","g__Dothiorella","plant_pathogen"
"g__Pyxidiophorales_gen_Incertae_sedis","k__Fungi","p__Ascomycota","c__Laboulbeniomycetes","o__Pyxidiophorales","f__Pyxidiophorales_fam_Incertae_sedis","g__Pyxidiophorales_gen_Incertae_sedis",""
"Unclass_o__Diaporthales","k__Fungi","p__Ascomycota","c__Sordariomycetes","o__Diaporthales",NA,"Unclass_o__Diaporthales",NA
"g__Immersidiscosia","k__Fungi","p__Ascomycota","c__Sordariomycetes","o__Xylariales","f__Sporocadaceae","g__Immersidiscosia","plant_pathogen"
"g__Mycena","k__Fungi","p__Basidiomycota","c__Agaricomycetes","o__Agaricales","f__Mycenaceae","g__Mycena","litter_saprotroph"
"g__Murispora","k__Fungi","p__Ascomycota","c__Dothideomycetes","o__Pleosporales","f__Amniculicolaceae","g__Murispora","wood_saprotroph"
"g__Dioszegia","k__Fungi","p__Basidiomycota","c__Tremellomycetes","o__Tremellales","f__Bulleribasidiaceae","g__Dioszegia","litter_saprotroph"
"g__Chaetomidium","k__Fungi","p__Ascomycota","c__Sordariomycetes","o__Sordariales","f__Chaetomiaceae","g__Chaetomidium","dung_saprotroph"
"g__Protomyces","k__Fungi","p__Ascomycota","c__Taphrinomycetes","o__Taphrinales","f__Protomycetaceae","g__Protomyces","plant_pathogen"
"g__Knufia","k__Fungi","p__Ascomycota","c__Eurotiomycetes","o__Chaetothyriales","f__Trichomeriaceae","g__Knufia","soil_saprotroph"
"g__Pezizomycotina_gen_Incertae_sedis","k__Fungi","p__Ascomycota","c__Pezizomycotina_cls_Incertae_sedis","o__Pezizomycotina_ord_Incertae_sedis","f__Pezizomycotina_fam_Incertae_sedis","g__Pezizomycotina_gen_Incertae_sedis",""
"g__Rutstroemia","k__Fungi","p__Ascomycota","c__Leotiomycetes","o__Helotiales","f__Rutstroemiaceae","g__Rutstroemia","litter_saprotroph"
"g__Cosmospora","k__Fungi","p__Ascomycota","c__Sordariomycetes","o__Hypocreales","f__Nectriaceae","g__Cosmospora","mycoparasite"
"g__Pithoascus","k__Fungi","p__Ascomycota","c__Sordariomycetes","o__Microascales","f__Microascaceae","g__Pithoascus","soil_saprotroph"
"g__Septoglomus","k__Fungi","p__Glomeromycota","c__Glomeromycetes","o__Glomerales","f__Glomeraceae","g__Septoglomus","arbuscular_mycorrhizal"
"g__Limonomyces","k__Fungi","p__Basidiomycota","c__Agaricomycetes","o__Corticiales","f__Corticiaceae","g__Limonomyces","plant_pathogen"
"g__Fimicolochytrium","k__Fungi","p__Chytridiomycota","c__Spizellomycetes","o__Spizellomycetales","f__Powellomycetaceae","g__Fimicolochytrium","pollen_saprotroph"
"g__Cladophialophora","k__Fungi","p__Ascomycota","c__Eurotiomycetes","o__Chaetothyriales","f__Herpotrichiellaceae","g__Cladophialophora","soil_saprotroph"
"g__Acaulosporaceae_gen_Incertae_sedis","k__Fungi","p__Glomeromycota","c__Glomeromycetes","o__Diversisporales","f__Acaulosporaceae","g__Acaulosporaceae_gen_Incertae_sedis",""
"g__Cylindrosympodium","k__Fungi","p__Ascomycota","c__Dothideomycetes","o__Venturiales","f__Cylindrosympodiaceae","g__Cylindrosympodium","plant_pathogen"
"Unclass_o__Sebacinales","k__Fungi","p__Basidiomycota","c__Agaricomycetes","o__Sebacinales",NA,"Unclass_o__Sebacinales",NA
"g__Harzia","k__Fungi","p__Ascomycota","c__Sordariomycetes","o__Melanosporales","f__Ceratostomataceae","g__Harzia","wood_saprotroph"
"g__Tricladiaceae_gen_Incertae_sedis","k__Fungi","p__Ascomycota","c__Leotiomycetes","o__Helotiales","f__Tricladiaceae","g__Tricladiaceae_gen_Incertae_sedis",""
"g__Dominikia","k__Fungi","p__Glomeromycota","c__Glomeromycetes","o__Glomerales","f__Glomeraceae","g__Dominikia","arbuscular_mycorrhizal"
"g__Hyaloscyphaceae_gen_Incertae_sedis","k__Fungi","p__Ascomycota","c__Leotiomycetes","o__Helotiales","f__Hyaloscyphaceae","g__Hyaloscyphaceae_gen_Incertae_sedis",""
"g__Subramaniula","k__Fungi","p__Ascomycota","c__Sordariomycetes","o__Sordariales","f__Chaetomiaceae","g__Subramaniula","unspecified_saprotroph"
"g__Rhinocladiella","k__Fungi","p__Ascomycota","c__Eurotiomycetes","o__Chaetothyriales","f__Herpotrichiellaceae","g__Rhinocladiella","soil_saprotroph"
"g__Xenoacremonium","k__Fungi","p__Ascomycota","c__Sordariomycetes","o__Hypocreales","f__Nectriaceae","g__Xenoacremonium","wood_saprotroph"
"g__Pisolithus","k__Fungi","p__Basidiomycota","c__Agaricomycetes","o__Boletales","f__Pisolithaceae","g__Pisolithus","ectomycorrhizal"
"g__Flavopunctelia","k__Fungi","p__Ascomycota","c__Lecanoromycetes","o__Lecanorales","f__Parmeliaceae","g__Flavopunctelia","lichenized"
"g__Paragibellulopsis","k__Fungi","p__Ascomycota","c__Sordariomycetes","o__Glomerellales","f__Plectosphaerellaceae","g__Paragibellulopsis","litter_saprotroph"
"g__Herpotrichia","k__Fungi","p__Ascomycota","c__Dothideomycetes","o__Pleosporales","f__Melanommataceae","g__Herpotrichia","plant_pathogen"
"g__Rhizophlyctidales_gen_Incertae_sedis","k__Fungi","p__Chytridiomycota","c__Rhizophlyctidomycetes","o__Rhizophlyctidales","f__Rhizophlyctidales_fam_Incertae_sedis","g__Rhizophlyctidales_gen_Incertae_sedis",""
"g__Pleomonodictydaceae_gen_Incertae_sedis","k__Fungi","p__Ascomycota","c__Dothideomycetes","o__Pleosporales","f__Pleomonodictydaceae","g__Pleomonodictydaceae_gen_Incertae_sedis",""
"Unclass_f__Hyaloscyphaceae","k__Fungi","p__Ascomycota","c__Leotiomycetes","o__Helotiales","f__Hyaloscyphaceae","Unclass_f__Hyaloscyphaceae",NA
"g__Cryptocline","k__Fungi","p__Ascomycota","c__Leotiomycetes","o__Helotiales","f__Helotiales_fam_Incertae_sedis","g__Cryptocline","plant_pathogen"
"Unclass_p__Chytridiomycota","k__Fungi","p__Chytridiomycota",NA,NA,NA,"Unclass_p__Chytridiomycota",NA
"g__Macrotyphula","k__Fungi","p__Basidiomycota","c__Agaricomycetes","o__Agaricales","f__Typhulaceae","g__Macrotyphula","litter_saprotroph"
"g__Agaricomycetes_gen_Incertae_sedis","k__Fungi","p__Basidiomycota","c__Agaricomycetes","o__Agaricomycetes_ord_Incertae_sedis","f__Agaricomycetes_fam_Incertae_sedis","g__Agaricomycetes_gen_Incertae_sedis",""
"g__Plicaria","k__Fungi","p__Ascomycota","c__Pezizomycetes","o__Pezizales","f__Pezizaceae","g__Plicaria","soil_saprotroph"
"g__Truncatella","k__Fungi","p__Ascomycota","c__Sordariomycetes","o__Xylariales","f__Bartaliniaceae","g__Truncatella","plant_pathogen"
"g__Didymocyrtis","k__Fungi","p__Ascomycota","c__Dothideomycetes","o__Pleosporales","f__Phaeosphaeriaceae","g__Didymocyrtis","lichen_parasite"
"g__Metacordyceps","k__Fungi","p__Ascomycota","c__Sordariomycetes","o__Hypocreales","f__Clavicipitaceae","g__Metacordyceps","animal_parasite"
"g__Scleroconidioma","k__Fungi","p__Ascomycota","c__Dothideomycetes","o__Dothideales","f__Dothideaceae","g__Scleroconidioma","plant_pathogen"
"g__Apophysomyces","k__Fungi","p__Mucoromycota","c__Mucoromycetes","o__Mucorales","f__Saksenaeaceae","g__Apophysomyces","soil_saprotroph"
"g__Myxarium","k__Fungi","p__Basidiomycota","c__Agaricomycetes","o__Auriculariales","f__Hyaloriaceae","g__Myxarium","wood_saprotroph"
"g__Diversispora","k__Fungi","p__Glomeromycota","c__Glomeromycetes","o__Diversisporales","f__Diversisporaceae","g__Diversispora","arbuscular_mycorrhizal"
"g__Marjia","k__Fungi","p__Ascomycota","c__Dothideomycetes","o__Pleosporales","f__Melanommataceae","g__Marjia","wood_saprotroph"
"Unclass_f__Hypocreales_fam_Incertae_sedis","k__Fungi","p__Ascomycota","c__Sordariomycetes","o__Hypocreales","f__Hypocreales_fam_Incertae_sedis","Unclass_f__Hypocreales_fam_Incertae_sedis",NA
"g__Trichophaeopsis","k__Fungi","p__Ascomycota","c__Pezizomycetes","o__Pezizales","f__Pyronemataceae","g__Trichophaeopsis","litter_saprotroph"
"g__Spirosphaera","k__Fungi","p__Ascomycota","c__Leotiomycetes","o__Helotiales","f__Tricladiaceae","g__Spirosphaera","litter_saprotroph"
"g__Microdochium","k__Fungi","p__Ascomycota","c__Sordariomycetes","o__Xylariales","f__Amphisphaeriaceae","g__Microdochium","plant_pathogen"
"Unclass_f__Leptosphaeriaceae","k__Fungi","p__Ascomycota","c__Dothideomycetes","o__Pleosporales","f__Leptosphaeriaceae","Unclass_f__Leptosphaeriaceae",NA
"g__Harpochytrium","k__Fungi","p__Monoblepharomycota","c__Monoblepharidomycetes","o__Monoblepharidales","f__Harpochytriaceae","g__Harpochytrium","litter_saprotroph"
"g__Sphaerosporella","k__Fungi","p__Ascomycota","c__Pezizomycetes","o__Pezizales","f__Pyronemataceae","g__Sphaerosporella","ectomycorrhizal"
"g__Apiosordaria","k__Fungi","p__Ascomycota","c__Sordariomycetes","o__Sordariales","f__Lasiosphaeriaceae","g__Apiosordaria","dung_saprotroph"
"g__Stachybotryaceae_gen_Incertae_sedis","k__Fungi","p__Ascomycota","c__Sordariomycetes","o__Hypocreales","f__Stachybotryaceae","g__Stachybotryaceae_gen_Incertae_sedis",""
"g__Cunninghamella","k__Fungi","p__Mucoromycota","c__Mucoromycetes","o__Mucorales","f__Cunninghamellaceae","g__Cunninghamella","soil_saprotroph"
"g__Endogonales_gen_Incertae_sedis","k__Fungi","p__Mucoromycota","c__Endogonomycetes","o__Endogonales","f__Endogonales_fam_Incertae_sedis","g__Endogonales_gen_Incertae_sedis",""
"g__Neonectria","k__Fungi","p__Ascomycota","c__Sordariomycetes","o__Hypocreales","f__Nectriaceae","g__Neonectria","plant_pathogen"
"g__Nowakowskiella","k__Fungi","p__Chytridiomycota","c__Cladochytriomycetes","o__Cladochytriales","f__Nowakowskiellaceae","g__Nowakowskiella","litter_saprotroph"
"g__Stemphylium","k__Fungi","p__Ascomycota","c__Dothideomycetes","o__Pleosporales","f__Pleosporaceae","g__Stemphylium","plant_pathogen"
"g__Achroceratosphaeria","k__Fungi","p__Ascomycota","c__Sordariomycetes","o__Pisorisporiales","f__Pisorisporiaceae","g__Achroceratosphaeria","wood_saprotroph"
"g__Phacidium","k__Fungi","p__Ascomycota","c__Leotiomycetes","o__Phacidiales","f__Phacidiaceae","g__Phacidium","plant_pathogen"
"g__Biscogniauxia","k__Fungi","p__Ascomycota","c__Sordariomycetes","o__Xylariales","f__Graphostromataceae","g__Biscogniauxia","wood_saprotroph"
"g__Phomatospora","k__Fungi","p__Ascomycota","c__Sordariomycetes","o__Phomatosporales","f__Phomatosporaceae","g__Phomatospora","wood_saprotroph"
"g__Lacrymaria","k__Fungi","p__Basidiomycota","c__Agaricomycetes","o__Agaricales","f__Psathyrellaceae","g__Lacrymaria","litter_saprotroph"
"g__Saitoella","k__Fungi","p__Ascomycota","c__Taphrinomycetes","o__Taphrinales","f__Protomycetaceae","g__Saitoella","soil_saprotroph"
"g__Peziza","k__Fungi","p__Ascomycota","c__Pezizomycetes","o__Pezizales","f__Pezizaceae","g__Peziza","soil_saprotroph"
"g__Fontanospora","k__Fungi","p__Ascomycota","c__Leotiomycetes","o__Helotiales","f__Helotiaceae","g__Fontanospora","litter_saprotroph"
"g__Triscelophorus","k__Fungi","p__Ascomycota","c__Pezizomycotina_cls_Incertae_sedis","o__Pezizomycotina_ord_Incertae_sedis","f__Pezizomycotina_fam_Incertae_sedis","g__Triscelophorus","foliar_endophyte"
"g__Pezizales_gen_Incertae_sedis","k__Fungi","p__Ascomycota","c__Pezizomycetes","o__Pezizales","f__Pezizales_fam_Incertae_sedis","g__Pezizales_gen_Incertae_sedis",""
"g__Monosporascus","k__Fungi","p__Ascomycota","c__Sordariomycetes","o__Xylariales","f__Diatrypaceae","g__Monosporascus","plant_pathogen"
"g__Phaeococcomyces","k__Fungi","p__Ascomycota","c__Arthoniomycetes","o__Lichenostigmatales","f__Phaeococcomycetaceae","g__Phaeococcomyces","unspecified_saprotroph"
"g__Archaeorhizomyces","k__Fungi","p__Ascomycota","c__Archaeorhizomycetes","o__Archaeorhizomycetales","f__Archaeorhizomycetaceae","g__Archaeorhizomyces","soil_saprotroph"
"Unclass_o__Eurotiales","k__Fungi","p__Ascomycota","c__Eurotiomycetes","o__Eurotiales",NA,"Unclass_o__Eurotiales",NA
"g__Zoopagaceae_gen_Incertae_sedis","k__Fungi","p__Zoopagomycota","c__Zoopagomycetes","o__Zoopagales","f__Zoopagaceae","g__Zoopagaceae_gen_Incertae_sedis",""
"g__Chaetasbolisia","k__Fungi","p__Ascomycota","c__Dothideomycetes","o__Pleosporales","f__Didymellaceae","g__Chaetasbolisia","litter_saprotroph"
"Unclass_o__Minutisphaerales","k__Fungi","p__Ascomycota","c__Dothideomycetes","o__Minutisphaerales",NA,"Unclass_o__Minutisphaerales",NA
"Unclass_c__Glomeromycetes","k__Fungi","p__Glomeromycota","c__Glomeromycetes",NA,NA,"Unclass_c__Glomeromycetes",NA
"g__Leuconeurospora","k__Fungi","p__Ascomycota","c__Leotiomycetes","o__Thelebolales","f__Pseudeurotiaceae","g__Leuconeurospora","dung_saprotroph"
"g__Geoglossum","k__Fungi","p__Ascomycota","c__Geoglossomycetes","o__Geoglossales","f__Geoglossaceae","g__Geoglossum","soil_saprotroph"
"g__Darksidea","k__Fungi","p__Ascomycota","c__Dothideomycetes","o__Pleosporales","f__Lentitheciaceae","g__Darksidea","root_endophyte"
"g__Hirsutella","k__Fungi","p__Ascomycota","c__Sordariomycetes","o__Hypocreales","f__Ophiocordycipitaceae","g__Hirsutella","animal_parasite"
"g__Rhizophlyctidaceae_gen_Incertae_sedis","k__Fungi","p__Chytridiomycota","c__Rhizophlyctidomycetes","o__Rhizophlyctidales","f__Rhizophlyctidaceae","g__Rhizophlyctidaceae_gen_Incertae_sedis",""
"g__Vaginatispora","k__Fungi","p__Ascomycota","c__Dothideomycetes","o__Pleosporales","f__Lophiostomataceae","g__Vaginatispora","wood_saprotroph"
"g__Neophaeosphaeria","k__Fungi","p__Ascomycota","c__Dothideomycetes","o__Pleosporales","f__Neophaeosphaeriaceae","g__Neophaeosphaeria","wood_saprotroph"
"g__Apodus","k__Fungi","p__Ascomycota","c__Sordariomycetes","o__Sordariales","f__Lasiosphaeriaceae","g__Apodus","dung_saprotroph"
"g__Delitschia","k__Fungi","p__Ascomycota","c__Dothideomycetes","o__Pleosporales","f__Delitschiaceae","g__Delitschia","litter_saprotroph"
"g__Fusculinaceae_gen_Incertae_sedis","k__Fungi","p__Ascomycota","c__Dothideomycetes","o__Pleosporales","f__Fusculinaceae","g__Fusculinaceae_gen_Incertae_sedis",""
"g__Phialophora","k__Fungi","p__Ascomycota","c__Eurotiomycetes","o__Chaetothyriales","f__Herpotrichiellaceae","g__Phialophora","litter_saprotroph"
"g__Torula","k__Fungi","p__Ascomycota","c__Dothideomycetes","o__Pleosporales","f__Torulaceae","g__Torula","foliar_endophyte"
"g__Subulicystidium","k__Fungi","p__Basidiomycota","c__Agaricomycetes","o__Trechisporales","f__Hydnodontaceae","g__Subulicystidium","wood_saprotroph"
"g__Orbiliomycetes_gen_Incertae_sedis","k__Fungi","p__Ascomycota","c__Orbiliomycetes","o__Orbiliomycetes_ord_Incertae_sedis","f__Orbiliomycetes_fam_Incertae_sedis","g__Orbiliomycetes_gen_Incertae_sedis",""
"Unclass_f__Archaeosporaceae","k__Fungi","p__Glomeromycota","c__Archaeosporomycetes","o__Archaeosporales","f__Archaeosporaceae","Unclass_f__Archaeosporaceae",NA
"g__Ascomycota_gen_Incertae_sedis","k__Fungi","p__Ascomycota","c__Ascomycota_cls_Incertae_sedis","o__Ascomycota_ord_Incertae_sedis","f__Ascomycota_fam_Incertae_sedis","g__Ascomycota_gen_Incertae_sedis",""
"Unclass_o__Orbiliales","k__Fungi","p__Ascomycota","c__Orbiliomycetes","o__Orbiliales",NA,"Unclass_o__Orbiliales",NA
"g__Neomicrosphaeropsis","k__Fungi","p__Ascomycota","c__Dothideomycetes","o__Pleosporales","f__Didymellaceae","g__Neomicrosphaeropsis","litter_saprotroph"
"g__Pseudosigmoidea","k__Fungi","p__Ascomycota","c__Dothideomycetes","o__Venturiales","f__Sympoventuriaceae","g__Pseudosigmoidea","soil_saprotroph"
"g__Balsamia","k__Fungi","p__Ascomycota","c__Pezizomycetes","o__Pezizales","f__Helvellaceae","g__Balsamia","ectomycorrhizal"
"g__Mortierellaceae_gen_Incertae_sedis","k__Fungi","p__Mortierellomycota","c__Mortierellomycetes","o__Mortierellales","f__Mortierellaceae","g__Mortierellaceae_gen_Incertae_sedis",""
"g__Paraglomus","k__Fungi","p__Glomeromycota","c__Paraglomeromycetes","o__Paraglomerales","f__Paraglomeraceae","g__Paraglomus","arbuscular_mycorrhizal"
"Unclass_f__Didymosphaeriaceae","k__Fungi","p__Ascomycota","c__Dothideomycetes","o__Pleosporales","f__Didymosphaeriaceae","Unclass_f__Didymosphaeriaceae",NA
"g__Pleurocatena","k__Fungi","p__Ascomycota","c__Laboulbeniomycetes","o__Pyxidiophorales","f__Pyxidiophoraceae","g__Pleurocatena","unspecified_saprotroph"
"g__Ramicandelaber","k__Fungi","p__Kickxellomycota","c__Ramicandelaberomycetes","o__Ramicandelaberales","f__Ramicandelaberaceae","g__Ramicandelaber","soil_saprotroph"
"g__Crepidotus","k__Fungi","p__Basidiomycota","c__Agaricomycetes","o__Agaricales","f__Crepidotaceae","g__Crepidotus","wood_saprotroph"
"g__Plectosphaerella","k__Fungi","p__Ascomycota","c__Sordariomycetes","o__Glomerellales","f__Plectosphaerellaceae","g__Plectosphaerella","plant_pathogen"
"g__Karstenia","k__Fungi","p__Ascomycota","c__Lecanoromycetes","o__Ostropales","f__Stictidaceae","g__Karstenia","unspecified_saprotroph"
"g__Endosporium","k__Fungi","p__Ascomycota","c__Dothideomycetes","o__Myriangiales","f__Endosporiaceae","g__Endosporium","litter_saprotroph"
"Unclass_f__Microascaceae","k__Fungi","p__Ascomycota","c__Sordariomycetes","o__Microascales","f__Microascaceae","Unclass_f__Microascaceae",NA
"g__Paramyrothecium","k__Fungi","p__Ascomycota","c__Sordariomycetes","o__Hypocreales","f__Stachybotryaceae","g__Paramyrothecium","soil_saprotroph"
"g__Ajellomycetaceae_gen_Incertae_sedis","k__Fungi","p__Ascomycota","c__Eurotiomycetes","o__Onygenales","f__Ajellomycetaceae","g__Ajellomycetaceae_gen_Incertae_sedis",""
"g__Rozellomycota_gen_Incertae_sedis","k__Fungi","p__Rozellomycota","c__Rozellomycota_cls_Incertae_sedis","o__Rozellomycota_ord_Incertae_sedis","f__Rozellomycota_fam_Incertae_sedis","g__Rozellomycota_gen_Incertae_sedis",""
"g__Cylindrium","k__Fungi","p__Ascomycota","c__Sordariomycetes","o__Hypocreales","f__Cylindriaceae","g__Cylindrium","plant_pathogen"
"g__Alatospora","k__Fungi","p__Ascomycota","c__Leotiomycetes","o__Helotiales","f__Leotiaceae","g__Alatospora","litter_saprotroph"
"g__Peristomialis","k__Fungi","p__Ascomycota","c__Sordariomycetes","o__Hypocreales","f__Bionectriaceae","g__Peristomialis","litter_saprotroph"
"g__Tubeufiales_gen_Incertae_sedis","k__Fungi","p__Ascomycota","c__Dothideomycetes","o__Tubeufiales","f__Tubeufiales_fam_Incertae_sedis","g__Tubeufiales_gen_Incertae_sedis",""
"g__Melanogaster","k__Fungi","p__Basidiomycota","c__Agaricomycetes","o__Boletales","f__Melanogastraceae","g__Melanogaster","ectomycorrhizal"
"g__Claussenomyces","k__Fungi","p__Ascomycota","c__Leotiomycetes","o__Helotiales","f__Helotiaceae","g__Claussenomyces","wood_saprotroph"
"g__Hydropisphaera","k__Fungi","p__Ascomycota","c__Sordariomycetes","o__Hypocreales","f__Bionectriaceae","g__Hydropisphaera","litter_saprotroph"
"g__Neohelicomyces","k__Fungi","p__Ascomycota","c__Dothideomycetes","o__Tubeufiales","f__Tubeufiaceae","g__Neohelicomyces","wood_saprotroph"
"g__Paramicrothyrium","k__Fungi","p__Ascomycota","c__Sordariomycetes","o__Boliniales","f__Boliniales_fam_Incertae_sedis","g__Paramicrothyrium","epiphyte"
"g__Rhizoglomus","k__Fungi","p__Glomeromycota","c__Glomeromycetes","o__Glomerales","f__Glomeraceae","g__Rhizoglomus","arbuscular_mycorrhizal"
"g__Simplicillium","k__Fungi","p__Ascomycota","c__Sordariomycetes","o__Hypocreales","f__Cordycipitaceae","g__Simplicillium","animal_parasite"
"g__Ochrocladosporium","k__Fungi","p__Ascomycota","c__Dothideomycetes","o__Pleosporales","f__Pleosporales_fam_Incertae_sedis","g__Ochrocladosporium","wood_saprotroph"
"g__Helicosporium","k__Fungi","p__Ascomycota","c__Dothideomycetes","o__Tubeufiales","f__Tubeufiaceae","g__Helicosporium","wood_saprotroph"
"g__Delitschiaceae_gen_Incertae_sedis","k__Fungi","p__Ascomycota","c__Dothideomycetes","o__Pleosporales","f__Delitschiaceae","g__Delitschiaceae_gen_Incertae_sedis",""
"g__Paecilomyces","k__Fungi","p__Ascomycota","c__Eurotiomycetes","o__Eurotiales","f__Aspergillaceae","g__Paecilomyces","foliar_endophyte"
"g__Hyaloraphidiales_gen_Incertae_sedis","k__Fungi","p__Monoblepharomycota","c__Hyaloraphidiomycetes","o__Hyaloraphidiales","f__Hyaloraphidiales_fam_Incertae_sedis","g__Hyaloraphidiales_gen_Incertae_sedis",""
"g__Lepidotia","k__Fungi","p__Ascomycota","c__Pezizomycetes","o__Pezizales","f__Pezizaceae","g__Lepidotia","litter_saprotroph"
"g__Candelariella","k__Fungi","p__Ascomycota","c__Candelariomycetes","o__Candelariales","f__Candelariaceae","g__Candelariella","lichenized"
"g__GS18_ord_Incertae_sedis_gen_Incertae_sedis","k__Fungi","p__Olpidiomycota","c__GS18","o__GS18_ord_Incertae_sedis","f__GS18_ord_Incertae_sedis_fam_Incertae_sedis","g__GS18_ord_Incertae_sedis_gen_Incertae_sedis",""
"g__Dactylospora","k__Fungi","p__Ascomycota","c__Eurotiomycetes","o__Sclerococcales","f__Dactylosporaceae","g__Dactylospora","lichen_parasite"
"g__Tubeufiaceae_gen_Incertae_sedis","k__Fungi","p__Ascomycota","c__Dothideomycetes","o__Tubeufiales","f__Tubeufiaceae","g__Tubeufiaceae_gen_Incertae_sedis",""
"g__Macrophomina","k__Fungi","p__Ascomycota","c__Dothideomycetes","o__Botryosphaeriales","f__Botryosphaeriaceae","g__Macrophomina","plant_pathogen"
"g__Pezizellaster","k__Fungi","p__Ascomycota","c__Leotiomycetes","o__Helotiales","f__Lachnaceae","g__Pezizellaster",""
"g__Coprotus","k__Fungi","p__Ascomycota","c__Pezizomycetes","o__Pezizales","f__Pezizales_fam_Incertae_sedis","g__Coprotus","dung_saprotroph"
"g__Hormiactis","k__Fungi","p__Ascomycota","c__Pezizomycotina_cls_Incertae_sedis","o__Pezizomycotina_ord_Incertae_sedis","f__Pezizomycotina_fam_Incertae_sedis","g__Hormiactis","mycoparasite"
"g__Corticiales_gen_Incertae_sedis","k__Fungi","p__Basidiomycota","c__Agaricomycetes","o__Corticiales","f__Corticiales_fam_Incertae_sedis","g__Corticiales_gen_Incertae_sedis",""
"g__Geranomyces","k__Fungi","p__Chytridiomycota","c__Spizellomycetes","o__Spizellomycetales","f__Powellomycetaceae","g__Geranomyces","pollen_saprotroph"
"g__Cystofilobasidium","k__Fungi","p__Basidiomycota","c__Tremellomycetes","o__Cystofilobasidiales","f__Cystofilobasidiaceae","g__Cystofilobasidium","litter_saprotroph"
"g__Kochiomyces","k__Fungi","p__Chytridiomycota","c__Spizellomycetes","o__Spizellomycetales","f__Spizellomycetaceae","g__Kochiomyces","pollen_saprotroph"
"g__Clavulinopsis","k__Fungi","p__Basidiomycota","c__Agaricomycetes","o__Agaricales","f__Clavariaceae","g__Clavulinopsis","soil_saprotroph"
"g__Trappea","k__Fungi","p__Basidiomycota","c__Agaricomycetes","o__Hysterangiales","f__Hysterangiaceae","g__Trappea","soil_saprotroph"
"g__Orbilia","k__Fungi","p__Ascomycota","c__Orbiliomycetes","o__Orbiliales","f__Orbiliaceae","g__Orbilia","wood_saprotroph"
"g__Chionosphaeraceae_gen_Incertae_sedis","k__Fungi","p__Basidiomycota","c__Agaricostilbomycetes","o__Agaricostilbales","f__Chionosphaeraceae","g__Chionosphaeraceae_gen_Incertae_sedis",""
"g__Lasiosphaeria","k__Fungi","p__Ascomycota","c__Sordariomycetes","o__Sordariales","f__Lasiosphaeriaceae","g__Lasiosphaeria","unspecified_saprotroph"
"g__Amniculicola","k__Fungi","p__Ascomycota","c__Dothideomycetes","o__Pleosporales","f__Amniculicolaceae","g__Amniculicola","wood_saprotroph"
"Unclass_f__Amniculicolaceae","k__Fungi","p__Ascomycota","c__Dothideomycetes","o__Pleosporales","f__Amniculicolaceae","Unclass_f__Amniculicolaceae",NA
"g__Cryptococcaceae_gen_Incertae_sedis","k__Fungi","p__Basidiomycota","c__Tremellomycetes","o__Tremellales","f__Cryptococcaceae","g__Cryptococcaceae_gen_Incertae_sedis",""
"g__Sporobolomyces","k__Fungi","p__Basidiomycota","c__Microbotryomycetes","o__Sporidiobolales","f__Sporidiobolaceae","g__Sporobolomyces","mycoparasite"
"g__Lecythophora","k__Fungi","p__Ascomycota","c__Sordariomycetes","o__Coniochaetales","f__Coniochaetaceae","g__Lecythophora","unspecified_saprotroph"
"g__Eurotiales_gen_Incertae_sedis","k__Fungi","p__Ascomycota","c__Eurotiomycetes","o__Eurotiales","f__Eurotiales_fam_Incertae_sedis","g__Eurotiales_gen_Incertae_sedis",""
"g__Veronaeopsis","k__Fungi","p__Ascomycota","c__Dothideomycetes","o__Venturiales","f__Sympoventuriaceae","g__Veronaeopsis","litter_saprotroph"
"g__Athelia","k__Fungi","p__Basidiomycota","c__Agaricomycetes","o__Atheliales","f__Atheliaceae","g__Athelia","lichen_parasite"
"g__Cystobasidium","k__Fungi","p__Basidiomycota","c__Cystobasidiomycetes","o__Cystobasidiales","f__Cystobasidiaceae","g__Cystobasidium","mycoparasite"
"g__Pseudoanungitea","k__Fungi","p__Ascomycota","c__Dothideomycetes","o__Venturiales","f__Venturiaceae","g__Pseudoanungitea","wood_saprotroph"
"g__Apodospora","k__Fungi","p__Ascomycota","c__Sordariomycetes","o__Sordariales","f__Lasiosphaeriaceae","g__Apodospora","unspecified_saprotroph"
"g__Melanommataceae_gen_Incertae_sedis","k__Fungi","p__Ascomycota","c__Dothideomycetes","o__Pleosporales","f__Melanommataceae","g__Melanommataceae_gen_Incertae_sedis",""
"g__Trichobolus","k__Fungi","p__Ascomycota","c__Pezizomycetes","o__Pezizales","f__Pezizales_fam_Incertae_sedis","g__Trichobolus","dung_saprotroph"
"g__Glomeraceae_gen_Incertae_sedis","k__Fungi","p__Glomeromycota","c__Glomeromycetes","o__Glomerales","f__Glomeraceae","g__Glomeraceae_gen_Incertae_sedis",""
"g__Trichophaea","k__Fungi","p__Ascomycota","c__Pezizomycetes","o__Pezizales","f__Pyronemataceae","g__Trichophaea","ectomycorrhizal"
"g__Pseudoacrodictys","k__Fungi","p__Ascomycota","c__Sordariomycetes","o__Glomerellales","f__Reticulascaceae","g__Pseudoacrodictys","foliar_endophyte"
"g__Ostropales_gen_Incertae_sedis","k__Fungi","p__Ascomycota","c__Lecanoromycetes","o__Ostropales","f__Ostropales_fam_Incertae_sedis","g__Ostropales_gen_Incertae_sedis",""
"g__Tubaria","k__Fungi","p__Basidiomycota","c__Agaricomycetes","o__Agaricales","f__Strophariaceae","g__Tubaria","litter_saprotroph"
"g__Curvibasidium","k__Fungi","p__Basidiomycota","c__Microbotryomycetes","o__Microbotryomycetes_ord_Incertae_sedis","f__Microbotryomycetes_fam_Incertae_sedis","g__Curvibasidium","wood_saprotroph"
"g__Lanzia","k__Fungi","p__Ascomycota","c__Leotiomycetes","o__Helotiales","f__Rutstroemiaceae","g__Lanzia","litter_saprotroph"
"g__Sporormiella","k__Fungi","p__Ascomycota","c__Dothideomycetes","o__Pleosporales","f__Sporormiaceae","g__Sporormiella","litter_saprotroph"
"Unclass_f__Glomeraceae","k__Fungi","p__Glomeromycota","c__Glomeromycetes","o__Glomerales","f__Glomeraceae","Unclass_f__Glomeraceae",NA
"g__Entyloma","k__Fungi","p__Basidiomycota","c__Exobasidiomycetes","o__Entylomatales","f__Entylomataceae","g__Entyloma","plant_pathogen"
"Unclass_f__Typhulaceae","k__Fungi","p__Basidiomycota","c__Agaricomycetes","o__Agaricales","f__Typhulaceae","Unclass_f__Typhulaceae",NA
"g__Endogone","k__Fungi","p__Mucoromycota","c__Endogonomycetes","o__Endogonales","f__Endogonaceae","g__Endogone","soil_saprotroph"
"g__Podosphaera","k__Fungi","p__Ascomycota","c__Leotiomycetes","o__Erysiphales","f__Erysiphaceae","g__Podosphaera","plant_pathogen"
"g__Archaeospora","k__Fungi","p__Glomeromycota","c__Archaeosporomycetes","o__Archaeosporales","f__Archaeosporaceae","g__Archaeospora","arbuscular_mycorrhizal"
"g__Erythricium","k__Fungi","p__Basidiomycota","c__Agaricomycetes","o__Corticiales","f__Corticiaceae","g__Erythricium","wood_saprotroph"
"g__Halenospora","k__Fungi","p__Ascomycota","c__Leotiomycetes","o__Helotiales","f__Tricladiaceae","g__Halenospora","wood_saprotroph"
"g__Pyronemataceae_gen_Incertae_sedis","k__Fungi","p__Ascomycota","c__Pezizomycetes","o__Pezizales","f__Pyronemataceae","g__Pyronemataceae_gen_Incertae_sedis",""
"g__Kondoa","k__Fungi","p__Basidiomycota","c__Agaricostilbomycetes","o__Agaricostilbales","f__Kondoaceae","g__Kondoa","unspecified_saprotroph"
"Unclass_f__Serendipitaceae","k__Fungi","p__Basidiomycota","c__Agaricomycetes","o__Sebacinales","f__Serendipitaceae","Unclass_f__Serendipitaceae",NA
"g__Endogonomycetes_gen_Incertae_sedis","k__Fungi","p__Mucoromycota","c__Endogonomycetes","o__Endogonomycetes_ord_Incertae_sedis","f__Endogonomycetes_fam_Incertae_sedis","g__Endogonomycetes_gen_Incertae_sedis",""
"g__Rasamsonia","k__Fungi","p__Ascomycota","c__Eurotiomycetes","o__Eurotiales","f__Aspergillaceae","g__Rasamsonia","soil_saprotroph"
"g__Rupestriomyces","k__Fungi","p__Ascomycota","c__Dothideomycetes","o__Dothideomycetes_ord_Incertae_sedis","f__Dothideomycetes_fam_Incertae_sedis","g__Rupestriomyces","unspecified_saprotroph"
"Unclass_f__Parmeliaceae","k__Fungi","p__Ascomycota","c__Lecanoromycetes","o__Lecanorales","f__Parmeliaceae","Unclass_f__Parmeliaceae",NA
"g__Lamprospora","k__Fungi","p__Ascomycota","c__Pezizomycetes","o__Pezizales","f__Pyronemataceae","g__Lamprospora","moss_symbiont"
"g__Rhizophydium","k__Fungi","p__Chytridiomycota","c__Rhizophydiomycetes","o__Rhizophydiales","f__Rhizophydiaceae","g__Rhizophydium","algal_parasite"
"g__Sistotrema","k__Fungi","p__Basidiomycota","c__Agaricomycetes","o__Cantharellales","f__Hydnaceae","g__Sistotrema","litter_saprotroph"
"g__Sphaerostilbella","k__Fungi","p__Ascomycota","c__Sordariomycetes","o__Hypocreales","f__Hypocreaceae","g__Sphaerostilbella","mycoparasite"
"g__Unguicularia","k__Fungi","p__Ascomycota","c__Leotiomycetes","o__Helotiales","f__Hyaloscyphaceae","g__Unguicularia","litter_saprotroph"
"g__Auricularia","k__Fungi","p__Basidiomycota","c__Agaricomycetes","o__Auriculariales","f__Auriculariaceae","g__Auricularia","wood_saprotroph"
"g__Ophiocordyceps","k__Fungi","p__Ascomycota","c__Sordariomycetes","o__Hypocreales","f__Ophiocordycipitaceae","g__Ophiocordyceps","animal_parasite"
"Unclass_f__Monoblastiaceae","k__Fungi","p__Ascomycota","c__Dothideomycetes","o__Monoblastiales","f__Monoblastiaceae","Unclass_f__Monoblastiaceae",NA
"g__Coprinopsis","k__Fungi","p__Basidiomycota","c__Agaricomycetes","o__Agaricales","f__Psathyrellaceae","g__Coprinopsis","soil_saprotroph"
"g__Sebacinales_gen_Incertae_sedis","k__Fungi","p__Basidiomycota","c__Agaricomycetes","o__Sebacinales","f__Sebacinales_fam_Incertae_sedis","g__Sebacinales_gen_Incertae_sedis",""
"g__Myriangiales_gen_Incertae_sedis","k__Fungi","p__Ascomycota","c__Dothideomycetes","o__Myriangiales","f__Myriangiales_fam_Incertae_sedis","g__Myriangiales_gen_Incertae_sedis",""
"g__Gaeumannomyces","k__Fungi","p__Ascomycota","c__Sordariomycetes","o__Magnaporthales","f__Magnaporthaceae","g__Gaeumannomyces","plant_pathogen"
"Unclass_f__Diaporthaceae","k__Fungi","p__Ascomycota","c__Sordariomycetes","o__Diaporthales","f__Diaporthaceae","Unclass_f__Diaporthaceae",NA
"g__Gallinipes","k__Fungi","p__Chytridiomycota","c__Spizellomycetes","o__Spizellomycetales","f__Spizellomycetaceae","g__Gallinipes","pollen_saprotroph"
"Unclass_f__Cortinariaceae","k__Fungi","p__Basidiomycota","c__Agaricomycetes","o__Agaricales","f__Cortinariaceae","Unclass_f__Cortinariaceae",NA
"g__Rhodosporidiobolus","k__Fungi","p__Basidiomycota","c__Microbotryomycetes","o__Sporidiobolales","f__Sporidiobolaceae","g__Rhodosporidiobolus","unspecified_saprotroph"
"g__Litschauerella","k__Fungi","p__Basidiomycota","c__Agaricomycetes","o__Trechisporales","f__Hydnodontaceae","g__Litschauerella","wood_saprotroph"
"g__Hypomyces","k__Fungi","p__Ascomycota","c__Sordariomycetes","o__Hypocreales","f__Hypocreaceae","g__Hypomyces","mycoparasite"
"g__Nothoseiridium","k__Fungi","p__Ascomycota","c__Sordariomycetes","o__Xylariales","f__Sporocadaceae","g__Nothoseiridium",""
"g__Sordariales_gen_Incertae_sedis","k__Fungi","p__Ascomycota","c__Sordariomycetes","o__Sordariales","f__Sordariales_fam_Incertae_sedis","g__Sordariales_gen_Incertae_sedis",""
"g__Geastrum","k__Fungi","p__Basidiomycota","c__Agaricomycetes","o__Geastrales","f__Geastraceae","g__Geastrum","litter_saprotroph"
"Unclass_f__Inocybaceae","k__Fungi","p__Basidiomycota","c__Agaricomycetes","o__Agaricales","f__Inocybaceae","Unclass_f__Inocybaceae",NA
"g__Gnomoniopsis","k__Fungi","p__Ascomycota","c__Sordariomycetes","o__Diaporthales","f__Gnomoniaceae","g__Gnomoniopsis","foliar_endophyte"
"Unclass_f__Sympoventuriaceae","k__Fungi","p__Ascomycota","c__Dothideomycetes","o__Venturiales","f__Sympoventuriaceae","Unclass_f__Sympoventuriaceae",NA
"g__Tricladium","k__Fungi","p__Ascomycota","c__Leotiomycetes","o__Helotiales","f__Tricladiaceae","g__Tricladium","litter_saprotroph"
"g__Hymenoscyphus","k__Fungi","p__Ascomycota","c__Leotiomycetes","o__Helotiales","f__Helotiaceae","g__Hymenoscyphus","litter_saprotroph"
"g__Scutellinia","k__Fungi","p__Ascomycota","c__Pezizomycetes","o__Pezizales","f__Pyronemataceae","g__Scutellinia","wood_saprotroph"
"g__Cryptosporiopsis","k__Fungi","p__Ascomycota","c__Leotiomycetes","o__Helotiales","f__Dermateaceae","g__Cryptosporiopsis","unspecified_saprotroph"
"Unclass_f__Mollisiaceae","k__Fungi","p__Ascomycota","c__Leotiomycetes","o__Helotiales","f__Mollisiaceae","Unclass_f__Mollisiaceae",NA
"g__Degelia","k__Fungi","p__Ascomycota","c__Lecanoromycetes","o__Peltigerales","f__Pannariaceae","g__Degelia","lichenized"
"g__Botryohypochnus","k__Fungi","p__Basidiomycota","c__Agaricomycetes","o__Cantharellales","f__Botryobasidiaceae","g__Botryohypochnus","wood_saprotroph"
"g__Rhizophydiales_gen_Incertae_sedis","k__Fungi","p__Chytridiomycota","c__Rhizophydiomycetes","o__Rhizophydiales","f__Rhizophydiales_fam_Incertae_sedis","g__Rhizophydiales_gen_Incertae_sedis",""
"Unclass_o__Spizellomycetales","k__Fungi","p__Chytridiomycota","c__Spizellomycetes","o__Spizellomycetales",NA,"Unclass_o__Spizellomycetales",NA
"g__Pteridiosperma","k__Fungi","p__Ascomycota","c__Sordariomycetes","o__Melanosporales","f__Ceratostomataceae","g__Pteridiosperma","dung_saprotroph"
"g__Sympoventuriaceae_gen_Incertae_sedis","k__Fungi","p__Ascomycota","c__Dothideomycetes","o__Venturiales","f__Sympoventuriaceae","g__Sympoventuriaceae_gen_Incertae_sedis",""
"g__Infundichalara","k__Fungi","p__Ascomycota","c__Leotiomycetes","o__Helotiales","f__Helotiaceae","g__Infundichalara","litter_saprotroph"
"g__Mycenella","k__Fungi","p__Basidiomycota","c__Agaricomycetes","o__Agaricales","f__Tricholomataceae","g__Mycenella","litter_saprotroph"
"g__Lasionectriopsis","k__Fungi","p__Ascomycota","c__Sordariomycetes","o__Hypocreales","f__Bionectriaceae","g__Lasionectriopsis",""
"g__Pseudoophiobolus","k__Fungi","p__Ascomycota","c__Dothideomycetes","o__Pleosporales","f__Phaeosphaeriaceae","g__Pseudoophiobolus","litter_saprotroph"
"g__Petrophila","k__Fungi","p__Ascomycota","c__Dothideomycetes","o__Mycosphaerellales","f__Extremaceae","g__Petrophila","unspecified_saprotroph"
"g__Calcarisporiella","k__Fungi","p__Calcarisporiellomycota","c__Calcarisporiellomycetes","o__Calcarisporiellales","f__Calcarisporiellaceae","g__Calcarisporiella","soil_saprotroph"
"g__Hawksworthiomyces","k__Fungi","p__Ascomycota","c__Sordariomycetes","o__Ophiostomatales","f__Ophiostomataceae","g__Hawksworthiomyces","soil_saprotroph"
"Unclass_o__Endogonales","k__Fungi","p__Mucoromycota","c__Endogonomycetes","o__Endogonales",NA,"Unclass_o__Endogonales",NA
"g__Conocybe","k__Fungi","p__Basidiomycota","c__Agaricomycetes","o__Agaricales","f__Bolbitiaceae","g__Conocybe","soil_saprotroph"
"g__Itersonilia","k__Fungi","p__Basidiomycota","c__Tremellomycetes","o__Cystofilobasidiales","f__Mrakiaceae","g__Itersonilia","plant_pathogen"
"g__Cylindrosympodioides","k__Fungi","p__Ascomycota","c__Dothideomycetes","o__Venturiales","f__Venturiaceae","g__Cylindrosympodioides","epiphyte"
"g__Micropeltidaceae_gen_Incertae_sedis","k__Fungi","p__Ascomycota","c__Lecanoromycetes","o__Lecanoromycetes_ord_Incertae_sedis","f__Micropeltidaceae","g__Micropeltidaceae_gen_Incertae_sedis",""
"g__Tulasnella","k__Fungi","p__Basidiomycota","c__Agaricomycetes","o__Cantharellales","f__Tulasnellaceae","g__Tulasnella","litter_saprotroph"
"g__Acidomelania","k__Fungi","p__Ascomycota","c__Leotiomycetes","o__Helotiales","f__Helotiales_fam_Incertae_sedis","g__Acidomelania","root_endophyte"
"g__Dactylaria","k__Fungi","p__Ascomycota","c__Orbiliomycetes","o__Orbiliales","f__Orbiliaceae","g__Dactylaria","animal_parasite"
"g__Valsaceae_gen_Incertae_sedis","k__Fungi","p__Ascomycota","c__Sordariomycetes","o__Diaporthales","f__Valsaceae","g__Valsaceae_gen_Incertae_sedis",""
"g__Physcia","k__Fungi","p__Ascomycota","c__Lecanoromycetes","o__Caliciales","f__Physciaceae","g__Physcia","lichenized"
"g__Plenodomus","k__Fungi","p__Ascomycota","c__Dothideomycetes","o__Pleosporales","f__Leptosphaeriaceae","g__Plenodomus","plant_pathogen"
"g__Celosporium","k__Fungi","p__Ascomycota","c__Dothideomycetes","o__Dothideales","f__Dothideaceae","g__Celosporium","plant_pathogen"
"Unclass_f__Protrudomycetaceae","k__Fungi","p__Chytridiomycota","c__Rhizophydiomycetes","o__Rhizophydiales","f__Protrudomycetaceae","Unclass_f__Protrudomycetaceae",NA
"g__Lentitheciaceae_gen_Incertae_sedis","k__Fungi","p__Ascomycota","c__Dothideomycetes","o__Pleosporales","f__Lentitheciaceae","g__Lentitheciaceae_gen_Incertae_sedis",""
"g__Sympodiella","k__Fungi","p__Ascomycota","c__Dothideomycetes","o__Venturiales","f__Venturiaceae","g__Sympodiella","litter_saprotroph"
"g__Gongronella","k__Fungi","p__Mucoromycota","c__Mucoromycetes","o__Mucorales","f__Cunninghamellaceae","g__Gongronella","soil_saprotroph"
"g__Curvularia","k__Fungi","p__Ascomycota","c__Dothideomycetes","o__Pleosporales","f__Pleosporaceae","g__Curvularia","plant_pathogen"
"g__Sakaguchia","k__Fungi","p__Basidiomycota","c__Cystobasidiomycetes","o__Sakaguchiales","f__Sakaguchiaceae","g__Sakaguchia","unspecified_saprotroph"
"g__Powellomyces","k__Fungi","p__Chytridiomycota","c__Spizellomycetes","o__Spizellomycetales","f__Powellomycetaceae","g__Powellomyces","pollen_saprotroph"
"g__Agaricostilbomycetes_gen_Incertae_sedis","k__Fungi","p__Basidiomycota","c__Agaricostilbomycetes","o__Agaricostilbomycetes_ord_Incertae_sedis","f__Agaricostilbomycetes_fam_Incertae_sedis","g__Agaricostilbomycetes_gen_Incertae_sedis",""
"Unclass_f__Ascobolaceae","k__Fungi","p__Ascomycota","c__Pezizomycetes","o__Pezizales","f__Ascobolaceae","Unclass_f__Ascobolaceae",NA
"g__Udeniozyma","k__Fungi","p__Basidiomycota","c__Microbotryomycetes","o__Microbotryomycetes_ord_Incertae_sedis","f__Chrysozymaceae","g__Udeniozyma","unspecified"
"g__Junewangiaceae_gen_Incertae_sedis","k__Fungi","p__Ascomycota","c__Sordariomycetes","o__Sordariomycetes_ord_Incertae_sedis","f__Junewangiaceae","g__Junewangiaceae_gen_Incertae_sedis",""
"g__Botrytis","k__Fungi","p__Ascomycota","c__Leotiomycetes","o__Helotiales","f__Sclerotiniaceae","g__Botrytis","plant_pathogen"
"g__Leptosphaeriaceae_gen_Incertae_sedis","k__Fungi","p__Ascomycota","c__Dothideomycetes","o__Pleosporales","f__Leptosphaeriaceae","g__Leptosphaeriaceae_gen_Incertae_sedis",""
"g__Paraloratospora","k__Fungi","p__Ascomycota","c__Dothideomycetes","o__Pleosporales","f__Phaeosphaeriaceae","g__Paraloratospora","wood_saprotroph"
"g__Arthrocladium","k__Fungi","p__Ascomycota","c__Eurotiomycetes","o__Chaetothyriales","f__Trichomeriaceae","g__Arthrocladium","soil_saprotroph"
"g__Dendrophoma","k__Fungi","p__Ascomycota","c__Sordariomycetes","o__Chaetosphaeriales","f__Chaetosphaeriales_fam_Incertae_sedis","g__Dendrophoma","plant_pathogen"
"g__Blastocladiomycetes_gen_Incertae_sedis","k__Fungi","p__Blastocladiomycota","c__Blastocladiomycetes","o__Blastocladiomycetes_ord_Incertae_sedis","f__Blastocladiomycetes_fam_Incertae_sedis","g__Blastocladiomycetes_gen_Incertae_sedis",""
"g__Aleuria","k__Fungi","p__Ascomycota","c__Pezizomycetes","o__Pezizales","f__Pyronemataceae","g__Aleuria","soil_saprotroph"
"g__Dissoconium","k__Fungi","p__Ascomycota","c__Dothideomycetes","o__Capnodiales","f__Dissoconiaceae","g__Dissoconium","litter_saprotroph"
"g__Herpotrichiellaceae_gen_Incertae_sedis","k__Fungi","p__Ascomycota","c__Eurotiomycetes","o__Chaetothyriales","f__Herpotrichiellaceae","g__Herpotrichiellaceae_gen_Incertae_sedis",""
"Unclass_f__Ploettnerulaceae","k__Fungi","p__Ascomycota","c__Leotiomycetes","o__Helotiales","f__Ploettnerulaceae","Unclass_f__Ploettnerulaceae",NA
"g__Stachybotrys","k__Fungi","p__Ascomycota","c__Sordariomycetes","o__Hypocreales","f__Stachybotryaceae","g__Stachybotrys","wood_saprotroph"
"g__Tausonia","k__Fungi","p__Basidiomycota","c__Tremellomycetes","o__Cystofilobasidiales","f__Mrakiaceae","g__Tausonia","soil_saprotroph"
"g__Pseudocoleophoma","k__Fungi","p__Ascomycota","c__Dothideomycetes","o__Pleosporales","f__Dictyosporiaceae","g__Pseudocoleophoma","plant_pathogen"
"Unclass_o__Pisorisporiales","k__Fungi","p__Ascomycota","c__Sordariomycetes","o__Pisorisporiales",NA,"Unclass_o__Pisorisporiales",NA
"g__Contumyces","k__Fungi","p__Basidiomycota","c__Agaricomycetes","o__Hymenochaetales","f__Hymenochaetales_fam_Incertae_sedis","g__Contumyces","moss_symbiont"
"Unclass_f__Ceratostomataceae","k__Fungi","p__Ascomycota","c__Sordariomycetes","o__Melanosporales","f__Ceratostomataceae","Unclass_f__Ceratostomataceae",NA
"g__Melanomma","k__Fungi","p__Ascomycota","c__Dothideomycetes","o__Pleosporales","f__Melanommataceae","g__Melanomma","wood_saprotroph"
"g__Phaeotremella","k__Fungi","p__Basidiomycota","c__Tremellomycetes","o__Tremellales","f__Phaeotremellaceae","g__Phaeotremella","mycoparasite"
"g__Cadophora","k__Fungi","p__Ascomycota","c__Leotiomycetes","o__Helotiales","f__Ploettnerulaceae","g__Cadophora","litter_saprotroph"
"g__Densospora","k__Fungi","p__Mucoromycota","c__Endogonomycetes","o__Endogonales","f__Endogonales_fam_Incertae_sedis","g__Densospora","ectomycorrhizal"
"Unclass_o__Auriculariales","k__Fungi","p__Basidiomycota","c__Agaricomycetes","o__Auriculariales",NA,"Unclass_o__Auriculariales",NA
"g__Lentithecium","k__Fungi","p__Ascomycota","c__Dothideomycetes","o__Pleosporales","f__Lentitheciaceae","g__Lentithecium","wood_saprotroph"
"Unclass_f__Rhizophydiales_fam_Incertae_sedis","k__Fungi","p__Chytridiomycota","c__Rhizophydiomycetes","o__Rhizophydiales","f__Rhizophydiales_fam_Incertae_sedis","Unclass_f__Rhizophydiales_fam_Incertae_sedis",NA
"g__Evernia","k__Fungi","p__Ascomycota","c__Lecanoromycetes","o__Lecanorales","f__Parmeliaceae","g__Evernia","lichenized"
"g__Serendipitaceae_gen_Incertae_sedis","k__Fungi","p__Basidiomycota","c__Agaricomycetes","o__Sebacinales","f__Serendipitaceae","g__Serendipitaceae_gen_Incertae_sedis",""
"g__Mycenaceae_gen_Incertae_sedis","k__Fungi","p__Basidiomycota","c__Agaricomycetes","o__Agaricales","f__Mycenaceae","g__Mycenaceae_gen_Incertae_sedis",""
"g__Piptocephalis","k__Fungi","p__Zoopagomycota","c__Zoopagomycetes","o__Zoopagales","f__Piptocephalidaceae","g__Piptocephalis","mycoparasite"
"g__Constantinomyces","k__Fungi","p__Ascomycota","c__Dothideomycetes","o__Mycosphaerellales","f__Teratosphaeriaceae","g__Constantinomyces","unspecified_saprotroph"
"Unclass_f__Clavariaceae","k__Fungi","p__Basidiomycota","c__Agaricomycetes","o__Agaricales","f__Clavariaceae","Unclass_f__Clavariaceae",NA
"Unclass_o__Polyporales","k__Fungi","p__Basidiomycota","c__Agaricomycetes","o__Polyporales",NA,"Unclass_o__Polyporales",NA
"g__Neophaeococcomyces","k__Fungi","p__Ascomycota","c__Eurotiomycetes","o__Chaetothyriales","f__Chaetothyriales_fam_Incertae_sedis","g__Neophaeococcomyces","plant_pathogen"
"g__Haudseptoria","k__Fungi","p__Ascomycota","c__Dothideomycetes","o__Monoblastiales","f__Monoblastiaceae","g__Haudseptoria",""
"Unclass_p__Zoopagomycota","k__Fungi","p__Zoopagomycota",NA,NA,NA,"Unclass_p__Zoopagomycota",NA
"g__Chytridiales_gen_Incertae_sedis","k__Fungi","p__Chytridiomycota","c__Chytridiomycetes","o__Chytridiales","f__Chytridiales_fam_Incertae_sedis","g__Chytridiales_gen_Incertae_sedis",""
"g__Cystofilobasidiales_gen_Incertae_sedis","k__Fungi","p__Basidiomycota","c__Tremellomycetes","o__Cystofilobasidiales","f__Cystofilobasidiales_fam_Incertae_sedis","g__Cystofilobasidiales_gen_Incertae_sedis",""
"g__Kalmusia","k__Fungi","p__Ascomycota","c__Dothideomycetes","o__Pleosporales","f__Didymosphaeriaceae","g__Kalmusia","wood_saprotroph"
"Unclass_f__Dermateaceae","k__Fungi","p__Ascomycota","c__Leotiomycetes","o__Helotiales","f__Dermateaceae","Unclass_f__Dermateaceae",NA
"Unclass_f__Muyocopronaceae","k__Fungi","p__Ascomycota","c__Dothideomycetes","o__Muyocopronales","f__Muyocopronaceae","Unclass_f__Muyocopronaceae",NA
"g__Dothidotthia","k__Fungi","p__Ascomycota","c__Dothideomycetes","o__Pleosporales","f__Dothidotthiaceae","g__Dothidotthia","plant_pathogen"
"g__Blastobotrys","k__Fungi","p__Ascomycota","c__Saccharomycetes","o__Saccharomycetales","f__Trichomonascaceae","g__Blastobotrys","nectar/tap_saprotroph"
"g__Berkeleyomyces","k__Fungi","p__Ascomycota","c__Sordariomycetes","o__Microascales","f__Ceratocystidaceae","g__Berkeleyomyces","plant_pathogen"
"g__Lachnellula","k__Fungi","p__Ascomycota","c__Leotiomycetes","o__Helotiales","f__Hyaloscyphaceae","g__Lachnellula","wood_saprotroph"
"g__Antealophiotrema","k__Fungi","p__Ascomycota","c__Dothideomycetes","o__Pleosporales","f__Pleosporales_fam_Incertae_sedis","g__Antealophiotrema","wood_saprotroph"
"g__Teunia","k__Fungi","p__Basidiomycota","c__Tremellomycetes","o__Tremellales","f__Cryptococcaceae","g__Teunia","soil_saprotroph"
"g__Colletotrichum","k__Fungi","p__Ascomycota","c__Sordariomycetes","o__Glomerellales","f__Glomerellaceae","g__Colletotrichum","plant_pathogen"
"g__Bhatiellae","k__Fungi","p__Ascomycota","c__Dothideomycetes","o__Pleosporales","f__Phaeosphaeriaceae","g__Bhatiellae","wood_saprotroph"
"Unclass_p__Mucoromycota","k__Fungi","p__Mucoromycota",NA,NA,NA,"Unclass_p__Mucoromycota",NA
"Unclass_o__Xylariales","k__Fungi","p__Ascomycota","c__Sordariomycetes","o__Xylariales",NA,"Unclass_o__Xylariales",NA
"g__GS22_gen_Incertae_sedis","k__Fungi","p__Mucoromycota","c__Endogonomycetes","o__GS22","f__GS22_fam_Incertae_sedis","g__GS22_gen_Incertae_sedis",""
"g__Kurtzmanomyces","k__Fungi","p__Basidiomycota","c__Agaricostilbomycetes","o__Agaricostilbales","f__Chionosphaeraceae","g__Kurtzmanomyces","unspecified_saprotroph"
"g__Cystobasidiaceae_gen_Incertae_sedis","k__Fungi","p__Basidiomycota","c__Cystobasidiomycetes","o__Cystobasidiales","f__Cystobasidiaceae","g__Cystobasidiaceae_gen_Incertae_sedis",""
"Unclass_f__Dothioraceae","k__Fungi","p__Ascomycota","c__Dothideomycetes","o__Dothideales","f__Dothioraceae","Unclass_f__Dothioraceae",NA
"g__Necromortierella","k__Fungi","p__Mortierellomycota","c__Mortierellomycetes","o__Mortierellales","f__Mortierellaceae","g__Necromortierella",""
"Unclass_f__Pannariaceae","k__Fungi","p__Ascomycota","c__Lecanoromycetes","o__Peltigerales","f__Pannariaceae","Unclass_f__Pannariaceae",NA
"g__Neovaginatispora","k__Fungi","p__Ascomycota","c__Dothideomycetes","o__Pleosporales","f__Lophiostomataceae","g__Neovaginatispora","wood_saprotroph"
"g__Isthmomyces","k__Fungi","p__Ascomycota","c__Dothideomycetes","o__Microthyriales","f__Microthyriaceae","g__Isthmomyces",""
"g__Phoma","k__Fungi","p__Ascomycota","c__Dothideomycetes","o__Pleosporales","f__Didymellaceae","g__Phoma","plant_pathogen"
"g__Paraphaeosphaeria","k__Fungi","p__Ascomycota","c__Dothideomycetes","o__Pleosporales","f__Didymosphaeriaceae","g__Paraphaeosphaeria","wood_saprotroph"
"g__Agaricostilbales_gen_Incertae_sedis","k__Fungi","p__Basidiomycota","c__Agaricostilbomycetes","o__Agaricostilbales","f__Agaricostilbales_fam_Incertae_sedis","g__Agaricostilbales_gen_Incertae_sedis",""
"g__Keissleriella","k__Fungi","p__Ascomycota","c__Dothideomycetes","o__Pleosporales","f__Lentitheciaceae","g__Keissleriella","wood_saprotroph"
"g__Microbotryomycetes_gen_Incertae_sedis","k__Fungi","p__Basidiomycota","c__Microbotryomycetes","o__Microbotryomycetes_ord_Incertae_sedis","f__Microbotryomycetes_fam_Incertae_sedis","g__Microbotryomycetes_gen_Incertae_sedis",""
"g__Minutisphaera","k__Fungi","p__Ascomycota","c__Dothideomycetes","o__Minutisphaerales","f__Minutisphaeraceae","g__Minutisphaera","wood_saprotroph"
"Unclass_o__Archaeorhizomycetales","k__Fungi","p__Ascomycota","c__Archaeorhizomycetes","o__Archaeorhizomycetales",NA,"Unclass_o__Archaeorhizomycetales",NA
"g__Eucasphaeria","k__Fungi","p__Ascomycota","c__Sordariomycetes","o__Hypocreales","f__Niessliaceae","g__Eucasphaeria","plant_pathogen"
"g__Pleurotheciella","k__Fungi","p__Ascomycota","c__Sordariomycetes","o__Pleurotheciales","f__Pleurotheciaceae","g__Pleurotheciella","wood_saprotroph"
"g__Botryosphaeria","k__Fungi","p__Ascomycota","c__Dothideomycetes","o__Botryosphaeriales","f__Botryosphaeriaceae","g__Botryosphaeria","plant_pathogen"
"g__GS27_gen_Incertae_sedis","k__Fungi","p__Basidiomycota","c__GS27","o__GS27_ord_Incertae_sedis","f__GS27_fam_Incertae_sedis","g__GS27_gen_Incertae_sedis",""
"g__Neopyrenochaeta","k__Fungi","p__Ascomycota","c__Dothideomycetes","o__Pleosporales","f__Neopyrenochaetaceae","g__Neopyrenochaeta","unspecified_saprotroph"
"g__Protrudomycetaceae_gen_Incertae_sedis","k__Fungi","p__Chytridiomycota","c__Rhizophydiomycetes","o__Rhizophydiales","f__Protrudomycetaceae","g__Protrudomycetaceae_gen_Incertae_sedis",""
"g__Typhula","k__Fungi","p__Basidiomycota","c__Agaricomycetes","o__Agaricales","f__Typhulaceae","g__Typhula","plant_pathogen"
"g__Clavaria","k__Fungi","p__Basidiomycota","c__Agaricomycetes","o__Agaricales","f__Clavariaceae","g__Clavaria","soil_saprotroph"
"g__Mucoraceae_gen_Incertae_sedis","k__Fungi","p__Mucoromycota","c__Mucoromycetes","o__Mucorales","f__Mucoraceae","g__Mucoraceae_gen_Incertae_sedis",""
"g__Seiridium","k__Fungi","p__Ascomycota","c__Sordariomycetes","o__Xylariales","f__Sporocadaceae","g__Seiridium","plant_pathogen"
"g__Nigrospora","k__Fungi","p__Ascomycota","c__Sordariomycetes","o__Trichosphaeriales","f__Trichosphaeriaceae","g__Nigrospora","litter_saprotroph"
"g__Sympoventuria","k__Fungi","p__Ascomycota","c__Dothideomycetes","o__Venturiales","f__Sympoventuriaceae","g__Sympoventuria","litter_saprotroph"
"Unclass_f__Acaulosporaceae","k__Fungi","p__Glomeromycota","c__Glomeromycetes","o__Diversisporales","f__Acaulosporaceae","Unclass_f__Acaulosporaceae",NA
"g__Mycoleptodiscus","k__Fungi","p__Ascomycota","c__Dothideomycetes","o__Muyocopronales","f__Muyocopronaceae","g__Mycoleptodiscus","plant_pathogen"
"g__Endophragmiella","k__Fungi","p__Ascomycota","c__Sordariomycetes","o__Sordariales","f__Helminthosphaeriaceae","g__Endophragmiella","wood_saprotroph"
"g__Bensingtonia","k__Fungi","p__Basidiomycota","c__Agaricostilbomycetes","o__Agaricostilbales","f__Kondoaceae","g__Bensingtonia","unspecified_saprotroph"
"g__Haptocillium","k__Fungi","p__Ascomycota","c__Sordariomycetes","o__Hypocreales","f__Ophiocordycipitaceae","g__Haptocillium","animal_parasite"
"g__Disciseda","k__Fungi","p__Basidiomycota","c__Agaricomycetes","o__Agaricales","f__Lycoperdaceae","g__Disciseda","soil_saprotroph"
"g__Lecanoromycetes_gen_Incertae_sedis","k__Fungi","p__Ascomycota","c__Lecanoromycetes","o__Lecanoromycetes_ord_Incertae_sedis","f__Lecanoromycetes_fam_Incertae_sedis","g__Lecanoromycetes_gen_Incertae_sedis",""
"g__Mortierellomycetes_gen_Incertae_sedis","k__Fungi","p__Mortierellomycota","c__Mortierellomycetes","o__Mortierellomycetes_ord_Incertae_sedis","f__Mortierellomycetes_fam_Incertae_sedis","g__Mortierellomycetes_gen_Incertae_sedis",""
"Unclass_f__Chaetosphaeriaceae","k__Fungi","p__Ascomycota","c__Sordariomycetes","o__Chaetosphaeriales","f__Chaetosphaeriaceae","Unclass_f__Chaetosphaeriaceae",NA
"Unclass_f__Pleosporaceae","k__Fungi","p__Ascomycota","c__Dothideomycetes","o__Pleosporales","f__Pleosporaceae","Unclass_f__Pleosporaceae",NA
"g__Geosmithia","k__Fungi","p__Ascomycota","c__Sordariomycetes","o__Hypocreales","f__Bionectriaceae","g__Geosmithia","unspecified_saprotroph"
"g__Psathyrella","k__Fungi","p__Basidiomycota","c__Agaricomycetes","o__Agaricales","f__Psathyrellaceae","g__Psathyrella","wood_saprotroph"
"g__Entoloma","k__Fungi","p__Basidiomycota","c__Agaricomycetes","o__Agaricales","f__Entolomataceae","g__Entoloma","soil_saprotroph"
"Unclass_f__Melanommataceae","k__Fungi","p__Ascomycota","c__Dothideomycetes","o__Pleosporales","f__Melanommataceae","Unclass_f__Melanommataceae",NA
"Unclass_f__Kriegeriaceae","k__Fungi","p__Basidiomycota","c__Microbotryomycetes","o__Kriegeriales","f__Kriegeriaceae","Unclass_f__Kriegeriaceae",NA
"g__Cryptotrichosporon","k__Fungi","p__Basidiomycota","c__Tremellomycetes","o__Trichosporonales","f__Tetragoniomycetaceae","g__Cryptotrichosporon","plant_pathogen"
"g__Corticiaceae_gen_Incertae_sedis","k__Fungi","p__Basidiomycota","c__Agaricomycetes","o__Corticiales","f__Corticiaceae","g__Corticiaceae_gen_Incertae_sedis",""
"g__Acaulospora","k__Fungi","p__Glomeromycota","c__Glomeromycetes","o__Diversisporales","f__Acaulosporaceae","g__Acaulospora","arbuscular_mycorrhizal"
"g__Parazalerion","k__Fungi","p__Ascomycota","c__Dothideomycetes","o__Microthyriales","f__Microthyriales_fam_Incertae_sedis","g__Parazalerion","soil_saprotroph"
"g__Spiculogloeomycetes_gen_Incertae_sedis","k__Fungi","p__Basidiomycota","c__Spiculogloeomycetes","o__Spiculogloeomycetes_ord_Incertae_sedis","f__Spiculogloeomycetes_fam_Incertae_sedis","g__Spiculogloeomycetes_gen_Incertae_sedis",""
"g__Cephalothecaceae_gen_Incertae_sedis","k__Fungi","p__Ascomycota","c__Sordariomycetes","o__Sordariales","f__Cephalothecaceae","g__Cephalothecaceae_gen_Incertae_sedis",""
"g__Dictyosporiaceae_gen_Incertae_sedis","k__Fungi","p__Ascomycota","c__Dothideomycetes","o__Pleosporales","f__Dictyosporiaceae","g__Dictyosporiaceae_gen_Incertae_sedis",""
"g__Betamyces","k__Fungi","p__Chytridiomycota","c__Rhizophydiomycetes","o__Rhizophydiales","f__Alphamycetaceae","g__Betamyces","pollen_saprotroph"
"g__Marcelleina","k__Fungi","p__Ascomycota","c__Pezizomycetes","o__Pezizales","f__Pyronemataceae","g__Marcelleina","ectomycorrhizal"
"g__Microascus","k__Fungi","p__Ascomycota","c__Sordariomycetes","o__Microascales","f__Microascaceae","g__Microascus","soil_saprotroph"
"Unclass_o__Monoblepharidales","k__Fungi","p__Monoblepharomycota","c__Monoblepharidomycetes","o__Monoblepharidales",NA,"Unclass_o__Monoblepharidales",NA
"Unclass_f__Fusculinaceae","k__Fungi","p__Ascomycota","c__Dothideomycetes","o__Pleosporales","f__Fusculinaceae","Unclass_f__Fusculinaceae",NA
"Unclass_o__Venturiales","k__Fungi","p__Ascomycota","c__Dothideomycetes","o__Venturiales",NA,"Unclass_o__Venturiales",NA
"g__Physconia","k__Fungi","p__Ascomycota","c__Lecanoromycetes","o__Caliciales","f__Physciaceae","g__Physconia","lichenized"
"g__Coltricia","k__Fungi","p__Basidiomycota","c__Agaricomycetes","o__Hymenochaetales","f__Hymenochaetaceae","g__Coltricia","ectomycorrhizal"
"g__Lobulomyces","k__Fungi","p__Chytridiomycota","c__Lobulomycetes","o__Lobulomycetales","f__Lobulomycetaceae","g__Lobulomyces","pollen_saprotroph"
"g__Clavulinaceae_gen_Incertae_sedis","k__Fungi","p__Basidiomycota","c__Agaricomycetes","o__Cantharellales","f__Clavulinaceae","g__Clavulinaceae_gen_Incertae_sedis",""
"g__Rachicladosporium","k__Fungi","p__Ascomycota","c__Dothideomycetes","o__Capnodiales","f__Cladosporiaceae","g__Rachicladosporium","litter_saprotroph"
"g__Clitopilus","k__Fungi","p__Basidiomycota","c__Agaricomycetes","o__Agaricales","f__Entolomataceae","g__Clitopilus","litter_saprotroph"
"g__Saksenaea","k__Fungi","p__Mucoromycota","c__Mucoromycetes","o__Mucorales","f__Saksenaeaceae","g__Saksenaea","soil_saprotroph"
"g__GS17_ord_Incertae_sedis_gen_Incertae_sedis","k__Fungi","p__Olpidiomycota","c__GS17","o__GS17_ord_Incertae_sedis","f__GS17_ord_Incertae_sedis_fam_Incertae_sedis","g__GS17_ord_Incertae_sedis_gen_Incertae_sedis",""
"g__Oedocephalum","k__Fungi","p__Ascomycota","c__Pezizomycetes","o__Pezizales","f__Pezizaceae","g__Oedocephalum","litter_saprotroph"
"g__Ochroconis","k__Fungi","p__Ascomycota","c__Dothideomycetes","o__Venturiales","f__Sympoventuriaceae","g__Ochroconis","animal_parasite"
"g__Clavariaceae_gen_Incertae_sedis","k__Fungi","p__Basidiomycota","c__Agaricomycetes","o__Agaricales","f__Clavariaceae","g__Clavariaceae_gen_Incertae_sedis",""
"g__Polyschema","k__Fungi","p__Ascomycota","c__Dothideomycetes","o__Pleosporales","f__Pleosporales_fam_Incertae_sedis","g__Polyschema","soil_saprotroph"
"g__Metarhizium","k__Fungi","p__Ascomycota","c__Sordariomycetes","o__Hypocreales","f__Clavicipitaceae","g__Metarhizium","animal_parasite"
"g__Fonsecazyma","k__Fungi","p__Basidiomycota","c__Tremellomycetes","o__Tremellales","f__Bulleraceae","g__Fonsecazyma","unspecified_saprotroph"
"g__Arachnopeziza","k__Fungi","p__Ascomycota","c__Leotiomycetes","o__Helotiales","f__Hyaloscyphaceae","g__Arachnopeziza","wood_saprotroph"
"g__Pleosporales_gen_Incertae_sedis","k__Fungi","p__Ascomycota","c__Dothideomycetes","o__Pleosporales","f__Pleosporales_fam_Incertae_sedis","g__Pleosporales_gen_Incertae_sedis",""
"g__Diplodia","k__Fungi","p__Ascomycota","c__Dothideomycetes","o__Botryosphaeriales","f__Botryosphaeriaceae","g__Diplodia","plant_pathogen"
"Unclass_o__Microbotryomycetes_ord_Incertae_sedis","k__Fungi","p__Basidiomycota","c__Microbotryomycetes","o__Microbotryomycetes_ord_Incertae_sedis",NA,"Unclass_o__Microbotryomycetes_ord_Incertae_sedis",NA
"g__Lasiobolidium","k__Fungi","p__Ascomycota","c__Pezizomycetes","o__Pezizales","f__Pyronemataceae","g__Lasiobolidium","dung_saprotroph"
"g__Tremellaceae_gen_Incertae_sedis","k__Fungi","p__Basidiomycota","c__Tremellomycetes","o__Tremellales","f__Tremellaceae","g__Tremellaceae_gen_Incertae_sedis",""
"Unclass_o__Rhizophlyctidales","k__Fungi","p__Chytridiomycota","c__Rhizophlyctidomycetes","o__Rhizophlyctidales",NA,"Unclass_o__Rhizophlyctidales",NA
"g__Fomitiporia","k__Fungi","p__Basidiomycota","c__Agaricomycetes","o__Hymenochaetales","f__Hymenochaetaceae","g__Fomitiporia","plant_pathogen"
"g__GS05_gen_Incertae_sedis","k__Fungi","p__Rozellomycota","c__Rozellomycotina_cls_Incertae_sedis","o__GS05","f__GS05_fam_Incertae_sedis","g__GS05_gen_Incertae_sedis",""
"g__Anthracobia","k__Fungi","p__Ascomycota","c__Pezizomycetes","o__Pezizales","f__Pyronemataceae","g__Anthracobia","soil_saprotroph"
"g__Warcupia","k__Fungi","p__Ascomycota","c__Pezizomycetes","o__Pezizales","f__Pyronemataceae","g__Warcupia","soil_saprotroph"
"g__Perilachnea","k__Fungi","p__Ascomycota","c__Pezizomycetes","o__Pezizales","f__Pyronemataceae","g__Perilachnea",""
"Unclass_o__Tubeufiales","k__Fungi","p__Ascomycota","c__Dothideomycetes","o__Tubeufiales",NA,"Unclass_o__Tubeufiales",NA
"Unclass_c__Leotiomycetes","k__Fungi","p__Ascomycota","c__Leotiomycetes",NA,NA,"Unclass_c__Leotiomycetes",NA
"Unclass_o__Sclerococcales","k__Fungi","p__Ascomycota","c__Eurotiomycetes","o__Sclerococcales",NA,"Unclass_o__Sclerococcales",NA
"g__Cyanodermella","k__Fungi","p__Ascomycota","c__Lecanoromycetes","o__Ostropales","f__Stictidaceae","g__Cyanodermella","wood_saprotroph"
"g__Halosarpheia","k__Fungi","p__Ascomycota","c__Sordariomycetes","o__Microascales","f__Halosphaeriaceae","g__Halosarpheia","wood_saprotroph"
"g__Catenulomyces","k__Fungi","p__Ascomycota","c__Dothideomycetes","o__Dothideomycetes_ord_Incertae_sedis","f__Dothideomycetes_fam_Incertae_sedis","g__Catenulomyces","soil_saprotroph"
"g__Atractospora","k__Fungi","p__Ascomycota","c__Sordariomycetes","o__Myrmecridiales","f__Myrmecridiales_fam_Incertae_sedis","g__Atractospora","wood_saprotroph"
"g__Hemibeltrania","k__Fungi","p__Ascomycota","c__Sordariomycetes","o__Xylariales","f__Beltraniaceae","g__Hemibeltrania","litter_saprotroph"
"g__Papulaspora","k__Fungi","p__Ascomycota","c__Sordariomycetes","o__Sordariales","f__Sordariales_fam_Incertae_sedis","g__Papulaspora","wood_saprotroph"
"Unclass_f__Niessliaceae","k__Fungi","p__Ascomycota","c__Sordariomycetes","o__Hypocreales","f__Niessliaceae","Unclass_f__Niessliaceae",NA
"g__Dothideales_gen_Incertae_sedis","k__Fungi","p__Ascomycota","c__Dothideomycetes","o__Dothideales","f__Dothideales_fam_Incertae_sedis","g__Dothideales_gen_Incertae_sedis",""
"Unclass_o__Agaricostilbales","k__Fungi","p__Basidiomycota","c__Agaricostilbomycetes","o__Agaricostilbales",NA,"Unclass_o__Agaricostilbales",NA
"g__Hypoxylon","k__Fungi","p__Ascomycota","c__Sordariomycetes","o__Xylariales","f__Hypoxylaceae","g__Hypoxylon","wood_saprotroph"
"Unclass_c__Archaeorhizomycetes","k__Fungi","p__Ascomycota","c__Archaeorhizomycetes",NA,NA,"Unclass_c__Archaeorhizomycetes",NA
"Unclass_f__Gloniaceae","k__Fungi","p__Ascomycota","c__Dothideomycetes","o__Gloniales","f__Gloniaceae","Unclass_f__Gloniaceae",NA
"g__Monoblepharomycota_gen_Incertae_sedis","k__Fungi","p__Monoblepharomycota","c__Monoblepharomycota_cls_Incertae_sedis","o__Monoblepharomycota_ord_Incertae_sedis","f__Monoblepharomycota_fam_Incertae_sedis","g__Monoblepharomycota_gen_Incertae_sedis",""
"g__Mycopan","k__Fungi","p__Basidiomycota","c__Agaricomycetes","o__Agaricales","f__Marasmiaceae","g__Mycopan","litter_saprotroph"
"g__Phlebia","k__Fungi","p__Basidiomycota","c__Agaricomycetes","o__Polyporales","f__Meruliaceae","g__Phlebia","wood_saprotroph"
"g__Symmetrospora","k__Fungi","p__Basidiomycota","c__Cystobasidiomycetes","o__Cystobasidiomycetes_ord_Incertae_sedis","f__Symmetrosporaceae","g__Symmetrospora","epiphyte"
"g__Polyporus","k__Fungi","p__Basidiomycota","c__Agaricomycetes","o__Polyporales","f__Polyporaceae","g__Polyporus","wood_saprotroph"
"g__Heterocephalacria","k__Fungi","p__Basidiomycota","c__Tremellomycetes","o__Filobasidiales","f__Filobasidiaceae","g__Heterocephalacria","lichen_parasite"
"g__Anteaglonium","k__Fungi","p__Ascomycota","c__Dothideomycetes","o__Pleosporales","f__Anteagloniaceae","g__Anteaglonium","wood_saprotroph"
"g__Cyphellophoraceae_gen_Incertae_sedis","k__Fungi","p__Ascomycota","c__Eurotiomycetes","o__Chaetothyriales","f__Cyphellophoraceae","g__Cyphellophoraceae_gen_Incertae_sedis",""
"g__Nanoglomus","k__Fungi","p__Glomeromycota","c__Glomeromycetes","o__Glomerales","f__Glomeraceae","g__Nanoglomus","arbuscular_mycorrhizal"
"g__Angustimassarina","k__Fungi","p__Ascomycota","c__Dothideomycetes","o__Pleosporales","f__Amorosiaceae","g__Angustimassarina","mycoparasite"
"g__Neodevriesia","k__Fungi","p__Ascomycota","c__Dothideomycetes","o__Capnodiales","f__Neodevriesiaceae","g__Neodevriesia","plant_pathogen"
"g__Verrucaria","k__Fungi","p__Ascomycota","c__Eurotiomycetes","o__Verrucariales","f__Verrucariaceae","g__Verrucaria","lichenized"
"Unclass_f__Sarcosomataceae","k__Fungi","p__Ascomycota","c__Pezizomycetes","o__Pezizales","f__Sarcosomataceae","Unclass_f__Sarcosomataceae",NA
"g__Pycnopeziza","k__Fungi","p__Ascomycota","c__Leotiomycetes","o__Helotiales","f__Sclerotiniaceae","g__Pycnopeziza","litter_saprotroph"
"g__Chrysozyma","k__Fungi","p__Basidiomycota","c__Microbotryomycetes","o__Microbotryomycetes_ord_Incertae_sedis","f__Chrysozymaceae","g__Chrysozyma","soil_saprotroph"
"Unclass_f__Pleurotheciaceae","k__Fungi","p__Ascomycota","c__Sordariomycetes","o__Pleurotheciales","f__Pleurotheciaceae","Unclass_f__Pleurotheciaceae",NA
"Unclass_f__Physciaceae","k__Fungi","p__Ascomycota","c__Lecanoromycetes","o__Caliciales","f__Physciaceae","Unclass_f__Physciaceae",NA
"g__Zoopagomycota_gen_Incertae_sedis","k__Fungi","p__Zoopagomycota","c__Zoopagomycota_cls_Incertae_sedis","o__Zoopagomycota_ord_Incertae_sedis","f__Zoopagomycota_fam_Incertae_sedis","g__Zoopagomycota_gen_Incertae_sedis",""
"Unclass_f__Sporocadaceae","k__Fungi","p__Ascomycota","c__Sordariomycetes","o__Xylariales","f__Sporocadaceae","Unclass_f__Sporocadaceae",NA
"g__Buckleyzyma","k__Fungi","p__Basidiomycota","c__Cystobasidiomycetes","o__Cystobasidiomycetes_ord_Incertae_sedis","f__Buckleyzymaceae","g__Buckleyzyma","epiphyte"
"Unclass_o__Hyaloraphidiales","k__Fungi","p__Monoblepharomycota","c__Hyaloraphidiomycetes","o__Hyaloraphidiales",NA,"Unclass_o__Hyaloraphidiales",NA
"g__Golovinomyces","k__Fungi","p__Ascomycota","c__Leotiomycetes","o__Erysiphales","f__Erysiphaceae","g__Golovinomyces","plant_pathogen"
"g__Circinella","k__Fungi","p__Mucoromycota","c__Mucoromycetes","o__Mucorales","f__Lichtheimiaceae","g__Circinella","soil_saprotroph"
"g__Laccaria","k__Fungi","p__Basidiomycota","c__Agaricomycetes","o__Agaricales","f__Hydnangiaceae","g__Laccaria","ectomycorrhizal"
"g__Xylomelasma","k__Fungi","p__Ascomycota","c__Sordariomycetes","o__Sordariomycetes_ord_Incertae_sedis","f__Sordariomycetes_fam_Incertae_sedis","g__Xylomelasma","wood_saprotroph"
"g__Pseudorhizidium","k__Fungi","p__Chytridiomycota","c__Chytridiomycetes","o__Chytridiales","f__Chytridiales_fam_Incertae_sedis","g__Pseudorhizidium","pollen_saprotroph"
"g__Piskurozyma","k__Fungi","p__Basidiomycota","c__Tremellomycetes","o__Filobasidiales","f__Piskurozymaceae","g__Piskurozyma","soil_saprotroph"
"Unclass_f__Annulatascaceae","k__Fungi","p__Ascomycota","c__Sordariomycetes","o__Annulatascales","f__Annulatascaceae","Unclass_f__Annulatascaceae",NA
"g__Comoclathris","k__Fungi","p__Ascomycota","c__Dothideomycetes","o__Pleosporales","f__Pleosporaceae","g__Comoclathris","wood_saprotroph"
"Unclass_f__Gonapodyaceae","k__Fungi","p__Monoblepharomycota","c__Monoblepharidomycetes","o__Monoblepharidales","f__Gonapodyaceae","Unclass_f__Gonapodyaceae",NA
"g__Scutellospora","k__Fungi","p__Glomeromycota","c__Glomeromycetes","o__Gigasporales","f__Scutellosporaceae","g__Scutellospora","arbuscular_mycorrhizal"
"Unclass_f__Chionosphaeraceae","k__Fungi","p__Basidiomycota","c__Agaricostilbomycetes","o__Agaricostilbales","f__Chionosphaeraceae","Unclass_f__Chionosphaeraceae",NA
"g__Byssomerulius","k__Fungi","p__Basidiomycota","c__Agaricomycetes","o__Polyporales","f__Irpicaceae","g__Byssomerulius","wood_saprotroph"
"Unclass_f__Sporormiaceae","k__Fungi","p__Ascomycota","c__Dothideomycetes","o__Pleosporales","f__Sporormiaceae","Unclass_f__Sporormiaceae",NA
"g__Erratomyces","k__Fungi","p__Basidiomycota","c__Exobasidiomycetes","o__Tilletiales","f__Tilletiaceae","g__Erratomyces","plant_pathogen"
"g__Tetracladium_f__Calloriaceae","k__Fungi","p__Ascomycota","c__Leotiomycetes","o__Helotiales","f__Calloriaceae","g__Tetracladium_f__Calloriaceae",NA
"g__Microthyrium","k__Fungi","p__Ascomycota","c__Dothideomycetes","o__Microthyriales","f__Microthyriaceae","g__Microthyrium","epiphyte"
"g__Kazachstania","k__Fungi","p__Ascomycota","c__Saccharomycetes","o__Saccharomycetales","f__Saccharomycetaceae","g__Kazachstania","nectar/tap_saprotroph"
"g__Colacogloea","k__Fungi","p__Basidiomycota","c__Microbotryomycetes","o__Microbotryomycetes_ord_Incertae_sedis","f__Colacogloeaceae","g__Colacogloea","mycoparasite"
"g__Sarocladium","k__Fungi","p__Ascomycota","c__Sordariomycetes","o__Hypocreales","f__Hypocreales_fam_Incertae_sedis","g__Sarocladium","plant_pathogen"
"Unclass_o__Mycosphaerellales","k__Fungi","p__Ascomycota","c__Dothideomycetes","o__Mycosphaerellales",NA,"Unclass_o__Mycosphaerellales",NA
"g__Helotium","k__Fungi","p__Ascomycota","c__Leotiomycetes","o__Helotiales","f__Helotiaceae","g__Helotium",""
"g__Kwoniella","k__Fungi","p__Basidiomycota","c__Tremellomycetes","o__Tremellales","f__Cryptococcaceae","g__Kwoniella","unspecified_saprotroph"
"Unclass_c__Cystobasidiomycetes","k__Fungi","p__Basidiomycota","c__Cystobasidiomycetes",NA,NA,"Unclass_c__Cystobasidiomycetes",NA
"Unclass_f__Trichomeriaceae","k__Fungi","p__Ascomycota","c__Eurotiomycetes","o__Chaetothyriales","f__Trichomeriaceae","Unclass_f__Trichomeriaceae",NA
"g__Cytosporella","k__Fungi","p__Ascomycota","c__Pezizomycotina_cls_Incertae_sedis","o__Pezizomycotina_ord_Incertae_sedis","f__Pezizomycotina_fam_Incertae_sedis","g__Cytosporella","wood_saprotroph"
"g__Hysterium","k__Fungi","p__Ascomycota","c__Dothideomycetes","o__Hysteriales","f__Hysteriaceae","g__Hysterium","wood_saprotroph"
"Unclass_o__Rhizophydiales","k__Fungi","p__Chytridiomycota","c__Rhizophydiomycetes","o__Rhizophydiales",NA,"Unclass_o__Rhizophydiales",NA
