DO_ID,unassigned,dark_hydrogen_oxidationnitrogen_fixationaerobic_chemoheterotrophy,ureolysis,aerobic_ammonia_oxidationnitrificationaerobic_chemoheterotrophy,chitinolysisinvertebrate_parasitesanimal_parasites_or_symbiontsanaerobic_chemoheterotrophy,human_pathogens_septicemiahuman_pathogens_pneumoniahuman_pathogens_gastroenteritishuman_pathogens_allhuman_guthuman_associatedmammal_gutanimal_parasites_or_symbiontsplant_pathogennitrate_reduction,dark_hydrogen_oxidationaerobic_chemoheterotrophy,aerobic_chemoheterotrophy,anaerobic_chemoheterotrophy,cellulolysisaerobic_chemoheterotrophy,fermentationhuman_pathogens_allhuman_associatedanimal_parasites_or_symbiontsanaerobic_chemoheterotrophy,nitrite_ammonificationnitrite_respirationfermentationaerobic_chemoheterotrophyhuman_pathogens_gastroenteritishuman_pathogens_diarrheahuman_pathogens_allhuman_guthuman_associatedmammal_gutanimal_parasites_or_symbiontsnitrate_respirationnitrate_reductionnitrogen_respirationfumarate_respiration,sulfite_respirationthiosulfate_respirationrespiration_of_sulfur_compoundsfermentationhuman_pathogens_gastroenteritishuman_pathogens_allhuman_associatedanimal_parasites_or_symbiontsnitrate_reductionanaerobic_chemoheterotrophy,fermentationhuman_pathogens_meningitishuman_pathogens_allhuman_guthuman_associatedmammal_gutanimal_parasites_or_symbiontsanaerobic_chemoheterotrophy,aerobic_chemoheterotrophyaromatic_compound_degradation,aerobic_chemoheterotrophyureolysis,xylanolysisaerobic_chemoheterotrophyureolysis,predatory_or_exoparasitic,aerobic_chemoheterotrophyiron_respiration,nitrate_reduction,aerobic_ammonia_oxidationnitrification,nitrate_denitrificationnitrite_denitrificationdenitrificationnitrite_respirationdark_thiosulfate_oxidationdark_oxidation_of_sulfur_compoundsaerobic_chemoheterotrophyhuman_pathogens_septicemiahuman_pathogens_pneumoniahuman_pathogens_allhuman_associatedanimal_parasites_or_symbiontsaromatic_hydrocarbon_degradationaromatic_compound_degradationhydrocarbon_degradationnitrate_respirationnitrate_reductionnitrogen_respirationplastic_degradation,aerobic_chemoheterotrophynitrate_reduction,nitrate_denitrificationnitrite_denitrificationdenitrificationdark_hydrogen_oxidationnitrite_respirationaerobic_chemoheterotrophynitrate_respirationnitrate_reductionnitrogen_respirationanoxygenic_photoautotrophy_S_oxidizinganoxygenic_photoautotrophyphotoautotrophyphotoheterotrophyphototrophy,nitrogen_fixationaerobic_chemoheterotrophyureolysis,aerobic_chemoheterotrophyhuman_pathogens_pneumoniahuman_pathogens_allhuman_associatedanimal_parasites_or_symbionts,chloroplastsphotosynthetic_cyanobacteriaoxygenic_photoautotrophyphotoautotrophyphototrophy,nitrogen_fixationaerobic_chemoheterotrophy,arsenate_detoxificationdissimilatory_arsenate_reductionaerobic_chemoheterotrophyplastic_degradation,fermentationaerobic_chemoheterotrophy,fermentationanaerobic_chemoheterotrophy,chitinolysisaerobic_chemoheterotrophy,cellulolysisanaerobic_chemoheterotrophy,fermentationnitrate_reductionanaerobic_chemoheterotrophy,methanogenesis_by_reduction_of_methyl_compounds_with_H2hydrogenotrophic_methanogenesismethanogenesismethylotrophyanaerobic_chemoheterotrophy,dark_hydrogen_oxidationaerobic_chemoheterotrophyhuman_pathogens_allhuman_associatedanimal_parasites_or_symbiontsureolysis,nitrate_denitrificationnitrite_denitrificationdenitrificationknallgas_bacteriadark_hydrogen_oxidationnitrite_respirationaerobic_chemoheterotrophynitrate_respirationnitrate_reductionnitrogen_respiration,cellulolysisaerobic_chemoheterotrophynitrate_reduction,denitrificationaerobic_chemoheterotrophynitrogen_respiration,xylanolysisanaerobic_chemoheterotrophy,fermentationhuman_pathogens_allhuman_associatedanimal_parasites_or_symbiontsnitrate_reductionanaerobic_chemoheterotrophy,dark_oxidation_of_sulfur_compoundsaerobic_chemoheterotrophy,intracellular_parasites,nitrogen_fixationaerobic_chemoheterotrophynitrate_reductionureolysis,manganese_oxidation,nitrate_denitrificationnitrite_denitrificationdenitrificationdark_hydrogen_oxidationnitrogen_fixationnitrite_respirationaerobic_chemoheterotrophynitrate_respirationnitrate_reductionnitrogen_respiration,photosynthetic_cyanobacteriaoxygenic_photoautotrophyphotoautotrophyphototrophy,aerobic_chemoheterotrophyaliphatic_non_methane_hydrocarbon_degradationhydrocarbon_degradation,methanol_oxidationmethylotrophynitrate_denitrificationnitrite_denitrificationdenitrificationdark_hydrogen_oxidationnitrite_respirationaerobic_chemoheterotrophynitrate_respirationnitrate_reductionnitrogen_respiration,animal_parasites_or_symbionts,aerobic_chemoheterotrophyinvertebrate_parasitesanimal_parasites_or_symbiontsplant_pathogen,aerobic_chemoheterotrophyhuman_pathogens_pneumoniahuman_pathogens_allhuman_associatedanimal_parasites_or_symbiontsnitrate_respirationnitrate_reductionnitrogen_respiration,chitinolysisanaerobic_chemoheterotrophy,methanotrophymethanol_oxidationmethylotrophyhydrocarbon_degradationureolysisanaerobic_chemoheterotrophy,aerobic_chemoheterotrophyphotoheterotrophyphototrophy,cellulolysisfermentationaerobic_chemoheterotrophy,aerobic_chemoheterotrophyhuman_pathogens_allhuman_associatedanimal_parasites_or_symbiontsaromatic_compound_degradation,aerobic_nitrite_oxidationnitrificationaerobic_chemoheterotrophy,methanol_oxidationmethylotrophyaerobic_chemoheterotrophy,aerobic_chemoheterotrophyhuman_pathogens_allhuman_associatedanimal_parasites_or_symbiontsureolysis,aerobic_chemoheterotrophynitrate_reductionpredatory_or_exoparasitic,fermentationaerobic_chemoheterotrophyphotoheterotrophyphototrophy,aerobic_chemoheterotrophyhuman_pathogens_nosocomiahuman_pathogens_allhuman_associatedanimal_parasites_or_symbiontsaromatic_compound_degradationnitrate_reduction,fermentationaerobic_chemoheterotrophyureolysis,human_pathogens_allhuman_associatedanimal_parasites_or_symbionts,aerobic_chemoheterotrophynitrate_respirationnitrate_reductionnitrogen_respiration,methanotrophymethylotrophynitrogen_fixationhydrocarbon_degradationanaerobic_chemoheterotrophy,nonphotosynthetic_cyanobacteria,fermentationaerobic_chemoheterotrophyhuman_pathogens_septicemiahuman_pathogens_pneumoniahuman_pathogens_nosocomiahuman_pathogens_allhuman_guthuman_associatedmammal_gutanimal_parasites_or_symbiontsnitrate_reduction,arsenate_detoxificationdissimilatory_arsenate_reduction,photoheterotrophyphototrophy,manganese_oxidationnitrate_reductionureolysis,aerobic_chemoheterotrophyaromatic_hydrocarbon_degradationaromatic_compound_degradationhydrocarbon_degradationplastic_degradation,ligninolysisaerobic_chemoheterotrophy,methanol_oxidationmethylotrophynitrate_ammonificationnitrite_ammonificationnitrite_respirationmanganese_oxidationligninolysisfermentationnitrate_respirationnitrate_reductionnitrogen_respirationanaerobic_chemoheterotrophy,methanotrophymethanol_oxidationmethylotrophyhydrocarbon_degradationaerobic_anoxygenic_phototrophyphotoheterotrophyphototrophyureolysisanaerobic_chemoheterotrophy,nitrate_denitrificationnitrite_denitrificationdenitrificationnitrite_respirationaerobic_chemoheterotrophynitrate_respirationnitrate_reductionnitrogen_respiration,aerobic_nitrite_oxidationnitrificationdark_hydrogen_oxidationaerobic_chemoheterotrophynitrate_respirationnitrate_reductionnitrogen_respiration,aerobic_chemoheterotrophyhuman_pathogens_allhuman_associatedanimal_parasites_or_symbiontsnitrate_respirationnitrate_reductionnitrogen_respiration,aerobic_chemoheterotrophyanimal_parasites_or_symbiontsaromatic_compound_degradation,aerobic_chemoheterotrophyanimal_parasites_or_symbionts,iron_respiration,manganese_oxidationaerobic_chemoheterotrophy,ligninolysisaromatic_hydrocarbon_degradationaromatic_compound_degradationaliphatic_non_methane_hydrocarbon_degradationhydrocarbon_degradationureolysisanaerobic_chemoheterotrophy,methanotrophymethanol_oxidationmethylotrophydark_thiosulfate_oxidationdark_oxidation_of_sulfur_compoundshydrocarbon_degradationureolysisanaerobic_chemoheterotrophy,aerobic_chemoheterotrophyhuman_pathogens_allhuman_associatedanimal_parasites_or_symbionts,fermentationinvertebrate_parasiteshuman_pathogens_allhuman_associatedanimal_parasites_or_symbiontsnitrate_reductionanaerobic_chemoheterotrophy,fermentationaerobic_chemoheterotrophyanimal_parasites_or_symbionts,nitrate_reductionureolysis,chitinolysisureolysisanaerobic_chemoheterotrophy,dark_hydrogen_oxidationaerobic_chemoheterotrophyphotoheterotrophyphototrophy,dark_thiosulfate_oxidationdark_oxidation_of_sulfur_compoundsaerobic_chemoheterotrophy,nitrite_respirationaerobic_chemoheterotrophyinvertebrate_parasitesanimal_parasites_or_symbiontsnitrate_respirationnitrate_reductionnitrogen_respirationplastic_degradation,aerobic_chemoheterotrophyintracellular_parasites,aerobic_chemoheterotrophynitrate_respirationnitrate_reductionnitrogen_respirationchlorate_reducers,nitrogen_fixationfermentationaerobic_chemoheterotrophyanoxygenic_photoautotrophy_H2_oxidizinganoxygenic_photoautotrophyphotoautotrophyaerobic_anoxygenic_phototrophyphotoheterotrophyphototrophy,dark_oxidation_of_sulfur_compoundsmanganese_oxidationaerobic_chemoheterotrophy,nitrogen_fixationphotosynthetic_cyanobacteriaoxygenic_photoautotrophyphotoautotrophyphototrophy,aromatic_hydrocarbon_degradationaromatic_compound_degradationaliphatic_non_methane_hydrocarbon_degradationhydrocarbon_degradationureolysisanaerobic_chemoheterotrophy,fermentationaerobic_chemoheterotrophynitrate_respirationnitrate_reductionnitrogen_respiration,nitrogen_fixationfermentationanaerobic_chemoheterotrophy,manganese_oxidationaerobic_chemoheterotrophyhuman_pathogens_pneumoniahuman_pathogens_nosocomiahuman_pathogens_allhuman_associatedanimal_parasites_or_symbiontsaromatic_compound_degradationaliphatic_non_methane_hydrocarbon_degradationhydrocarbon_degradationplastic_degradation,aerobic_chemoheterotrophynitrate_reductionureolysis,human_pathogens_allhuman_associatedanimal_parasites_or_symbiontsintracellular_parasites,methanol_oxidationmethylotrophyaerobic_chemoheterotrophyureolysis,aerobic_chemoheterotrophynitrate_reductionphotoheterotrophyphototrophy,xylanolysisaerobic_chemoheterotrophy,nitrate_respirationnitrate_reductionnitrogen_respirationureolysis,nitrate_respirationnitrate_reductionnitrogen_respiration,nitrate_reductionpredatory_or_exoparasitic,aromatic_hydrocarbon_degradationaromatic_compound_degradationaliphatic_non_methane_hydrocarbon_degradationhydrocarbon_degradationanaerobic_chemoheterotrophy,invertebrate_parasitesanimal_parasites_or_symbionts,xylanolysisaerobic_chemoheterotrophyaromatic_compound_degradation,nitrogen_fixationfermentationaerobic_chemoheterotrophyanoxygenic_photoautotrophy_H2_oxidizinganoxygenic_photoautotrophyphotoautotrophyphotoheterotrophyphototrophy,ligninolysisaromatic_hydrocarbon_degradationaromatic_compound_degradationaliphatic_non_methane_hydrocarbon_degradationhydrocarbon_degradationanaerobic_chemoheterotrophy,cellulolysisfermentationaerobic_chemoheterotrophynitrate_reduction,fermentationaerobic_chemoheterotrophyanimal_parasites_or_symbiontsaromatic_compound_degradation,knallgas_bacteriadark_hydrogen_oxidationnitrate_ammonificationnitrite_ammonificationnitrite_respirationaerobic_chemoheterotrophyiron_respirationnitrate_respirationnitrate_reductionnitrogen_respirationfumarate_respiration,nitrogen_fixationaerobic_chemoheterotrophynitrate_respirationnitrate_reductionnitrogen_respiration,sulfate_respirationsulfite_respirationrespiration_of_sulfur_compoundsfermentationanaerobic_chemoheterotrophy,nitrate_denitrificationnitrite_denitrificationdenitrificationnitrogen_fixationnitrite_respirationaerobic_chemoheterotrophynitrate_respirationnitrate_reductionnitrogen_respirationureolysis,fermentationanimal_parasites_or_symbiontsanaerobic_chemoheterotrophy,aerobic_chemoheterotrophyplant_pathogen,dark_sulfite_oxidationdark_sulfur_oxidationdark_thiosulfate_oxidationdark_oxidation_of_sulfur_compoundsaerobic_chemoheterotrophynitrate_reductionureolysis,aerobic_chemoheterotrophyaerobic_anoxygenic_phototrophyphotoheterotrophyphototrophy,aromatic_hydrocarbon_degradationaromatic_compound_degradationaliphatic_non_methane_hydrocarbon_degradationhydrocarbon_degradationnitrate_reductionureolysisanaerobic_chemoheterotrophy,aliphatic_non_methane_hydrocarbon_degradationhydrocarbon_degradationanaerobic_chemoheterotrophy,aerobic_chemoheterotrophyhuman_pathogens_pneumoniahuman_pathogens_allhuman_associatedanimal_parasites_or_symbiontsiron_respirationnitrate_respirationnitrate_reductionnitrogen_respirationfumarate_respiration,sulfate_respirationrespiration_of_sulfur_compounds
DO_T05_0.7.5_RNA,3.954177e-01,1.755123e-03,3.528543e-02,8.165727e-03,9.487152e-05,0.000000e+00,7.732029e-03,4.009406e-01,4.879107e-03,6.979833e-04,0.000000e+00,0.000000e+00,0.000000e+00,0.000000e+00,1.805947e-02,9.717554e-03,1.199447e-03,8.762062e-03,0.000000e+00,3.184972e-04,0.000000e+00,0.000000e+00,4.750352e-03,1.118129e-03,4.492844e-03,2.710615e-03,3.056218e-03,7.135693e-03,1.152011e-04,2.669956e-02,5.231487e-03,3.727095e-03,3.876179e-03,4.980755e-03,0.000000e+00,0.000000e+00,0.000000e+00,0.000000e+00,3.184972e-04,1.341754e-03,0.000000e+00,4.872330e-03,1.944866e-03,0.000000e+00,4.404749e-04,0.000000e+00,4.743576e-05,1.490838e-04,4.458961e-03,3.117207e-04,1.172341e-03,6.505475e-04,1.626369e-04,1.348531e-03,6.912068e-04,1.965196e-03,0.000000e+00,3.252738e-04,1.897430e-04,5.549984e-03,0.000000e+00,1.456955e-03,0.000000e+00,1.158788e-03,0.000000e+00,6.776537e-06,7.725252e-04,7.454191e-04,0.000000e+00,9.351621e-04,4.404749e-04,1.206224e-03,0.000000e+00,1.307872e-03,0.000000e+00,0.000000e+00,1.626369e-04,1.355307e-04,6.302179e-04,0.000000e+00,1.761900e-04,0.000000e+00,1.030034e-03,0.000000e+00,2.575084e-04,0.000000e+00,5.217933e-04,0.000000e+00,0.000000e+00,0.000000e+00,3.794861e-04,0.000000e+00,9.283856e-04,1.965196e-04,0.000000e+00,0.000000e+00,0.000000e+00,0.000000e+00,3.252738e-04,0.000000e+00,0.000000e+00,4.743576e-05,0.000000e+00,6.776537e-06,1.355307e-04,0.000000e+00,0.000000e+00,0.000000e+00,2.710615e-05,0.000000e+00,1.490838e-04,0.000000e+00,0.000000e+00,0.000000e+00,0.000000e+00,0.000000e+00,0.000000e+00,0.000000e+00,0.000000e+00,0.000000e+00,0.000000e+00,0.000000e+00,0.000000e+00,0.000000e+00,0.000000e+00,0.000000e+00,0.000000e+00,0.000000e+00,0.000000e+00
DO_T07_15.22.5_RNA,6.978400e-01,1.567296e-02,2.167286e-03,8.405097e-03,7.218187e-03,5.228676e-06,3.907651e-02,1.292895e-01,2.278396e-02,2.745055e-04,7.843014e-06,1.307169e-05,0.000000e+00,0.000000e+00,8.078305e-04,1.260895e-02,7.477007e-04,5.220833e-03,1.257497e-03,1.437886e-04,2.392119e-02,0.000000e+00,1.444160e-02,4.941099e-03,2.326761e-04,0.000000e+00,5.594683e-04,4.339801e-04,1.333312e-04,7.058713e-04,5.751544e-05,2.535908e-04,4.575092e-04,2.185587e-03,2.614338e-06,0.000000e+00,0.000000e+00,0.000000e+00,4.784239e-04,1.150309e-04,0.000000e+00,0.000000e+00,1.986897e-04,0.000000e+00,2.300618e-04,0.000000e+00,2.352904e-05,0.000000e+00,1.568603e-05,4.870512e-03,4.705809e-05,0.000000e+00,0.000000e+00,0.000000e+00,0.000000e+00,0.000000e+00,0.000000e+00,4.182941e-05,0.000000e+00,2.875772e-05,1.079722e-03,0.000000e+00,0.000000e+00,0.000000e+00,0.000000e+00,7.058713e-05,0.000000e+00,5.856117e-04,0.000000e+00,0.000000e+00,2.117614e-04,0.000000e+00,0.000000e+00,0.000000e+00,0.000000e+00,0.000000e+00,0.000000e+00,0.000000e+00,0.000000e+00,0.000000e+00,0.000000e+00,0.000000e+00,0.000000e+00,0.000000e+00,0.000000e+00,7.058713e-05,0.000000e+00,0.000000e+00,0.000000e+00,0.000000e+00,0.000000e+00,0.000000e+00,0.000000e+00,0.000000e+00,0.000000e+00,0.000000e+00,3.398639e-05,0.000000e+00,0.000000e+00,0.000000e+00,0.000000e+00,0.000000e+00,0.000000e+00,0.000000e+00,0.000000e+00,0.000000e+00,0.000000e+00,1.045735e-05,0.000000e+00,0.000000e+00,0.000000e+00,0.000000e+00,0.000000e+00,0.000000e+00,0.000000e+00,2.091470e-05,0.000000e+00,0.000000e+00,0.000000e+00,0.000000e+00,0.000000e+00,0.000000e+00,0.000000e+00,0.000000e+00,0.000000e+00,0.000000e+00,0.000000e+00,0.000000e+00,0.000000e+00
DO_T07_0.7.5_RNA,4.902885e-01,1.577375e-03,1.253413e-02,2.192522e-02,1.694434e-03,0.000000e+00,8.091728e-03,3.365134e-01,1.756183e-02,2.077803e-04,0.000000e+00,0.000000e+00,0.000000e+00,1.755890e-05,5.970027e-03,1.118795e-02,5.176950e-03,1.949624e-02,2.341187e-05,1.884656e-03,8.516068e-04,0.000000e+00,7.099650e-03,3.368383e-03,1.226197e-03,2.370452e-03,4.591653e-03,2.876734e-03,2.048539e-04,8.867246e-03,3.134264e-03,6.145616e-04,2.297290e-03,7.029414e-03,0.000000e+00,2.633835e-04,0.000000e+00,2.926484e-04,5.501790e-04,1.071093e-03,0.000000e+00,1.556889e-03,9.335483e-04,0.000000e+00,7.199150e-04,0.000000e+00,9.628132e-04,1.785155e-04,6.087086e-04,0.000000e+00,1.381300e-03,1.287653e-04,2.692365e-04,4.097077e-05,3.570310e-04,3.980018e-04,0.000000e+00,1.018416e-03,3.277662e-04,3.040617e-03,1.755890e-05,5.150611e-04,1.463242e-05,4.126342e-04,0.000000e+00,0.000000e+00,9.540337e-04,2.800645e-03,2.985013e-04,2.985013e-04,1.316918e-04,0.000000e+00,0.000000e+00,1.492507e-04,0.000000e+00,0.000000e+00,5.852968e-05,5.443260e-04,7.608858e-05,0.000000e+00,1.375447e-04,0.000000e+00,3.804429e-05,0.000000e+00,7.023561e-05,0.000000e+00,0.000000e+00,0.000000e+00,4.975022e-05,0.000000e+00,9.364748e-05,0.000000e+00,4.975022e-05,1.170594e-04,0.000000e+00,0.000000e+00,0.000000e+00,8.779451e-06,0.000000e+00,0.000000e+00,0.000000e+00,0.000000e+00,3.511781e-05,0.000000e+00,4.097077e-05,8.779451e-05,0.000000e+00,0.000000e+00,9.657397e-05,9.364748e-05,2.633835e-05,0.000000e+00,0.000000e+00,0.000000e+00,0.000000e+00,0.000000e+00,0.000000e+00,0.000000e+00,0.000000e+00,0.000000e+00,0.000000e+00,0.000000e+00,0.000000e+00,0.000000e+00,0.000000e+00,0.000000e+00,0.000000e+00,0.000000e+00,0.000000e+00
DO_T02_22.5.30_RNA,6.600626e-01,1.369045e-02,1.025428e-02,3.137170e-02,1.199648e-03,0.000000e+00,1.718993e-02,1.447354e-01,2.985255e-02,2.242859e-02,0.000000e+00,0.000000e+00,0.000000e+00,0.000000e+00,2.146104e-03,9.741865e-03,5.937956e-04,3.119386e-02,4.451960e-03,1.205676e-04,2.173232e-03,0.000000e+00,8.409592e-04,2.025536e-03,5.455685e-04,1.769330e-03,4.913131e-04,4.189725e-04,0.000000e+00,2.715786e-03,3.918448e-05,0.000000e+00,2.278728e-03,2.426424e-03,0.000000e+00,3.436178e-04,0.000000e+00,0.000000e+00,5.124124e-05,0.000000e+00,0.000000e+00,0.000000e+00,8.108173e-04,0.000000e+00,7.324484e-04,0.000000e+00,1.989366e-04,5.606395e-04,0.000000e+00,5.425543e-05,0.000000e+00,3.617029e-05,0.000000e+00,6.028382e-06,0.000000e+00,0.000000e+00,0.000000e+00,2.411353e-05,0.000000e+00,2.682630e-04,0.000000e+00,0.000000e+00,9.042572e-06,0.000000e+00,0.000000e+00,4.219867e-05,0.000000e+00,1.588479e-03,0.000000e+00,0.000000e+00,3.617029e-05,0.000000e+00,0.000000e+00,0.000000e+00,0.000000e+00,0.000000e+00,0.000000e+00,0.000000e+00,0.000000e+00,0.000000e+00,0.000000e+00,3.014191e-05,0.000000e+00,0.000000e+00,0.000000e+00,9.042572e-05,0.000000e+00,0.000000e+00,0.000000e+00,0.000000e+00,0.000000e+00,0.000000e+00,0.000000e+00,1.476953e-04,0.000000e+00,4.822705e-05,0.000000e+00,4.822705e-05,0.000000e+00,4.521286e-05,0.000000e+00,0.000000e+00,0.000000e+00,6.028382e-06,0.000000e+00,0.000000e+00,6.329801e-05,0.000000e+00,0.000000e+00,0.000000e+00,0.000000e+00,0.000000e+00,0.000000e+00,0.000000e+00,0.000000e+00,0.000000e+00,0.000000e+00,0.000000e+00,0.000000e+00,0.000000e+00,0.000000e+00,0.000000e+00,0.000000e+00,0.000000e+00,0.000000e+00,0.000000e+00,0.000000e+00,0.000000e+00,0.000000e+00
DO_T03_37.5.45_RNA,7.989763e-01,9.003779e-03,7.588520e-04,3.703577e-02,1.138278e-05,0.000000e+00,1.571203e-02,6.790208e-02,2.110367e-02,1.168632e-02,0.000000e+00,0.000000e+00,0.000000e+00,0.000000e+00,5.994931e-04,4.617614e-03,0.000000e+00,7.774439e-03,4.477227e-04,0.000000e+00,5.524443e-03,0.000000e+00,9.865076e-03,1.001685e-03,4.135743e-04,3.794260e-05,5.767275e-04,1.517704e-04,8.726798e-05,2.655982e-05,3.794260e-06,2.010958e-04,2.200671e-04,1.267283e-03,2.864666e-03,0.000000e+00,0.000000e+00,0.000000e+00,1.517704e-04,5.311964e-05,0.000000e+00,0.000000e+00,2.162728e-04,0.000000e+00,5.311964e-05,0.000000e+00,0.000000e+00,0.000000e+00,0.000000e+00,5.387849e-04,0.000000e+00,0.000000e+00,0.000000e+00,2.580097e-04,0.000000e+00,0.000000e+00,0.000000e+00,0.000000e+00,0.000000e+00,0.000000e+00,1.214163e-04,0.000000e+00,0.000000e+00,0.000000e+00,0.000000e+00,0.000000e+00,0.000000e+00,6.602012e-04,0.000000e+00,0.000000e+00,3.414834e-05,0.000000e+00,0.000000e+00,0.000000e+00,0.000000e+00,0.000000e+00,0.000000e+00,0.000000e+00,0.000000e+00,0.000000e+00,0.000000e+00,0.000000e+00,0.000000e+00,0.000000e+00,0.000000e+00,2.276556e-05,0.000000e+00,0.000000e+00,0.000000e+00,0.000000e+00,0.000000e+00,0.000000e+00,0.000000e+00,0.000000e+00,0.000000e+00,0.000000e+00,0.000000e+00,0.000000e+00,0.000000e+00,0.000000e+00,0.000000e+00,0.000000e+00,0.000000e+00,0.000000e+00,0.000000e+00,0.000000e+00,0.000000e+00,1.897130e-05,0.000000e+00,0.000000e+00,0.000000e+00,0.000000e+00,0.000000e+00,0.000000e+00,0.000000e+00,0.000000e+00,0.000000e+00,0.000000e+00,0.000000e+00,0.000000e+00,0.000000e+00,0.000000e+00,0.000000e+00,0.000000e+00,0.000000e+00,0.000000e+00,0.000000e+00,0.000000e+00,0.000000e+00
DO_T02_0.7.5_RNA,5.048075e-01,6.642729e-03,3.588669e-02,8.178735e-03,0.000000e+00,0.000000e+00,7.121484e-03,2.668263e-01,1.634750e-02,1.306603e-03,0.000000e+00,0.000000e+00,0.000000e+00,0.000000e+00,6.433273e-03,2.032715e-02,6.981847e-05,1.995811e-02,1.496110e-04,2.393776e-04,4.787552e-04,0.000000e+00,8.258528e-03,1.466188e-03,8.976661e-04,8.118891e-03,3.500898e-03,4.428486e-03,1.496110e-04,1.540993e-02,2.802713e-03,1.496110e-04,2.643128e-03,6.712547e-03,0.000000e+00,1.196888e-04,0.000000e+00,0.000000e+00,1.366447e-03,1.745462e-03,0.000000e+00,2.393776e-04,7.680032e-04,0.000000e+00,1.166966e-03,0.000000e+00,2.005785e-02,1.705566e-03,4.987034e-05,9.674845e-04,9.076401e-04,5.385996e-04,0.000000e+00,8.577698e-04,9.974067e-05,0.000000e+00,0.000000e+00,6.882107e-04,1.057251e-03,9.475364e-04,0.000000e+00,2.024736e-03,3.510872e-03,2.792739e-04,0.000000e+00,4.987034e-05,0.000000e+00,3.002194e-03,4.987034e-04,4.288849e-04,9.974067e-05,0.000000e+00,0.000000e+00,2.692998e-04,0.000000e+00,0.000000e+00,0.000000e+00,0.000000e+00,4.887293e-04,1.296629e-04,0.000000e+00,2.633154e-03,1.266707e-03,0.000000e+00,2.094554e-04,0.000000e+00,0.000000e+00,0.000000e+00,9.974067e-05,9.974067e-05,0.000000e+00,0.000000e+00,0.000000e+00,0.000000e+00,3.889886e-04,2.094554e-04,0.000000e+00,9.375623e-04,9.974067e-06,0.000000e+00,3.091961e-04,0.000000e+00,0.000000e+00,0.000000e+00,0.000000e+00,0.000000e+00,0.000000e+00,0.000000e+00,0.000000e+00,0.000000e+00,0.000000e+00,0.000000e+00,0.000000e+00,2.692998e-04,0.000000e+00,0.000000e+00,0.000000e+00,0.000000e+00,3.989627e-05,2.992220e-05,0.000000e+00,9.974067e-05,0.000000e+00,0.000000e+00,0.000000e+00,0.000000e+00,0.000000e+00,0.000000e+00,1.994813e-05
DO_T04_7.5.15_RNA,6.435480e-01,7.110840e-03,5.760871e-03,1.647038e-02,1.193162e-02,0.000000e+00,1.702315e-02,1.876608e-01,2.551404e-02,3.647549e-04,0.000000e+00,0.000000e+00,0.000000e+00,0.000000e+00,4.012304e-03,6.554307e-03,4.098792e-04,2.255840e-02,6.204594e-04,1.477821e-03,1.170976e-02,0.000000e+00,3.985981e-03,6.569349e-03,5.753350e-04,3.008288e-04,5.602936e-04,8.573620e-04,9.400899e-05,5.234421e-03,4.625243e-04,4.136396e-04,1.500384e-03,3.858129e-03,0.000000e+00,3.271513e-04,0.000000e+00,1.240919e-04,2.669855e-04,1.842576e-04,0.000000e+00,7.144684e-05,2.079479e-03,0.000000e+00,3.771641e-03,0.000000e+00,0.000000e+00,6.881458e-04,0.000000e+00,3.384324e-05,8.648828e-05,0.000000e+00,9.927350e-04,0.000000e+00,3.760360e-05,0.000000e+00,0.000000e+00,2.557045e-04,0.000000e+00,5.151693e-04,0.000000e+00,1.466540e-04,0.000000e+00,0.000000e+00,0.000000e+00,2.256216e-05,0.000000e+00,1.000256e-03,0.000000e+00,0.000000e+00,8.724035e-04,2.331423e-04,0.000000e+00,0.000000e+00,0.000000e+00,0.000000e+00,0.000000e+00,1.466540e-04,0.000000e+00,0.000000e+00,0.000000e+00,0.000000e+00,7.520720e-05,0.000000e+00,0.000000e+00,3.384324e-05,0.000000e+00,0.000000e+00,0.000000e+00,0.000000e+00,0.000000e+00,2.406630e-04,0.000000e+00,9.776935e-05,0.000000e+00,0.000000e+00,7.144684e-05,0.000000e+00,0.000000e+00,0.000000e+00,0.000000e+00,3.760360e-05,0.000000e+00,7.520720e-06,0.000000e+00,4.098792e-04,0.000000e+00,0.000000e+00,0.000000e+00,0.000000e+00,0.000000e+00,0.000000e+00,0.000000e+00,0.000000e+00,3.008288e-05,0.000000e+00,0.000000e+00,0.000000e+00,0.000000e+00,0.000000e+00,0.000000e+00,0.000000e+00,0.000000e+00,0.000000e+00,0.000000e+00,0.000000e+00,0.000000e+00,0.000000e+00,0.000000e+00
DO_T06_22.5.30_RNA,7.163914e-01,2.177985e-02,4.058358e-04,6.631592e-03,4.881793e-04,0.000000e+00,2.006535e-02,1.244269e-01,3.296681e-03,6.536015e-02,0.000000e+00,0.000000e+00,0.000000e+00,0.000000e+00,1.205744e-03,1.323084e-02,2.323263e-04,1.195745e-02,3.220219e-03,8.822517e-05,3.440782e-04,0.000000e+00,2.064469e-03,1.032235e-03,2.823206e-04,2.352671e-05,3.470190e-04,5.881678e-05,0.000000e+00,1.117519e-04,3.529007e-05,0.000000e+00,1.061643e-03,5.146468e-04,0.000000e+00,4.705343e-05,0.000000e+00,0.000000e+00,0.000000e+00,0.000000e+00,0.000000e+00,0.000000e+00,2.114463e-03,0.000000e+00,3.293740e-04,0.000000e+00,0.000000e+00,0.000000e+00,0.000000e+00,2.352671e-04,0.000000e+00,0.000000e+00,0.000000e+00,7.352098e-05,0.000000e+00,0.000000e+00,0.000000e+00,0.000000e+00,0.000000e+00,0.000000e+00,0.000000e+00,1.646870e-04,0.000000e+00,0.000000e+00,0.000000e+00,1.255738e-03,0.000000e+00,6.087537e-04,0.000000e+00,0.000000e+00,1.470420e-05,0.000000e+00,0.000000e+00,0.000000e+00,0.000000e+00,0.000000e+00,0.000000e+00,0.000000e+00,0.000000e+00,2.940839e-06,0.000000e+00,0.000000e+00,0.000000e+00,0.000000e+00,0.000000e+00,1.117519e-04,0.000000e+00,0.000000e+00,0.000000e+00,0.000000e+00,0.000000e+00,0.000000e+00,0.000000e+00,2.058587e-04,0.000000e+00,0.000000e+00,0.000000e+00,0.000000e+00,0.000000e+00,0.000000e+00,0.000000e+00,0.000000e+00,0.000000e+00,1.088110e-04,0.000000e+00,0.000000e+00,0.000000e+00,7.058014e-05,0.000000e+00,0.000000e+00,0.000000e+00,0.000000e+00,0.000000e+00,0.000000e+00,0.000000e+00,0.000000e+00,0.000000e+00,0.000000e+00,0.000000e+00,0.000000e+00,0.000000e+00,0.000000e+00,0.000000e+00,0.000000e+00,0.000000e+00,0.000000e+00,0.000000e+00,0.000000e+00,0.000000e+00
DO_T02_30.37.5_RNA,7.027902e-01,7.187954e-03,2.889930e-03,7.413390e-02,1.137712e-03,0.000000e+00,1.034827e-02,9.462677e-02,1.908126e-02,2.793014e-02,0.000000e+00,0.000000e+00,0.000000e+00,0.000000e+00,6.180166e-04,6.134517e-03,3.019854e-04,3.809932e-02,2.879395e-03,2.317562e-04,8.462614e-04,0.000000e+00,8.462614e-04,1.056949e-03,2.809166e-04,4.354208e-04,5.161843e-04,6.671770e-05,0.000000e+00,4.916041e-04,3.862604e-05,0.000000e+00,8.427499e-04,3.430694e-03,0.000000e+00,7.725207e-05,0.000000e+00,0.000000e+00,0.000000e+00,0.000000e+00,0.000000e+00,0.000000e+00,8.708416e-04,0.000000e+00,8.076353e-05,0.000000e+00,7.022916e-06,0.000000e+00,0.000000e+00,5.969478e-05,0.000000e+00,0.000000e+00,0.000000e+00,7.725207e-05,0.000000e+00,0.000000e+00,0.000000e+00,0.000000e+00,0.000000e+00,5.267187e-05,0.000000e+00,8.076353e-05,2.106875e-05,0.000000e+00,0.000000e+00,0.000000e+00,0.000000e+00,9.551165e-04,0.000000e+00,0.000000e+00,3.160312e-05,0.000000e+00,0.000000e+00,0.000000e+00,0.000000e+00,0.000000e+00,0.000000e+00,0.000000e+00,0.000000e+00,0.000000e+00,0.000000e+00,1.474812e-04,0.000000e+00,0.000000e+00,0.000000e+00,1.404583e-05,0.000000e+00,0.000000e+00,0.000000e+00,0.000000e+00,0.000000e+00,0.000000e+00,0.000000e+00,2.177104e-04,0.000000e+00,0.000000e+00,0.000000e+00,3.511458e-06,0.000000e+00,0.000000e+00,0.000000e+00,0.000000e+00,0.000000e+00,4.916041e-05,0.000000e+00,0.000000e+00,0.000000e+00,0.000000e+00,0.000000e+00,0.000000e+00,0.000000e+00,0.000000e+00,0.000000e+00,0.000000e+00,0.000000e+00,0.000000e+00,0.000000e+00,0.000000e+00,0.000000e+00,0.000000e+00,0.000000e+00,0.000000e+00,0.000000e+00,0.000000e+00,0.000000e+00,0.000000e+00,0.000000e+00,1.053437e-05,0.000000e+00
DO_T06_0.7.5_RNA,4.740067e-01,4.183787e-03,5.559278e-02,8.186820e-03,3.967764e-04,4.849489e-05,9.632850e-03,3.200487e-01,1.044845e-02,8.640909e-04,8.376391e-05,0.000000e+00,4.408627e-05,3.086039e-05,1.055425e-02,1.079232e-02,1.172695e-03,8.420477e-03,1.983882e-04,1.282910e-03,1.406352e-03,0.000000e+00,4.435079e-03,5.881108e-03,1.375492e-03,1.127286e-02,7.538752e-04,5.449063e-03,0.000000e+00,1.724655e-02,4.805403e-04,5.687129e-04,5.731215e-03,4.659919e-03,0.000000e+00,1.476890e-03,0.000000e+00,2.116141e-04,1.939796e-04,1.904527e-03,0.000000e+00,6.524768e-04,1.044845e-03,0.000000e+00,4.130883e-03,0.000000e+00,4.408627e-06,1.397535e-03,4.144109e-04,2.336572e-04,2.072055e-04,0.000000e+00,8.817254e-05,4.100023e-04,2.865607e-04,5.246266e-04,0.000000e+00,3.967764e-05,3.041952e-04,2.623133e-03,1.763451e-05,7.230148e-04,0.000000e+00,4.849489e-05,0.000000e+00,4.408627e-06,2.424745e-04,3.284427e-03,0.000000e+00,1.344631e-03,3.879592e-04,4.937662e-04,0.000000e+00,1.190329e-04,1.155060e-03,0.000000e+00,0.000000e+00,1.146243e-04,0.000000e+00,0.000000e+00,0.000000e+00,3.086039e-05,1.190329e-04,0.000000e+00,0.000000e+00,0.000000e+00,0.000000e+00,0.000000e+00,1.322588e-05,5.290352e-05,8.376391e-05,0.000000e+00,0.000000e+00,2.116141e-04,0.000000e+00,0.000000e+00,0.000000e+00,0.000000e+00,0.000000e+00,0.000000e+00,0.000000e+00,0.000000e+00,0.000000e+00,2.204313e-05,0.000000e+00,1.322588e-04,0.000000e+00,0.000000e+00,0.000000e+00,0.000000e+00,0.000000e+00,0.000000e+00,0.000000e+00,0.000000e+00,0.000000e+00,0.000000e+00,0.000000e+00,0.000000e+00,0.000000e+00,0.000000e+00,0.000000e+00,0.000000e+00,0.000000e+00,0.000000e+00,0.000000e+00,0.000000e+00,0.000000e+00,0.000000e+00,0.000000e+00
DO_T03_22.5.30_RNA,6.499071e-01,1.203855e-02,5.069645e-03,2.773934e-02,6.518538e-05,0.000000e+00,2.105191e-02,1.854435e-01,2.680897e-02,3.217787e-03,0.000000e+00,0.000000e+00,0.000000e+00,0.000000e+00,1.120003e-03,8.023727e-03,2.162969e-04,1.149929e-02,1.594079e-03,4.118531e-04,4.456310e-03,0.000000e+00,9.282990e-03,3.588159e-03,6.577797e-04,0.000000e+00,3.348158e-04,7.140762e-04,1.758227e-02,2.725934e-04,1.268152e-03,0.000000e+00,1.345189e-03,1.970376e-03,0.000000e+00,1.395560e-03,0.000000e+00,1.303708e-04,5.303719e-04,0.000000e+00,0.000000e+00,1.777783e-05,5.007422e-04,0.000000e+00,1.392597e-04,0.000000e+00,0.000000e+00,0.000000e+00,0.000000e+00,1.925932e-04,0.000000e+00,0.000000e+00,2.133340e-04,2.666675e-05,0.000000e+00,0.000000e+00,0.000000e+00,0.000000e+00,0.000000e+00,0.000000e+00,1.540745e-04,0.000000e+00,0.000000e+00,5.037052e-05,0.000000e+00,0.000000e+00,0.000000e+00,5.629646e-04,0.000000e+00,0.000000e+00,1.037040e-04,0.000000e+00,0.000000e+00,0.000000e+00,0.000000e+00,0.000000e+00,0.000000e+00,0.000000e+00,0.000000e+00,0.000000e+00,0.000000e+00,0.000000e+00,0.000000e+00,0.000000e+00,0.000000e+00,6.518538e-05,0.000000e+00,0.000000e+00,2.074080e-05,0.000000e+00,0.000000e+00,0.000000e+00,0.000000e+00,8.888915e-05,0.000000e+00,0.000000e+00,0.000000e+00,6.518538e-05,0.000000e+00,0.000000e+00,0.000000e+00,0.000000e+00,0.000000e+00,0.000000e+00,0.000000e+00,0.000000e+00,0.000000e+00,6.222241e-05,0.000000e+00,0.000000e+00,0.000000e+00,0.000000e+00,0.000000e+00,0.000000e+00,0.000000e+00,0.000000e+00,0.000000e+00,0.000000e+00,0.000000e+00,0.000000e+00,0.000000e+00,0.000000e+00,0.000000e+00,0.000000e+00,0.000000e+00,0.000000e+00,0.000000e+00,0.000000e+00,0.000000e+00
DO_T04_30.37.5_RNA,6.895215e-01,3.382889e-03,3.876878e-04,1.588582e-02,1.594522e-04,0.000000e+00,2.965812e-02,1.219622e-01,7.416092e-03,1.109350e-01,0.000000e+00,0.000000e+00,0.000000e+00,0.000000e+00,8.347793e-04,3.423533e-03,5.940377e-05,2.557489e-03,1.438197e-03,1.375666e-04,9.660930e-04,0.000000e+00,2.695055e-03,4.158264e-04,1.438197e-04,5.940377e-04,8.566649e-04,1.438197e-04,0.000000e+00,1.281871e-04,2.188560e-05,1.125545e-04,3.532961e-04,6.503150e-04,1.782113e-04,0.000000e+00,0.000000e+00,0.000000e+00,0.000000e+00,0.000000e+00,0.000000e+00,0.000000e+00,4.658506e-04,0.000000e+00,1.031750e-04,9.973581e-04,0.000000e+00,6.253029e-05,0.000000e+00,9.817255e-04,0.000000e+00,0.000000e+00,3.751817e-05,1.153684e-03,0.000000e+00,0.000000e+00,0.000000e+00,2.813863e-05,0.000000e+00,4.064469e-05,6.253029e-06,6.253029e-05,0.000000e+00,0.000000e+00,0.000000e+00,0.000000e+00,5.002423e-05,3.470431e-04,0.000000e+00,0.000000e+00,6.253029e-06,0.000000e+00,0.000000e+00,0.000000e+00,0.000000e+00,0.000000e+00,0.000000e+00,0.000000e+00,0.000000e+00,0.000000e+00,0.000000e+00,0.000000e+00,0.000000e+00,0.000000e+00,3.626757e-04,6.878332e-05,0.000000e+00,0.000000e+00,0.000000e+00,0.000000e+00,0.000000e+00,0.000000e+00,0.000000e+00,3.751817e-05,0.000000e+00,0.000000e+00,0.000000e+00,0.000000e+00,0.000000e+00,0.000000e+00,0.000000e+00,1.563257e-05,0.000000e+00,1.344401e-04,0.000000e+00,0.000000e+00,0.000000e+00,0.000000e+00,0.000000e+00,0.000000e+00,0.000000e+00,0.000000e+00,0.000000e+00,0.000000e+00,0.000000e+00,0.000000e+00,0.000000e+00,0.000000e+00,0.000000e+00,0.000000e+00,0.000000e+00,0.000000e+00,1.875909e-05,0.000000e+00,0.000000e+00,0.000000e+00,0.000000e+00,0.000000e+00,0.000000e+00
DO_T05_7.5.15_RNA,5.245031e-01,2.735227e-03,3.699569e-03,1.584737e-02,1.315013e-04,0.000000e+00,5.829890e-03,2.896009e-01,1.367613e-02,6.604286e-04,0.000000e+00,0.000000e+00,0.000000e+00,0.000000e+00,3.399162e-02,2.239905e-02,1.063699e-02,8.810586e-03,0.000000e+00,4.587933e-04,0.000000e+00,0.000000e+00,9.146644e-04,2.600803e-04,3.907049e-03,5.143161e-04,3.097586e-04,2.317345e-03,1.052010e-04,1.241957e-03,1.731433e-02,2.238444e-03,5.350641e-03,1.013144e-02,0.000000e+00,1.139678e-04,0.000000e+00,8.135546e-03,0.000000e+00,0.000000e+00,0.000000e+00,2.834583e-03,2.662170e-03,0.000000e+00,2.513136e-04,0.000000e+00,0.000000e+00,0.000000e+00,3.506701e-05,0.000000e+00,0.000000e+00,0.000000e+00,4.646378e-04,1.139678e-04,6.136726e-05,1.461125e-04,0.000000e+00,0.000000e+00,2.045575e-05,1.484503e-03,0.000000e+00,0.000000e+00,2.922251e-06,2.840428e-03,0.000000e+00,0.000000e+00,1.665683e-04,1.297479e-03,0.000000e+00,0.000000e+00,4.149596e-04,0.000000e+00,0.000000e+00,1.461125e-04,2.542358e-04,0.000000e+00,1.373458e-04,1.110455e-04,2.337800e-05,0.000000e+00,2.016353e-04,0.000000e+00,0.000000e+00,0.000000e+00,5.260051e-05,0.000000e+00,1.461125e-05,0.000000e+00,0.000000e+00,0.000000e+00,0.000000e+00,0.000000e+00,0.000000e+00,2.659248e-04,0.000000e+00,0.000000e+00,0.000000e+00,0.000000e+00,1.168900e-05,0.000000e+00,0.000000e+00,0.000000e+00,0.000000e+00,0.000000e+00,0.000000e+00,0.000000e+00,1.052010e-04,0.000000e+00,0.000000e+00,0.000000e+00,4.091151e-05,0.000000e+00,0.000000e+00,0.000000e+00,0.000000e+00,0.000000e+00,0.000000e+00,0.000000e+00,0.000000e+00,0.000000e+00,0.000000e+00,0.000000e+00,0.000000e+00,0.000000e+00,0.000000e+00,0.000000e+00,2.922251e-06,0.000000e+00,0.000000e+00
DO_T04_22.5.30_RNA,7.492316e-01,1.228700e-02,4.702931e-04,3.682775e-02,1.403754e-03,0.000000e+00,2.794681e-02,9.424627e-02,1.794952e-02,2.154323e-02,0.000000e+00,0.000000e+00,0.000000e+00,0.000000e+00,1.857420e-03,5.543759e-03,4.750436e-05,8.576912e-03,1.123478e-03,4.560418e-04,5.788406e-03,0.000000e+00,2.166199e-03,2.691122e-03,7.933228e-04,3.420314e-04,4.631675e-04,6.626858e-04,1.092600e-04,1.187609e-04,2.612740e-05,2.042687e-04,6.484345e-04,2.403721e-03,4.750436e-06,1.662653e-05,0.000000e+00,0.000000e+00,9.500872e-05,0.000000e+00,0.000000e+00,0.000000e+00,5.463001e-04,0.000000e+00,2.303961e-04,9.097085e-04,0.000000e+00,4.987958e-05,0.000000e+00,1.021344e-04,0.000000e+00,0.000000e+00,0.000000e+00,1.116352e-04,0.000000e+00,0.000000e+00,0.000000e+00,0.000000e+00,7.125654e-06,0.000000e+00,7.363176e-05,1.686405e-04,0.000000e+00,4.512914e-05,0.000000e+00,1.425131e-05,1.140105e-04,7.719458e-04,0.000000e+00,0.000000e+00,5.938045e-05,0.000000e+00,0.000000e+00,0.000000e+00,0.000000e+00,0.000000e+00,0.000000e+00,0.000000e+00,0.000000e+00,0.000000e+00,0.000000e+00,0.000000e+00,0.000000e+00,0.000000e+00,9.500872e-05,3.254049e-04,0.000000e+00,0.000000e+00,0.000000e+00,0.000000e+00,0.000000e+00,0.000000e+00,0.000000e+00,1.520139e-04,0.000000e+00,0.000000e+00,0.000000e+00,0.000000e+00,1.425131e-05,0.000000e+00,0.000000e+00,1.401379e-04,0.000000e+00,2.375218e-05,0.000000e+00,0.000000e+00,0.000000e+00,0.000000e+00,0.000000e+00,0.000000e+00,0.000000e+00,0.000000e+00,0.000000e+00,0.000000e+00,0.000000e+00,0.000000e+00,0.000000e+00,0.000000e+00,0.000000e+00,0.000000e+00,0.000000e+00,0.000000e+00,0.000000e+00,0.000000e+00,0.000000e+00,0.000000e+00,0.000000e+00,0.000000e+00,0.000000e+00
DO_T06_30.37.5_RNA,7.273175e-01,2.334073e-02,5.642243e-04,1.501355e-02,1.323009e-03,0.000000e+00,2.307483e-02,1.076112e-01,3.411287e-03,6.127346e-02,0.000000e+00,0.000000e+00,0.000000e+00,0.000000e+00,2.691415e-03,7.043076e-03,1.426774e-04,1.250373e-02,1.841836e-03,1.037654e-04,9.533445e-04,0.000000e+00,2.509825e-03,1.070081e-03,2.788695e-04,0.000000e+00,7.004164e-04,2.594135e-05,7.782404e-05,1.361921e-04,0.000000e+00,0.000000e+00,9.922565e-04,7.717551e-04,0.000000e+00,7.782404e-05,0.000000e+00,0.000000e+00,0.000000e+00,0.000000e+00,0.000000e+00,0.000000e+00,1.809409e-03,0.000000e+00,5.577390e-04,0.000000e+00,0.000000e+00,5.188269e-05,0.000000e+00,5.771950e-04,0.000000e+00,0.000000e+00,0.000000e+00,4.539736e-05,0.000000e+00,0.000000e+00,0.000000e+00,0.000000e+00,0.000000e+00,4.539736e-05,0.000000e+00,3.307522e-04,0.000000e+00,0.000000e+00,0.000000e+00,8.106671e-04,0.000000e+00,2.983255e-04,0.000000e+00,0.000000e+00,0.000000e+00,0.000000e+00,0.000000e+00,0.000000e+00,0.000000e+00,0.000000e+00,0.000000e+00,0.000000e+00,0.000000e+00,0.000000e+00,0.000000e+00,0.000000e+00,0.000000e+00,0.000000e+00,7.133870e-05,2.334721e-04,0.000000e+00,0.000000e+00,0.000000e+00,0.000000e+00,0.000000e+00,0.000000e+00,0.000000e+00,2.269868e-04,0.000000e+00,0.000000e+00,0.000000e+00,0.000000e+00,0.000000e+00,0.000000e+00,0.000000e+00,0.000000e+00,0.000000e+00,9.079471e-05,0.000000e+00,0.000000e+00,0.000000e+00,0.000000e+00,0.000000e+00,0.000000e+00,0.000000e+00,0.000000e+00,0.000000e+00,0.000000e+00,0.000000e+00,0.000000e+00,0.000000e+00,0.000000e+00,0.000000e+00,0.000000e+00,0.000000e+00,0.000000e+00,0.000000e+00,0.000000e+00,0.000000e+00,0.000000e+00,0.000000e+00,0.000000e+00,0.000000e+00
DO_T07_7.5.15_RNA,6.201722e-01,1.288039e-02,2.431131e-03,1.475934e-02,5.537150e-03,2.392785e-03,2.427296e-02,2.003382e-01,3.312703e-02,8.742868e-04,2.032333e-03,8.397754e-04,6.557151e-04,1.645040e-03,5.234217e-03,1.433754e-02,2.143536e-03,1.355144e-02,1.832935e-03,4.064667e-04,8.861740e-03,5.138352e-04,6.277226e-03,6.810234e-03,4.218050e-04,2.684214e-05,6.480459e-04,1.848273e-03,2.914289e-04,3.834591e-04,3.067673e-04,3.029327e-04,1.227069e-03,4.505645e-03,0.000000e+00,4.908277e-04,0.000000e+00,2.645868e-04,2.408123e-03,4.601509e-05,1.418799e-04,8.819559e-05,3.336094e-04,0.000000e+00,5.291736e-04,0.000000e+00,1.533836e-05,0.000000e+00,0.000000e+00,1.472483e-03,1.303761e-04,0.000000e+00,1.035340e-04,0.000000e+00,0.000000e+00,0.000000e+00,0.000000e+00,5.368428e-05,2.645868e-04,7.285723e-05,2.645868e-04,0.000000e+00,0.000000e+00,1.533836e-05,0.000000e+00,1.150377e-05,0.000000e+00,9.624824e-04,0.000000e+00,0.000000e+00,1.878950e-04,0.000000e+00,0.000000e+00,0.000000e+00,0.000000e+00,0.000000e+00,0.000000e+00,0.000000e+00,0.000000e+00,1.533836e-05,0.000000e+00,0.000000e+00,0.000000e+00,0.000000e+00,0.000000e+00,2.684214e-05,0.000000e+00,0.000000e+00,0.000000e+00,0.000000e+00,0.000000e+00,0.000000e+00,0.000000e+00,1.610528e-04,0.000000e+00,0.000000e+00,3.451132e-05,0.000000e+00,0.000000e+00,0.000000e+00,0.000000e+00,0.000000e+00,0.000000e+00,0.000000e+00,0.000000e+00,0.000000e+00,0.000000e+00,0.000000e+00,0.000000e+00,0.000000e+00,0.000000e+00,0.000000e+00,0.000000e+00,0.000000e+00,0.000000e+00,0.000000e+00,0.000000e+00,0.000000e+00,0.000000e+00,0.000000e+00,0.000000e+00,0.000000e+00,0.000000e+00,0.000000e+00,0.000000e+00,1.533836e-05,0.000000e+00,0.000000e+00,0.000000e+00
DO_T03_15.22.5_RNA,6.487196e-01,1.527433e-02,3.178774e-04,3.347119e-02,1.167713e-04,0.000000e+00,2.509934e-02,1.901361e-01,1.921212e-02,2.478146e-03,0.000000e+00,0.000000e+00,0.000000e+00,0.000000e+00,1.784006e-03,1.130086e-02,2.659790e-04,1.588414e-02,2.423004e-03,1.556950e-04,1.255291e-03,0.000000e+00,1.790493e-03,6.422420e-03,1.488834e-03,0.000000e+00,5.481763e-04,1.475859e-03,1.881315e-04,5.643945e-04,1.005530e-04,6.162928e-05,9.601194e-04,5.974797e-03,0.000000e+00,3.470702e-03,0.000000e+00,0.000000e+00,6.973840e-04,3.243647e-05,0.000000e+00,0.000000e+00,6.584602e-04,0.000000e+00,4.865470e-04,0.000000e+00,6.357547e-04,1.135276e-04,0.000000e+00,4.378923e-04,0.000000e+00,0.000000e+00,4.216740e-05,4.216740e-05,0.000000e+00,0.000000e+00,3.756143e-03,0.000000e+00,0.000000e+00,6.487293e-05,0.000000e+00,0.000000e+00,0.000000e+00,8.757846e-05,0.000000e+00,1.621823e-05,0.000000e+00,1.096353e-03,0.000000e+00,0.000000e+00,6.617039e-04,0.000000e+00,0.000000e+00,0.000000e+00,0.000000e+00,0.000000e+00,0.000000e+00,0.000000e+00,1.621823e-05,0.000000e+00,0.000000e+00,0.000000e+00,0.000000e+00,0.000000e+00,0.000000e+00,2.594917e-05,1.946188e-05,0.000000e+00,0.000000e+00,0.000000e+00,0.000000e+00,0.000000e+00,0.000000e+00,9.730940e-05,0.000000e+00,0.000000e+00,1.297459e-05,0.000000e+00,2.270553e-05,0.000000e+00,0.000000e+00,0.000000e+00,0.000000e+00,1.297459e-05,3.243647e-06,0.000000e+00,0.000000e+00,1.946188e-05,0.000000e+00,0.000000e+00,0.000000e+00,0.000000e+00,0.000000e+00,0.000000e+00,0.000000e+00,0.000000e+00,0.000000e+00,0.000000e+00,0.000000e+00,0.000000e+00,0.000000e+00,0.000000e+00,0.000000e+00,0.000000e+00,0.000000e+00,0.000000e+00,0.000000e+00,0.000000e+00,0.000000e+00
DO_T06_15.22.5_RNA,5.509550e-01,9.841647e-03,1.292008e-03,1.826069e-03,1.746776e-03,6.296789e-05,1.029175e-02,2.061639e-01,3.064437e-03,1.334779e-01,4.664288e-05,5.597145e-05,3.498216e-05,3.265002e-05,5.363931e-04,3.674293e-02,2.728608e-04,7.472189e-03,7.213321e-03,3.218359e-04,6.296789e-05,1.166072e-05,4.151216e-04,1.152079e-03,5.049092e-03,9.864969e-04,4.920824e-04,5.037431e-04,6.530003e-05,1.674479e-03,3.358287e-04,5.830360e-05,1.910026e-03,7.115371e-03,0.000000e+00,2.728608e-04,0.000000e+00,0.000000e+00,0.000000e+00,0.000000e+00,0.000000e+00,9.095361e-05,1.779426e-03,0.000000e+00,7.882647e-04,0.000000e+00,0.000000e+00,1.469251e-04,0.000000e+00,1.448261e-03,2.098930e-05,4.897502e-05,0.000000e+00,6.996432e-05,1.166072e-04,0.000000e+00,0.000000e+00,1.632501e-05,1.306001e-04,2.238858e-04,0.000000e+00,1.002822e-03,0.000000e+00,0.000000e+00,0.000000e+00,3.941323e-04,0.000000e+00,1.168404e-03,0.000000e+00,6.063574e-05,1.842394e-04,0.000000e+00,0.000000e+00,0.000000e+00,0.000000e+00,0.000000e+00,0.000000e+00,0.000000e+00,0.000000e+00,0.000000e+00,0.000000e+00,1.632501e-05,4.431073e-05,0.000000e+00,3.031787e-05,1.562536e-04,0.000000e+00,0.000000e+00,2.565358e-05,0.000000e+00,0.000000e+00,0.000000e+00,0.000000e+00,4.057930e-04,0.000000e+00,0.000000e+00,0.000000e+00,2.332144e-06,0.000000e+00,0.000000e+00,0.000000e+00,0.000000e+00,0.000000e+00,6.296789e-05,0.000000e+00,0.000000e+00,0.000000e+00,0.000000e+00,0.000000e+00,0.000000e+00,0.000000e+00,0.000000e+00,0.000000e+00,0.000000e+00,0.000000e+00,0.000000e+00,0.000000e+00,0.000000e+00,0.000000e+00,0.000000e+00,0.000000e+00,0.000000e+00,0.000000e+00,6.996432e-06,0.000000e+00,0.000000e+00,0.000000e+00,0.000000e+00,0.000000e+00
DO_T02_7.5.15_RNA,5.488847e-01,5.721462e-03,1.834186e-02,3.392553e-02,1.013872e-04,0.000000e+00,1.042905e-02,2.228628e-01,1.626112e-02,4.562422e-04,0.000000e+00,0.000000e+00,0.000000e+00,0.000000e+00,4.196046e-03,3.530117e-03,1.152127e-04,5.061984e-02,4.608507e-05,1.044057e-02,0.000000e+00,0.000000e+00,1.732799e-03,3.670676e-03,1.746624e-03,1.025162e-02,3.209825e-03,3.451772e-03,1.382552e-05,3.882667e-03,1.442463e-03,1.036914e-04,4.299737e-03,7.954284e-03,0.000000e+00,3.329647e-03,0.000000e+00,0.000000e+00,3.917231e-04,6.569427e-03,0.000000e+00,1.313425e-04,3.094613e-03,0.000000e+00,2.534679e-05,0.000000e+00,9.908291e-05,1.589935e-04,2.304254e-05,9.240057e-04,7.511867e-04,0.000000e+00,3.133785e-04,1.636020e-04,5.207613e-04,0.000000e+00,0.000000e+00,4.308954e-04,5.401171e-03,1.405595e-04,1.933269e-03,3.617678e-04,1.935573e-04,6.221485e-05,0.000000e+00,1.106042e-04,9.447440e-05,3.629200e-03,0.000000e+00,3.456380e-05,3.179870e-04,0.000000e+00,0.000000e+00,0.000000e+00,0.000000e+00,0.000000e+00,0.000000e+00,1.152127e-04,2.050786e-04,1.152127e-05,1.612978e-04,4.838933e-05,7.373612e-05,0.000000e+00,3.686806e-05,0.000000e+00,0.000000e+00,0.000000e+00,2.534679e-05,1.405595e-04,2.304254e-05,0.000000e+00,0.000000e+00,1.596848e-03,4.378082e-05,5.530209e-05,0.000000e+00,2.442509e-04,0.000000e+00,0.000000e+00,1.843403e-05,0.000000e+00,1.405595e-04,1.013872e-04,1.612978e-05,0.000000e+00,0.000000e+00,0.000000e+00,0.000000e+00,2.304254e-05,0.000000e+00,0.000000e+00,0.000000e+00,0.000000e+00,0.000000e+00,0.000000e+00,0.000000e+00,0.000000e+00,0.000000e+00,0.000000e+00,2.073828e-05,0.000000e+00,0.000000e+00,0.000000e+00,0.000000e+00,0.000000e+00,0.000000e+00,0.000000e+00,0.000000e+00
DO_T03_7.5.15_RNA,6.910412e-01,1.082451e-02,1.073245e-03,1.688846e-02,2.786075e-04,0.000000e+00,2.193732e-02,1.694636e-01,1.957763e-02,1.211337e-03,0.000000e+00,0.000000e+00,0.000000e+00,0.000000e+00,3.193085e-03,8.183794e-03,1.695872e-04,1.479285e-02,2.221592e-03,1.889686e-04,6.875550e-03,0.000000e+00,5.933129e-03,6.630860e-03,9.181936e-04,1.041750e-04,2.543808e-04,2.035046e-03,1.817006e-04,2.873292e-03,1.841232e-04,2.689168e-04,1.470563e-03,5.010090e-03,0.000000e+00,5.669058e-04,0.000000e+00,0.000000e+00,4.167000e-04,1.865459e-04,0.000000e+00,8.479360e-05,5.208750e-04,0.000000e+00,1.434223e-03,0.000000e+00,0.000000e+00,2.471128e-04,0.000000e+00,5.184523e-04,0.000000e+00,0.000000e+00,1.332471e-04,2.664942e-05,0.000000e+00,0.000000e+00,0.000000e+00,0.000000e+00,0.000000e+00,2.568035e-04,4.603081e-05,2.664942e-05,0.000000e+00,1.138657e-04,0.000000e+00,2.907209e-05,4.603081e-05,7.510290e-04,0.000000e+00,0.000000e+00,3.367517e-04,0.000000e+00,0.000000e+00,0.000000e+00,0.000000e+00,0.000000e+00,0.000000e+00,0.000000e+00,0.000000e+00,0.000000e+00,0.000000e+00,4.845349e-06,0.000000e+00,0.000000e+00,0.000000e+00,6.056686e-05,1.695872e-05,0.000000e+00,2.907209e-05,0.000000e+00,0.000000e+00,0.000000e+00,0.000000e+00,1.429378e-04,0.000000e+00,0.000000e+00,3.876279e-05,1.380924e-04,0.000000e+00,0.000000e+00,0.000000e+00,0.000000e+00,0.000000e+00,2.907209e-05,0.000000e+00,1.211337e-05,0.000000e+00,0.000000e+00,0.000000e+00,0.000000e+00,0.000000e+00,0.000000e+00,0.000000e+00,0.000000e+00,0.000000e+00,0.000000e+00,0.000000e+00,0.000000e+00,0.000000e+00,0.000000e+00,0.000000e+00,0.000000e+00,0.000000e+00,0.000000e+00,0.000000e+00,0.000000e+00,0.000000e+00,0.000000e+00,0.000000e+00
DO_T03_0.7.5_RNA,5.275888e-01,8.691548e-03,8.376922e-03,9.910725e-03,0.000000e+00,0.000000e+00,1.813033e-02,3.002320e-01,1.577064e-02,1.809101e-03,0.000000e+00,0.000000e+00,0.000000e+00,3.146262e-04,3.814842e-03,9.202816e-03,0.000000e+00,9.714083e-03,3.539545e-04,1.219176e-03,1.219176e-03,0.000000e+00,9.320801e-03,1.006804e-02,2.674323e-03,3.696858e-03,4.837378e-03,5.034019e-03,0.000000e+00,1.038266e-02,1.061863e-03,5.505958e-04,3.618201e-03,6.489165e-03,0.000000e+00,0.000000e+00,0.000000e+00,0.000000e+00,1.533803e-03,1.140520e-03,0.000000e+00,9.438786e-04,1.219176e-03,0.000000e+00,3.146262e-03,0.000000e+00,3.539545e-04,4.050812e-03,0.000000e+00,1.573131e-04,1.101192e-03,0.000000e+00,3.146262e-04,1.101192e-03,0.000000e+00,1.730444e-03,0.000000e+00,0.000000e+00,0.000000e+00,1.809101e-03,0.000000e+00,1.101192e-03,0.000000e+00,0.000000e+00,0.000000e+00,0.000000e+00,0.000000e+00,6.292524e-04,3.500216e-03,8.258937e-04,1.219176e-03,0.000000e+00,0.000000e+00,0.000000e+00,0.000000e+00,0.000000e+00,0.000000e+00,0.000000e+00,0.000000e+00,0.000000e+00,0.000000e+00,0.000000e+00,0.000000e+00,0.000000e+00,0.000000e+00,0.000000e+00,0.000000e+00,0.000000e+00,3.932827e-05,0.000000e+00,0.000000e+00,0.000000e+00,0.000000e+00,0.000000e+00,0.000000e+00,0.000000e+00,0.000000e+00,0.000000e+00,0.000000e+00,0.000000e+00,0.000000e+00,0.000000e+00,0.000000e+00,0.000000e+00,0.000000e+00,0.000000e+00,0.000000e+00,0.000000e+00,0.000000e+00,0.000000e+00,0.000000e+00,0.000000e+00,0.000000e+00,0.000000e+00,0.000000e+00,0.000000e+00,0.000000e+00,0.000000e+00,0.000000e+00,0.000000e+00,0.000000e+00,0.000000e+00,0.000000e+00,0.000000e+00,0.000000e+00,0.000000e+00,0.000000e+00,0.000000e+00,0.000000e+00
DO_T04_15.22.5_RNA,7.150773e-01,8.937854e-03,1.469843e-04,3.433459e-02,3.947770e-03,6.711612e-07,1.650251e-02,1.288811e-01,3.034186e-02,1.642331e-02,1.342322e-06,8.698249e-04,0.000000e+00,0.000000e+00,2.416852e-03,4.586045e-03,2.483296e-05,8.064002e-03,1.393331e-03,1.271850e-03,6.147837e-04,0.000000e+00,9.711703e-04,5.230359e-03,5.503522e-04,5.167941e-05,8.725096e-05,4.597454e-04,0.000000e+00,1.379907e-03,6.664631e-04,6.221664e-04,1.731596e-04,1.523536e-03,0.000000e+00,1.275206e-05,1.849049e-03,0.000000e+00,0.000000e+00,0.000000e+00,0.000000e+00,7.382773e-06,6.579393e-03,1.295341e-03,3.141034e-04,0.000000e+00,0.000000e+00,1.610787e-05,0.000000e+00,1.134262e-04,0.000000e+00,1.412794e-03,0.000000e+00,1.075871e-03,6.040451e-06,0.000000e+00,0.000000e+00,0.000000e+00,1.140974e-05,1.879251e-05,0.000000e+00,8.456631e-05,6.711612e-07,0.000000e+00,8.188167e-04,2.550413e-05,0.000000e+00,6.980077e-05,0.000000e+00,0.000000e+00,1.275206e-05,0.000000e+00,0.000000e+00,0.000000e+00,0.000000e+00,0.000000e+00,6.939807e-04,0.000000e+00,0.000000e+00,0.000000e+00,0.000000e+00,0.000000e+00,0.000000e+00,0.000000e+00,6.711612e-07,0.000000e+00,0.000000e+00,0.000000e+00,2.013484e-06,0.000000e+00,0.000000e+00,0.000000e+00,0.000000e+00,2.349064e-05,0.000000e+00,0.000000e+00,0.000000e+00,0.000000e+00,0.000000e+00,0.000000e+00,0.000000e+00,0.000000e+00,0.000000e+00,2.013484e-06,0.000000e+00,0.000000e+00,0.000000e+00,0.000000e+00,0.000000e+00,0.000000e+00,0.000000e+00,0.000000e+00,0.000000e+00,0.000000e+00,0.000000e+00,0.000000e+00,0.000000e+00,6.711612e-07,0.000000e+00,0.000000e+00,0.000000e+00,0.000000e+00,0.000000e+00,0.000000e+00,0.000000e+00,0.000000e+00,0.000000e+00,0.000000e+00,0.000000e+00
DO_T03_30.37.5_RNA,6.886252e-01,1.678077e-02,1.481977e-03,1.146661e-02,4.391042e-04,9.979642e-06,3.382101e-02,1.168816e-01,5.038721e-02,5.937887e-04,3.742366e-04,0.000000e+00,0.000000e+00,0.000000e+00,2.015888e-03,1.596743e-03,0.000000e+00,1.727975e-02,1.546844e-03,0.000000e+00,7.135444e-04,0.000000e+00,1.475989e-02,4.840126e-03,1.491956e-03,3.393078e-04,9.580456e-04,9.630354e-04,7.534629e-04,8.432797e-04,8.682288e-04,6.486767e-04,1.491956e-03,3.018842e-03,0.000000e+00,2.445012e-04,3.792264e-04,0.000000e+00,8.782085e-04,0.000000e+00,0.000000e+00,4.790228e-04,5.339108e-04,0.000000e+00,0.000000e+00,0.000000e+00,8.482695e-05,7.983713e-05,4.875055e-03,5.588599e-04,0.000000e+00,9.455710e-03,0.000000e+00,1.861203e-03,0.000000e+00,0.000000e+00,1.846234e-04,0.000000e+00,2.594707e-04,7.983713e-05,1.462017e-03,0.000000e+00,0.000000e+00,8.482695e-05,1.846234e-04,0.000000e+00,0.000000e+00,9.780049e-04,0.000000e+00,0.000000e+00,1.661610e-03,0.000000e+00,0.000000e+00,1.247455e-04,0.000000e+00,0.000000e+00,0.000000e+00,0.000000e+00,0.000000e+00,1.796335e-04,0.000000e+00,0.000000e+00,0.000000e+00,0.000000e+00,0.000000e+00,0.000000e+00,0.000000e+00,1.297353e-04,0.000000e+00,0.000000e+00,0.000000e+00,0.000000e+00,0.000000e+00,4.490839e-05,0.000000e+00,0.000000e+00,0.000000e+00,0.000000e+00,0.000000e+00,0.000000e+00,0.000000e+00,0.000000e+00,0.000000e+00,0.000000e+00,0.000000e+00,0.000000e+00,2.045827e-04,0.000000e+00,0.000000e+00,0.000000e+00,0.000000e+00,0.000000e+00,0.000000e+00,0.000000e+00,0.000000e+00,0.000000e+00,0.000000e+00,0.000000e+00,0.000000e+00,0.000000e+00,0.000000e+00,0.000000e+00,0.000000e+00,0.000000e+00,0.000000e+00,0.000000e+00,0.000000e+00,0.000000e+00,0.000000e+00
DO_T04_0.7.5_RNA,4.750375e-01,2.403718e-03,3.119516e-02,1.160379e-02,8.083301e-04,0.000000e+00,1.294923e-02,3.419342e-01,1.696430e-02,5.052063e-04,0.000000e+00,0.000000e+00,0.000000e+00,1.754927e-04,8.051393e-03,5.743398e-03,5.902937e-04,1.785771e-02,0.000000e+00,9.944587e-04,2.074005e-04,0.000000e+00,3.653439e-03,5.413684e-03,3.158869e-03,2.334585e-03,1.063592e-03,8.636368e-03,8.721456e-04,7.854628e-03,5.849757e-04,1.547527e-03,1.972963e-03,1.209836e-02,0.000000e+00,1.329490e-04,0.000000e+00,0.000000e+00,1.334808e-03,2.552621e-04,0.000000e+00,1.547527e-03,1.143362e-03,0.000000e+00,5.052063e-04,0.000000e+00,1.382670e-04,7.711043e-04,6.275194e-04,4.786165e-05,4.998883e-04,5.371140e-04,4.679806e-04,1.393306e-03,3.137597e-04,6.275194e-04,0.000000e+00,5.264781e-04,3.669393e-04,6.806990e-04,2.658980e-05,1.552845e-03,0.000000e+00,1.244403e-03,0.000000e+00,5.317961e-05,1.754927e-04,3.408813e-03,0.000000e+00,0.000000e+00,9.785048e-04,1.478393e-03,0.000000e+00,0.000000e+00,1.084864e-03,0.000000e+00,3.722573e-05,1.861286e-04,0.000000e+00,0.000000e+00,1.435849e-04,0.000000e+00,6.381553e-04,0.000000e+00,0.000000e+00,0.000000e+00,0.000000e+00,0.000000e+00,1.701747e-04,0.000000e+00,6.913349e-05,4.254369e-05,0.000000e+00,3.137597e-04,0.000000e+00,0.000000e+00,0.000000e+00,1.542209e-04,0.000000e+00,0.000000e+00,0.000000e+00,0.000000e+00,0.000000e+00,0.000000e+00,0.000000e+00,0.000000e+00,0.000000e+00,0.000000e+00,0.000000e+00,0.000000e+00,0.000000e+00,0.000000e+00,7.445145e-05,0.000000e+00,3.722573e-05,0.000000e+00,0.000000e+00,0.000000e+00,0.000000e+00,0.000000e+00,0.000000e+00,0.000000e+00,0.000000e+00,0.000000e+00,0.000000e+00,0.000000e+00,0.000000e+00,0.000000e+00,0.000000e+00
DO_T05_22.5.30_RNA,7.721289e-01,2.007153e-03,4.825943e-04,2.162680e-02,1.511397e-03,0.000000e+00,1.685680e-02,9.698390e-02,5.122519e-02,2.706915e-03,0.000000e+00,0.000000e+00,0.000000e+00,0.000000e+00,2.231998e-03,2.839628e-03,2.193610e-06,4.699810e-03,1.118741e-04,0.000000e+00,2.235289e-03,0.000000e+00,2.044445e-03,2.763949e-03,5.396281e-04,0.000000e+00,6.076300e-04,0.000000e+00,0.000000e+00,0.000000e+00,0.000000e+00,0.000000e+00,1.486171e-03,0.000000e+00,5.703387e-03,0.000000e+00,1.294230e-03,0.000000e+00,0.000000e+00,0.000000e+00,0.000000e+00,0.000000e+00,1.959991e-03,1.288746e-03,0.000000e+00,0.000000e+00,0.000000e+00,0.000000e+00,0.000000e+00,0.000000e+00,0.000000e+00,0.000000e+00,0.000000e+00,8.039582e-04,0.000000e+00,0.000000e+00,0.000000e+00,0.000000e+00,0.000000e+00,0.000000e+00,0.000000e+00,0.000000e+00,0.000000e+00,0.000000e+00,0.000000e+00,0.000000e+00,0.000000e+00,0.000000e+00,0.000000e+00,0.000000e+00,0.000000e+00,0.000000e+00,8.708633e-04,0.000000e+00,0.000000e+00,7.315690e-04,0.000000e+00,0.000000e+00,0.000000e+00,1.149452e-03,0.000000e+00,0.000000e+00,0.000000e+00,5.165952e-04,0.000000e+00,0.000000e+00,0.000000e+00,3.762042e-04,0.000000e+00,0.000000e+00,0.000000e+00,0.000000e+00,0.000000e+00,2.127802e-04,0.000000e+00,0.000000e+00,0.000000e+00,0.000000e+00,0.000000e+00,0.000000e+00,0.000000e+00,0.000000e+00,0.000000e+00,0.000000e+00,0.000000e+00,0.000000e+00,0.000000e+00,0.000000e+00,0.000000e+00,0.000000e+00,0.000000e+00,0.000000e+00,0.000000e+00,0.000000e+00,0.000000e+00,0.000000e+00,0.000000e+00,0.000000e+00,0.000000e+00,0.000000e+00,0.000000e+00,0.000000e+00,0.000000e+00,0.000000e+00,0.000000e+00,0.000000e+00,0.000000e+00,0.000000e+00,0.000000e+00
DO_T02_15.22.5_RNA,6.243264e-01,7.004108e-03,1.872868e-03,3.729026e-02,2.088700e-04,0.000000e+00,1.971733e-02,1.592912e-01,5.211307e-02,2.868482e-03,0.000000e+00,0.000000e+00,0.000000e+00,0.000000e+00,1.392467e-03,5.430620e-03,5.569867e-04,4.948131e-02,3.411544e-04,1.051312e-03,6.544594e-04,0.000000e+00,2.269721e-03,8.661143e-03,4.734387e-04,6.683840e-04,6.753464e-04,2.993804e-04,0.000000e+00,1.169672e-03,6.962334e-06,0.000000e+00,5.764812e-03,8.640256e-03,0.000000e+00,1.169672e-03,0.000000e+00,0.000000e+00,1.183597e-04,7.101580e-04,0.000000e+00,0.000000e+00,8.424424e-04,0.000000e+00,6.126854e-04,0.000000e+00,2.436817e-04,0.000000e+00,0.000000e+00,1.392467e-04,0.000000e+00,0.000000e+00,0.000000e+00,0.000000e+00,0.000000e+00,0.000000e+00,0.000000e+00,0.000000e+00,9.747267e-05,1.392467e-04,0.000000e+00,2.019077e-04,2.784934e-05,0.000000e+00,0.000000e+00,0.000000e+00,0.000000e+00,2.743160e-03,0.000000e+00,0.000000e+00,1.949453e-04,0.000000e+00,0.000000e+00,0.000000e+00,0.000000e+00,0.000000e+00,0.000000e+00,0.000000e+00,0.000000e+00,0.000000e+00,0.000000e+00,0.000000e+00,0.000000e+00,0.000000e+00,0.000000e+00,0.000000e+00,0.000000e+00,0.000000e+00,0.000000e+00,0.000000e+00,0.000000e+00,2.784934e-05,0.000000e+00,2.715310e-04,0.000000e+00,2.297570e-04,0.000000e+00,0.000000e+00,0.000000e+00,0.000000e+00,0.000000e+00,0.000000e+00,0.000000e+00,0.000000e+00,0.000000e+00,0.000000e+00,0.000000e+00,0.000000e+00,0.000000e+00,0.000000e+00,0.000000e+00,0.000000e+00,0.000000e+00,0.000000e+00,0.000000e+00,0.000000e+00,0.000000e+00,0.000000e+00,0.000000e+00,0.000000e+00,0.000000e+00,0.000000e+00,0.000000e+00,0.000000e+00,0.000000e+00,0.000000e+00,0.000000e+00,0.000000e+00,0.000000e+00
DO_T02_37.5.45_RNA,0.6931252076,0.0082154906,0.0004195144,0.1575276617,0.0027792830,0.0010662658,0.0156443916,0.0603401563,0.0181090388,0.0081630513,0.0000000000,0.0000000000,0.0000000000,0.0000000000,0.0012235837,0.0024296876,0.0009439074,0.0085301264,0.0000524393,0.0000000000,0.0007865895,0.0000000000,0.0017479767,0.0024296876,0.0000000000,0.0000000000,0.0025170865,0.0000000000,0.0000000000,0.0026744044,0.0003146358,0.0000000000,0.0000000000,0.0022898495,0.0021150518,0.0000000000,0.0038280690,0.0000000000,0.0000000000,0.0000000000,0.0000000000,0.0000000000,0.0004719537,0.0000000000,0.0000000000,0.0000000000,0.0000000000,0.0000000000,0.0000000000,0.0000000000,0.0000000000,0.0000000000,0.0006117919,0.0000000000,0.0000000000,0.0000000000,0.0000000000,0.0000000000,0.0000000000,0.0000000000,0.0000000000,0.0000000000,0.0000000000,0.0000000000,0.0005418728,0.0000000000,0.0000000000,0.0000000000,0.0000000000,0.0000000000,0.0000000000,0.0000000000,0.0000000000,0.0000000000,0.0000000000,0.0000000000,0.0000000000,0.0000000000,0.0000000000,0.0007691098,0.0003321156,0.0000000000,0.0000000000,0.0000000000,0.0000000000,0.0000000000,0.0000000000,0.0000000000,0.0000000000,0.0000000000,0.0000000000,0.0000000000,0.0000000000,0.0000000000,0.0000000000,0.0000000000,0.0000000000,0.0000000000,0.0000000000,0.0000000000,0.0000000000,0.0000000000,0.0000000000,0.0000000000,0.0000000000,0.0000000000,0.0000000000,0.0000000000,0.0000000000,0.0000000000,0.0000000000,0.0000000000,0.0000000000,0.0000000000,0.0000000000,0.0000000000,0.0000000000,0.0000000000,0.0000000000,0.0000000000,0.0000000000,0.0000000000,0.0000000000,0.0000000000,0.0000000000,0.0000000000,0.0000000000,0.0000000000,0.0000000000
DO_T05_0.7.5_DNA,3.432846e-01,4.886913e-03,3.397625e-02,6.736015e-03,1.064635e-03,0.000000e+00,7.244318e-03,4.552633e-01,6.059612e-03,4.442648e-04,0.000000e+00,0.000000e+00,0.000000e+00,0.000000e+00,3.541711e-02,8.413014e-03,6.643960e-04,4.598741e-03,0.000000e+00,2.721622e-04,8.004771e-06,0.000000e+00,4.326579e-03,1.028613e-03,6.924127e-03,2.393426e-03,3.818276e-03,5.059015e-03,1.000596e-04,1.059031e-02,6.255728e-03,8.785236e-03,2.137274e-03,2.845696e-03,0.000000e+00,5.603340e-05,0.000000e+00,0.000000e+00,3.562123e-04,3.922338e-04,0.000000e+00,3.297966e-03,8.425021e-03,0.000000e+00,5.123053e-04,0.000000e+00,6.003578e-05,1.160692e-04,3.506090e-03,2.121264e-04,7.484461e-04,3.642171e-04,1.681002e-04,8.565105e-04,1.160692e-03,1.484885e-03,0.000000e+00,1.000596e-04,3.682195e-04,4.554715e-03,0.000000e+00,6.403817e-04,0.000000e+00,5.043006e-04,0.000000e+00,6.003578e-05,5.243125e-04,3.041813e-04,0.000000e+00,5.923530e-04,7.764628e-04,6.563912e-04,0.000000e+00,1.068637e-03,0.000000e+00,2.401431e-05,2.081240e-04,9.205486e-05,9.205486e-04,0.000000e+00,4.402624e-04,0.000000e+00,4.402624e-04,0.000000e+00,1.200716e-04,0.000000e+00,5.803459e-04,0.000000e+00,0.000000e+00,4.002385e-05,3.081837e-04,0.000000e+00,5.723411e-04,1.296773e-03,0.000000e+00,0.000000e+00,0.000000e+00,0.000000e+00,2.681598e-04,0.000000e+00,0.000000e+00,6.003578e-05,0.000000e+00,0.000000e+00,1.080644e-04,0.000000e+00,0.000000e+00,0.000000e+00,0.000000e+00,0.000000e+00,5.603340e-05,0.000000e+00,0.000000e+00,0.000000e+00,0.000000e+00,0.000000e+00,0.000000e+00,0.000000e+00,0.000000e+00,0.000000e+00,0.000000e+00,0.000000e+00,0.000000e+00,0.000000e+00,0.000000e+00,0.000000e+00,0.000000e+00,0.000000e+00,0.000000e+00
DO_T07_15.22.5_DNA,7.315025e-01,1.835859e-02,2.191689e-03,8.539932e-03,1.401207e-02,3.118833e-05,4.122247e-02,8.620455e-02,5.537630e-02,4.734956e-04,3.685894e-05,0.000000e+00,2.835303e-06,0.000000e+00,1.349604e-03,3.895706e-03,2.381654e-04,3.779459e-03,1.786241e-04,3.884365e-04,1.281840e-02,0.000000e+00,7.816930e-03,4.703768e-03,3.317304e-04,0.000000e+00,4.593191e-04,2.750244e-04,6.237666e-05,1.162474e-04,1.984712e-05,2.665185e-04,1.956359e-04,6.974845e-04,1.701182e-05,0.000000e+00,0.000000e+00,0.000000e+00,7.059904e-04,1.417651e-05,0.000000e+00,1.134121e-05,3.742600e-04,0.000000e+00,1.701182e-05,0.000000e+00,0.000000e+00,0.000000e+00,0.000000e+00,2.401502e-03,0.000000e+00,0.000000e+00,2.835303e-05,0.000000e+00,0.000000e+00,4.820015e-05,0.000000e+00,0.000000e+00,1.984712e-05,2.835303e-05,4.111189e-04,0.000000e+00,0.000000e+00,0.000000e+00,0.000000e+00,3.685894e-05,0.000000e+00,7.371788e-05,0.000000e+00,0.000000e+00,0.000000e+00,0.000000e+00,0.000000e+00,0.000000e+00,0.000000e+00,0.000000e+00,0.000000e+00,0.000000e+00,0.000000e+00,0.000000e+00,0.000000e+00,0.000000e+00,0.000000e+00,0.000000e+00,0.000000e+00,7.938848e-05,0.000000e+00,0.000000e+00,0.000000e+00,0.000000e+00,0.000000e+00,0.000000e+00,0.000000e+00,1.304239e-04,0.000000e+00,0.000000e+00,2.268242e-05,0.000000e+00,0.000000e+00,0.000000e+00,0.000000e+00,0.000000e+00,0.000000e+00,0.000000e+00,0.000000e+00,0.000000e+00,0.000000e+00,0.000000e+00,0.000000e+00,0.000000e+00,0.000000e+00,0.000000e+00,0.000000e+00,0.000000e+00,0.000000e+00,3.402364e-05,0.000000e+00,0.000000e+00,0.000000e+00,0.000000e+00,0.000000e+00,0.000000e+00,0.000000e+00,0.000000e+00,0.000000e+00,0.000000e+00,0.000000e+00,0.000000e+00,0.000000e+00
DO_T07_0.7.5_DNA,5.404061e-01,2.181035e-03,9.308084e-03,1.574900e-02,6.116824e-03,0.000000e+00,5.021927e-03,3.114033e-01,4.147469e-02,1.547454e-04,0.000000e+00,0.000000e+00,0.000000e+00,6.423395e-05,8.435086e-03,7.471576e-03,3.967906e-03,5.813173e-03,0.000000e+00,1.635046e-03,6.306606e-04,0.000000e+00,3.296370e-03,3.182500e-03,1.226285e-03,1.708039e-03,3.310968e-03,2.201473e-03,1.722638e-04,4.081776e-03,3.436516e-03,1.051101e-03,8.963556e-04,2.864250e-03,0.000000e+00,2.510964e-04,0.000000e+00,3.445276e-04,2.510964e-04,2.423372e-04,0.000000e+00,8.204427e-04,8.058441e-04,0.000000e+00,4.963533e-04,0.000000e+00,3.036514e-04,8.759175e-05,3.532867e-04,1.167890e-05,5.255505e-04,6.423395e-05,5.605872e-04,2.335780e-05,6.394198e-04,3.153303e-04,0.000000e+00,5.226308e-04,5.547478e-04,1.842347e-03,1.459863e-05,2.277386e-04,0.000000e+00,2.073005e-04,0.000000e+00,0.000000e+00,4.642363e-04,6.306606e-04,6.919748e-04,1.343074e-04,0.000000e+00,0.000000e+00,0.000000e+00,7.299313e-05,0.000000e+00,0.000000e+00,4.087615e-05,2.218991e-04,3.795643e-05,0.000000e+00,1.080298e-04,0.000000e+00,0.000000e+00,0.000000e+00,3.503670e-05,0.000000e+00,0.000000e+00,0.000000e+00,2.627753e-05,0.000000e+00,1.051101e-04,0.000000e+00,0.000000e+00,2.627753e-04,0.000000e+00,0.000000e+00,0.000000e+00,0.000000e+00,0.000000e+00,0.000000e+00,0.000000e+00,0.000000e+00,0.000000e+00,0.000000e+00,3.795643e-05,2.919725e-05,0.000000e+00,0.000000e+00,1.138693e-04,1.080298e-04,0.000000e+00,1.518257e-04,0.000000e+00,0.000000e+00,0.000000e+00,0.000000e+00,0.000000e+00,0.000000e+00,0.000000e+00,0.000000e+00,0.000000e+00,0.000000e+00,0.000000e+00,0.000000e+00,0.000000e+00,0.000000e+00,0.000000e+00,0.000000e+00,0.000000e+00
DO_T02_22.5.30_DNA,6.544777e-01,3.123233e-02,6.380211e-03,3.905333e-02,4.638495e-03,0.000000e+00,2.037777e-02,1.294158e-01,5.770458e-02,1.682442e-02,0.000000e+00,0.000000e+00,0.000000e+00,0.000000e+00,2.878542e-03,4.374046e-03,3.708364e-04,1.383646e-02,2.206781e-03,2.978850e-04,6.231268e-04,0.000000e+00,4.802636e-04,2.437794e-03,1.103390e-03,6.352854e-04,9.331704e-04,2.918057e-04,0.000000e+00,1.088192e-03,6.079286e-06,0.000000e+00,6.991179e-04,1.474227e-03,0.000000e+00,6.200872e-04,0.000000e+00,0.000000e+00,0.000000e+00,0.000000e+00,0.000000e+00,0.000000e+00,2.911978e-03,0.000000e+00,4.863429e-04,0.000000e+00,9.118929e-06,2.857264e-04,0.000000e+00,2.431714e-05,0.000000e+00,2.127750e-05,0.000000e+00,0.000000e+00,0.000000e+00,0.000000e+00,0.000000e+00,3.951536e-05,3.343607e-05,1.185461e-04,0.000000e+00,0.000000e+00,0.000000e+00,0.000000e+00,0.000000e+00,0.000000e+00,0.000000e+00,3.617175e-04,0.000000e+00,0.000000e+00,3.039643e-05,0.000000e+00,0.000000e+00,0.000000e+00,0.000000e+00,0.000000e+00,0.000000e+00,0.000000e+00,0.000000e+00,0.000000e+00,0.000000e+00,0.000000e+00,0.000000e+00,0.000000e+00,0.000000e+00,6.991179e-05,0.000000e+00,0.000000e+00,0.000000e+00,0.000000e+00,0.000000e+00,6.079286e-06,0.000000e+00,7.781486e-04,0.000000e+00,0.000000e+00,0.000000e+00,0.000000e+00,0.000000e+00,9.118929e-05,0.000000e+00,0.000000e+00,0.000000e+00,1.823786e-04,0.000000e+00,0.000000e+00,8.814965e-05,0.000000e+00,0.000000e+00,0.000000e+00,0.000000e+00,0.000000e+00,0.000000e+00,0.000000e+00,0.000000e+00,0.000000e+00,0.000000e+00,0.000000e+00,0.000000e+00,0.000000e+00,0.000000e+00,0.000000e+00,0.000000e+00,0.000000e+00,0.000000e+00,0.000000e+00,0.000000e+00,0.000000e+00,0.000000e+00
DO_T03_37.5.45_DNA,7.533784e-01,1.395660e-02,1.610518e-04,6.681088e-02,3.074626e-04,0.000000e+00,2.100262e-02,3.517884e-02,5.988931e-02,9.341005e-03,0.000000e+00,0.000000e+00,0.000000e+00,0.000000e+00,7.503550e-04,9.955930e-04,0.000000e+00,4.289835e-03,4.136103e-04,0.000000e+00,1.451662e-02,0.000000e+00,4.696125e-03,1.200568e-03,3.989693e-04,1.098081e-05,2.086353e-04,1.354299e-04,4.758349e-05,0.000000e+00,1.830134e-05,4.026295e-05,5.124376e-05,5.234184e-04,9.776577e-03,3.660269e-05,0.000000e+00,0.000000e+00,8.418618e-05,0.000000e+00,0.000000e+00,0.000000e+00,7.832975e-04,0.000000e+00,0.000000e+00,3.038023e-04,0.000000e+00,0.000000e+00,0.000000e+00,2.049750e-04,0.000000e+00,0.000000e+00,3.294242e-05,0.000000e+00,0.000000e+00,0.000000e+00,0.000000e+00,0.000000e+00,0.000000e+00,0.000000e+00,5.124376e-05,0.000000e+00,0.000000e+00,0.000000e+00,0.000000e+00,0.000000e+00,0.000000e+00,2.818407e-04,0.000000e+00,0.000000e+00,0.000000e+00,0.000000e+00,0.000000e+00,0.000000e+00,0.000000e+00,0.000000e+00,0.000000e+00,0.000000e+00,0.000000e+00,0.000000e+00,0.000000e+00,0.000000e+00,0.000000e+00,0.000000e+00,0.000000e+00,0.000000e+00,0.000000e+00,0.000000e+00,0.000000e+00,0.000000e+00,0.000000e+00,0.000000e+00,0.000000e+00,1.134683e-04,0.000000e+00,0.000000e+00,0.000000e+00,0.000000e+00,0.000000e+00,0.000000e+00,0.000000e+00,0.000000e+00,0.000000e+00,7.320537e-06,0.000000e+00,0.000000e+00,0.000000e+00,0.000000e+00,0.000000e+00,0.000000e+00,0.000000e+00,0.000000e+00,0.000000e+00,0.000000e+00,0.000000e+00,0.000000e+00,0.000000e+00,0.000000e+00,0.000000e+00,0.000000e+00,0.000000e+00,0.000000e+00,0.000000e+00,0.000000e+00,0.000000e+00,0.000000e+00,0.000000e+00,0.000000e+00,0.000000e+00
DO_T02_0.7.5_DNA,5.028987e-01,9.309113e-03,1.970385e-02,1.809519e-02,4.878713e-04,0.000000e+00,9.629965e-03,2.889033e-01,3.555747e-02,1.415266e-03,0.000000e+00,0.000000e+00,0.000000e+00,0.000000e+00,4.702904e-03,1.121225e-02,9.229998e-05,1.505369e-02,0.000000e+00,2.241571e-04,3.779904e-04,0.000000e+00,7.867475e-03,3.384333e-03,1.907533e-03,6.021475e-03,5.010571e-03,5.828085e-03,1.714143e-04,1.120786e-02,2.276733e-03,4.219428e-04,1.489985e-03,3.705185e-03,3.955714e-05,1.098809e-03,0.000000e+00,0.000000e+00,1.208690e-03,1.327362e-03,0.000000e+00,3.032714e-04,4.184266e-03,0.000000e+00,5.581951e-04,0.000000e+00,1.692166e-03,2.593190e-04,9.229998e-05,1.002114e-03,5.450094e-04,4.922666e-04,0.000000e+00,1.331757e-03,2.812952e-04,0.000000e+00,0.000000e+00,6.856570e-04,3.459052e-03,1.217481e-03,0.000000e+00,1.670190e-03,3.648047e-03,2.637142e-04,0.000000e+00,0.000000e+00,0.000000e+00,1.608657e-03,4.966618e-04,1.758095e-04,1.977857e-04,0.000000e+00,0.000000e+00,7.911427e-05,0.000000e+00,0.000000e+00,0.000000e+00,0.000000e+00,4.922666e-04,1.626238e-04,0.000000e+00,1.138366e-03,5.274285e-04,0.000000e+00,9.229998e-05,0.000000e+00,0.000000e+00,0.000000e+00,3.076666e-05,3.823856e-04,6.592856e-05,0.000000e+00,1.142762e-04,3.604095e-04,3.999666e-04,1.054857e-04,0.000000e+00,8.350951e-05,1.758095e-05,3.076666e-04,3.120618e-04,0.000000e+00,1.230666e-04,9.669522e-05,0.000000e+00,2.197619e-05,0.000000e+00,0.000000e+00,0.000000e+00,0.000000e+00,0.000000e+00,0.000000e+00,0.000000e+00,0.000000e+00,0.000000e+00,3.516190e-05,8.350951e-05,4.834761e-05,2.637142e-05,5.274285e-05,0.000000e+00,2.637142e-05,0.000000e+00,0.000000e+00,0.000000e+00,0.000000e+00,1.758095e-05,0.000000e+00,0.000000e+00
DO_T04_7.5.15_DNA,6.630568e-01,9.207210e-03,3.741552e-03,2.447873e-02,1.409218e-02,0.000000e+00,1.330196e-02,1.323911e-01,8.861191e-02,2.095269e-04,0.000000e+00,0.000000e+00,0.000000e+00,0.000000e+00,4.801159e-03,2.789701e-03,2.634052e-04,1.398442e-02,1.616350e-04,1.227229e-03,3.430254e-03,0.000000e+00,1.921661e-03,7.698617e-03,5.866753e-04,8.979724e-05,7.483103e-04,4.070808e-04,0.000000e+00,1.191310e-03,3.891214e-04,3.591890e-04,5.028645e-04,1.873769e-03,0.000000e+00,5.327969e-04,0.000000e+00,0.000000e+00,8.979724e-05,0.000000e+00,0.000000e+00,0.000000e+00,8.859994e-04,0.000000e+00,3.142903e-03,0.000000e+00,0.000000e+00,2.933376e-04,0.000000e+00,1.795945e-05,0.000000e+00,0.000000e+00,1.730093e-03,0.000000e+00,0.000000e+00,0.000000e+00,0.000000e+00,1.795945e-04,0.000000e+00,2.574187e-04,0.000000e+00,0.000000e+00,0.000000e+00,0.000000e+00,0.000000e+00,0.000000e+00,0.000000e+00,2.035404e-04,0.000000e+00,0.000000e+00,8.979724e-05,0.000000e+00,0.000000e+00,0.000000e+00,0.000000e+00,0.000000e+00,0.000000e+00,0.000000e+00,0.000000e+00,0.000000e+00,0.000000e+00,0.000000e+00,0.000000e+00,0.000000e+00,0.000000e+00,0.000000e+00,0.000000e+00,0.000000e+00,0.000000e+00,0.000000e+00,0.000000e+00,5.747023e-04,0.000000e+00,3.053106e-04,0.000000e+00,0.000000e+00,1.197297e-05,0.000000e+00,0.000000e+00,0.000000e+00,0.000000e+00,0.000000e+00,0.000000e+00,0.000000e+00,0.000000e+00,1.496621e-04,0.000000e+00,0.000000e+00,0.000000e+00,0.000000e+00,0.000000e+00,0.000000e+00,0.000000e+00,0.000000e+00,1.795945e-05,0.000000e+00,0.000000e+00,0.000000e+00,0.000000e+00,0.000000e+00,0.000000e+00,0.000000e+00,0.000000e+00,0.000000e+00,0.000000e+00,0.000000e+00,0.000000e+00,0.000000e+00,0.000000e+00
DO_T06_22.5.30_DNA,7.381594e-01,5.299941e-02,2.500156e-04,6.086318e-03,5.781611e-03,2.058722e-03,1.667292e-02,9.303706e-02,1.401650e-02,3.849069e-02,1.953247e-03,7.812988e-04,7.109819e-04,1.250078e-03,2.312645e-03,5.930058e-03,1.562598e-04,1.035221e-02,8.672417e-04,3.047065e-04,8.984937e-05,4.726858e-04,9.297456e-04,6.484780e-04,3.906494e-04,3.906494e-05,7.617664e-04,0.000000e+00,0.000000e+00,1.953247e-05,2.734546e-05,0.000000e+00,3.593975e-04,2.070442e-04,1.171948e-05,3.515845e-05,0.000000e+00,0.000000e+00,0.000000e+00,0.000000e+00,0.000000e+00,0.000000e+00,3.105663e-03,0.000000e+00,0.000000e+00,0.000000e+00,0.000000e+00,0.000000e+00,0.000000e+00,4.297144e-05,0.000000e+00,0.000000e+00,0.000000e+00,0.000000e+00,0.000000e+00,0.000000e+00,0.000000e+00,0.000000e+00,0.000000e+00,1.953247e-05,0.000000e+00,2.343896e-05,0.000000e+00,0.000000e+00,0.000000e+00,1.836052e-04,0.000000e+00,7.812988e-05,0.000000e+00,0.000000e+00,0.000000e+00,0.000000e+00,0.000000e+00,0.000000e+00,0.000000e+00,0.000000e+00,0.000000e+00,0.000000e+00,0.000000e+00,0.000000e+00,0.000000e+00,0.000000e+00,0.000000e+00,0.000000e+00,0.000000e+00,6.250391e-05,0.000000e+00,0.000000e+00,0.000000e+00,0.000000e+00,0.000000e+00,0.000000e+00,0.000000e+00,2.539221e-04,0.000000e+00,0.000000e+00,0.000000e+00,0.000000e+00,0.000000e+00,0.000000e+00,0.000000e+00,0.000000e+00,0.000000e+00,4.297144e-05,0.000000e+00,0.000000e+00,0.000000e+00,2.343896e-05,0.000000e+00,0.000000e+00,0.000000e+00,0.000000e+00,0.000000e+00,0.000000e+00,0.000000e+00,0.000000e+00,0.000000e+00,0.000000e+00,0.000000e+00,0.000000e+00,0.000000e+00,0.000000e+00,0.000000e+00,0.000000e+00,0.000000e+00,0.000000e+00,0.000000e+00,0.000000e+00,0.000000e+00
DO_T02_30.37.5_DNA,6.858297e-01,1.702621e-02,1.398013e-03,1.021118e-01,3.618164e-03,0.000000e+00,1.308222e-02,9.417835e-02,3.360157e-02,1.845453e-02,0.000000e+00,0.000000e+00,0.000000e+00,0.000000e+00,1.201003e-03,2.462625e-03,2.803604e-04,1.311253e-02,2.091337e-03,4.091746e-04,2.007986e-04,0.000000e+00,2.500511e-04,1.272988e-03,5.758754e-04,3.258242e-04,7.349988e-04,0.000000e+00,0.000000e+00,1.780667e-04,2.273192e-05,0.000000e+00,3.296129e-04,2.163321e-03,0.000000e+00,6.061846e-05,0.000000e+00,0.000000e+00,0.000000e+00,0.000000e+00,0.000000e+00,0.000000e+00,3.701515e-03,0.000000e+00,4.546384e-05,0.000000e+00,0.000000e+00,0.000000e+00,0.000000e+00,1.515461e-05,0.000000e+00,0.000000e+00,0.000000e+00,0.000000e+00,0.000000e+00,0.000000e+00,0.000000e+00,0.000000e+00,3.788654e-06,1.515461e-05,0.000000e+00,0.000000e+00,0.000000e+00,0.000000e+00,0.000000e+00,7.577307e-06,0.000000e+00,1.553348e-04,0.000000e+00,0.000000e+00,0.000000e+00,0.000000e+00,0.000000e+00,0.000000e+00,0.000000e+00,0.000000e+00,0.000000e+00,0.000000e+00,0.000000e+00,0.000000e+00,0.000000e+00,6.440711e-05,0.000000e+00,0.000000e+00,0.000000e+00,5.304115e-05,0.000000e+00,0.000000e+00,0.000000e+00,0.000000e+00,0.000000e+00,0.000000e+00,0.000000e+00,5.948186e-04,0.000000e+00,0.000000e+00,0.000000e+00,0.000000e+00,0.000000e+00,0.000000e+00,0.000000e+00,0.000000e+00,0.000000e+00,3.712881e-04,0.000000e+00,0.000000e+00,0.000000e+00,0.000000e+00,0.000000e+00,0.000000e+00,0.000000e+00,0.000000e+00,0.000000e+00,0.000000e+00,0.000000e+00,0.000000e+00,0.000000e+00,0.000000e+00,0.000000e+00,0.000000e+00,0.000000e+00,0.000000e+00,0.000000e+00,0.000000e+00,0.000000e+00,0.000000e+00,0.000000e+00,0.000000e+00,0.000000e+00
DO_T06_0.7.5_DNA,5.114607e-01,5.194637e-03,5.083709e-02,9.263768e-03,2.029155e-03,8.657728e-05,8.928282e-03,3.000660e-01,2.580003e-02,8.441284e-04,7.575512e-05,1.190438e-04,1.190438e-04,5.952188e-05,1.093579e-02,8.949926e-03,1.336537e-03,4.269342e-03,1.028105e-04,1.201260e-03,5.519301e-04,0.000000e+00,7.791955e-04,6.633984e-03,1.304070e-03,8.614439e-03,1.103860e-03,4.989016e-03,0.000000e+00,1.134703e-02,3.787756e-04,6.006298e-04,1.780245e-03,2.207721e-03,1.082216e-05,1.845178e-03,0.000000e+00,0.000000e+00,6.493296e-05,5.411080e-04,0.000000e+00,5.411080e-04,1.942578e-03,0.000000e+00,4.198998e-03,0.000000e+00,0.000000e+00,5.411080e-04,2.921983e-04,1.731546e-04,1.082216e-04,0.000000e+00,1.515102e-04,3.463091e-04,3.787756e-04,5.356969e-04,0.000000e+00,5.411080e-05,3.679534e-04,1.639557e-03,3.787756e-05,5.573412e-04,0.000000e+00,4.328864e-05,0.000000e+00,0.000000e+00,1.515102e-04,1.287837e-03,0.000000e+00,4.707639e-04,2.326764e-04,0.000000e+00,0.000000e+00,1.839767e-04,5.411080e-04,0.000000e+00,2.164432e-05,1.028105e-04,0.000000e+00,0.000000e+00,0.000000e+00,0.000000e+00,0.000000e+00,0.000000e+00,0.000000e+00,0.000000e+00,0.000000e+00,0.000000e+00,0.000000e+00,1.082216e-04,1.515102e-04,0.000000e+00,0.000000e+00,3.517202e-04,0.000000e+00,0.000000e+00,0.000000e+00,0.000000e+00,0.000000e+00,0.000000e+00,0.000000e+00,0.000000e+00,0.000000e+00,0.000000e+00,0.000000e+00,5.411080e-05,0.000000e+00,0.000000e+00,0.000000e+00,0.000000e+00,0.000000e+00,0.000000e+00,0.000000e+00,0.000000e+00,0.000000e+00,0.000000e+00,0.000000e+00,0.000000e+00,0.000000e+00,0.000000e+00,0.000000e+00,0.000000e+00,0.000000e+00,0.000000e+00,0.000000e+00,0.000000e+00,0.000000e+00,0.000000e+00,0.000000e+00
DO_T03_22.5.30_DNA,7.375147e-01,6.982681e-03,3.739736e-03,2.238322e-02,7.727869e-04,0.000000e+00,1.377217e-02,8.518595e-02,8.662113e-02,1.711171e-03,0.000000e+00,0.000000e+00,0.000000e+00,0.000000e+00,1.421376e-03,5.464707e-03,4.967916e-04,4.181329e-03,4.001932e-04,8.417857e-04,6.485890e-04,0.000000e+00,3.960533e-03,2.870351e-03,6.623887e-04,0.000000e+00,2.401159e-03,6.485890e-04,1.359277e-02,0.000000e+00,7.727869e-04,0.000000e+00,1.379977e-04,6.071897e-04,0.000000e+00,7.175878e-04,0.000000e+00,0.000000e+00,0.000000e+00,0.000000e+00,0.000000e+00,0.000000e+00,6.623887e-04,0.000000e+00,3.035948e-04,0.000000e+00,0.000000e+00,0.000000e+00,0.000000e+00,8.279859e-05,0.000000e+00,0.000000e+00,3.311944e-04,0.000000e+00,0.000000e+00,0.000000e+00,0.000000e+00,0.000000e+00,0.000000e+00,0.000000e+00,0.000000e+00,0.000000e+00,0.000000e+00,0.000000e+00,0.000000e+00,0.000000e+00,0.000000e+00,4.139930e-05,0.000000e+00,0.000000e+00,0.000000e+00,0.000000e+00,0.000000e+00,0.000000e+00,0.000000e+00,0.000000e+00,0.000000e+00,0.000000e+00,0.000000e+00,0.000000e+00,0.000000e+00,0.000000e+00,0.000000e+00,0.000000e+00,0.000000e+00,0.000000e+00,0.000000e+00,0.000000e+00,0.000000e+00,0.000000e+00,0.000000e+00,0.000000e+00,0.000000e+00,6.899883e-05,0.000000e+00,0.000000e+00,0.000000e+00,0.000000e+00,0.000000e+00,0.000000e+00,0.000000e+00,0.000000e+00,0.000000e+00,0.000000e+00,0.000000e+00,0.000000e+00,0.000000e+00,0.000000e+00,0.000000e+00,0.000000e+00,0.000000e+00,0.000000e+00,0.000000e+00,0.000000e+00,0.000000e+00,0.000000e+00,0.000000e+00,0.000000e+00,0.000000e+00,0.000000e+00,0.000000e+00,0.000000e+00,0.000000e+00,0.000000e+00,0.000000e+00,0.000000e+00,0.000000e+00,0.000000e+00,0.000000e+00
DO_T04_30.37.5_DNA,7.860131e-01,7.312551e-03,2.274403e-04,1.732682e-02,7.167817e-04,0.000000e+00,3.798254e-02,6.462751e-02,1.432874e-02,5.482001e-02,0.000000e+00,0.000000e+00,0.000000e+00,0.000000e+00,7.719187e-04,3.239302e-04,0.000000e+00,2.529412e-03,8.201636e-04,2.067639e-04,2.619010e-04,0.000000e+00,2.681039e-03,7.925951e-04,2.067639e-04,2.274403e-04,5.858312e-04,8.959771e-05,0.000000e+00,2.756853e-05,0.000000e+00,0.000000e+00,4.824492e-05,2.481167e-04,9.993590e-04,1.378426e-05,0.000000e+00,0.000000e+00,0.000000e+00,0.000000e+00,0.000000e+00,0.000000e+00,7.994872e-04,0.000000e+00,0.000000e+00,3.687290e-03,0.000000e+00,0.000000e+00,0.000000e+00,8.615164e-04,0.000000e+00,0.000000e+00,5.513705e-05,2.756853e-05,0.000000e+00,0.000000e+00,0.000000e+00,0.000000e+00,0.000000e+00,0.000000e+00,0.000000e+00,0.000000e+00,0.000000e+00,0.000000e+00,0.000000e+00,0.000000e+00,0.000000e+00,5.513705e-05,0.000000e+00,0.000000e+00,0.000000e+00,2.756853e-05,0.000000e+00,0.000000e+00,0.000000e+00,0.000000e+00,0.000000e+00,0.000000e+00,0.000000e+00,0.000000e+00,0.000000e+00,0.000000e+00,0.000000e+00,0.000000e+00,1.102741e-04,1.033820e-04,0.000000e+00,0.000000e+00,0.000000e+00,0.000000e+00,0.000000e+00,0.000000e+00,0.000000e+00,7.581344e-05,0.000000e+00,0.000000e+00,0.000000e+00,0.000000e+00,0.000000e+00,0.000000e+00,0.000000e+00,0.000000e+00,0.000000e+00,6.892131e-06,0.000000e+00,0.000000e+00,0.000000e+00,0.000000e+00,0.000000e+00,0.000000e+00,0.000000e+00,0.000000e+00,0.000000e+00,0.000000e+00,0.000000e+00,0.000000e+00,0.000000e+00,0.000000e+00,0.000000e+00,0.000000e+00,0.000000e+00,0.000000e+00,0.000000e+00,0.000000e+00,0.000000e+00,0.000000e+00,0.000000e+00,0.000000e+00,0.000000e+00
DO_T05_7.5.15_DNA,6.022286e-01,4.773602e-03,1.549269e-03,1.260602e-02,1.648581e-03,0.000000e+00,5.091400e-03,2.497898e-01,2.990618e-02,1.986242e-04,0.000000e+00,0.000000e+00,0.000000e+00,0.000000e+00,3.299810e-02,6.713498e-03,3.436199e-03,2.456319e-03,0.000000e+00,4.435940e-04,0.000000e+00,0.000000e+00,4.700773e-04,4.038692e-04,3.853309e-03,5.296645e-05,4.217454e-03,1.363886e-03,4.634565e-05,5.561477e-04,9.010918e-03,5.349612e-03,6.554598e-04,3.158125e-03,1.986242e-05,1.456577e-04,0.000000e+00,4.336628e-03,1.059329e-04,0.000000e+00,0.000000e+00,1.820722e-03,4.131383e-03,0.000000e+00,2.846947e-04,0.000000e+00,0.000000e+00,0.000000e+00,3.310403e-05,0.000000e+00,0.000000e+00,0.000000e+00,6.885639e-04,0.000000e+00,1.390369e-04,0.000000e+00,0.000000e+00,0.000000e+00,5.958726e-05,2.496044e-03,0.000000e+00,0.000000e+00,0.000000e+00,7.746344e-04,0.000000e+00,0.000000e+00,5.296645e-05,2.184866e-04,0.000000e+00,0.000000e+00,4.700773e-04,0.000000e+00,0.000000e+00,7.944968e-05,0.000000e+00,0.000000e+00,1.986242e-05,7.944968e-05,6.620807e-05,0.000000e+00,3.509027e-04,0.000000e+00,0.000000e+00,0.000000e+00,0.000000e+00,0.000000e+00,0.000000e+00,0.000000e+00,0.000000e+00,0.000000e+00,0.000000e+00,0.000000e+00,5.296645e-05,5.760102e-04,0.000000e+00,0.000000e+00,0.000000e+00,0.000000e+00,1.986242e-05,0.000000e+00,0.000000e+00,0.000000e+00,0.000000e+00,0.000000e+00,0.000000e+00,0.000000e+00,0.000000e+00,0.000000e+00,0.000000e+00,0.000000e+00,0.000000e+00,0.000000e+00,0.000000e+00,0.000000e+00,0.000000e+00,0.000000e+00,0.000000e+00,0.000000e+00,0.000000e+00,0.000000e+00,0.000000e+00,0.000000e+00,0.000000e+00,0.000000e+00,0.000000e+00,0.000000e+00,0.000000e+00,0.000000e+00,0.000000e+00
DO_T04_22.5.30_DNA,7.753090e-01,1.342838e-02,9.425164e-05,5.697264e-02,5.669980e-03,0.000000e+00,2.873187e-02,5.449729e-02,3.402484e-02,1.023374e-02,0.000000e+00,0.000000e+00,0.000000e+00,0.000000e+00,2.941643e-03,1.478263e-03,0.000000e+00,3.348414e-03,4.613370e-04,6.895252e-04,1.666766e-03,0.000000e+00,1.498105e-03,1.716372e-03,8.333829e-04,9.425164e-05,9.673195e-04,3.621247e-04,4.464551e-05,4.464551e-05,0.000000e+00,2.033851e-04,1.091335e-04,7.887374e-04,2.976368e-05,1.984245e-05,0.000000e+00,0.000000e+00,0.000000e+00,0.000000e+00,0.000000e+00,0.000000e+00,1.567554e-03,0.000000e+00,7.440919e-05,1.503066e-03,0.000000e+00,0.000000e+00,0.000000e+00,9.921225e-05,0.000000e+00,0.000000e+00,0.000000e+00,0.000000e+00,0.000000e+00,0.000000e+00,0.000000e+00,0.000000e+00,4.960613e-06,0.000000e+00,2.480306e-05,5.456674e-05,0.000000e+00,0.000000e+00,0.000000e+00,0.000000e+00,0.000000e+00,5.456674e-05,0.000000e+00,0.000000e+00,0.000000e+00,0.000000e+00,0.000000e+00,0.000000e+00,0.000000e+00,0.000000e+00,0.000000e+00,0.000000e+00,0.000000e+00,0.000000e+00,0.000000e+00,0.000000e+00,0.000000e+00,0.000000e+00,3.968490e-05,7.936980e-05,0.000000e+00,0.000000e+00,0.000000e+00,0.000000e+00,0.000000e+00,0.000000e+00,0.000000e+00,2.133063e-04,0.000000e+00,0.000000e+00,0.000000e+00,0.000000e+00,0.000000e+00,0.000000e+00,0.000000e+00,9.921225e-06,0.000000e+00,1.488184e-05,0.000000e+00,0.000000e+00,0.000000e+00,0.000000e+00,0.000000e+00,0.000000e+00,0.000000e+00,0.000000e+00,0.000000e+00,0.000000e+00,0.000000e+00,0.000000e+00,0.000000e+00,0.000000e+00,0.000000e+00,0.000000e+00,0.000000e+00,0.000000e+00,0.000000e+00,0.000000e+00,0.000000e+00,0.000000e+00,0.000000e+00,0.000000e+00,0.000000e+00
DO_T06_30.37.5_DNA,7.471468e-01,4.131444e-02,1.938708e-04,1.779050e-02,1.374772e-02,0.000000e+00,2.193877e-02,8.336161e-02,1.089953e-02,3.412982e-02,0.000000e+00,0.000000e+00,0.000000e+00,0.000000e+00,4.273711e-03,2.813978e-03,3.421250e-05,1.197152e-02,2.121175e-03,5.588042e-04,2.765510e-04,0.000000e+00,9.836094e-04,4.732729e-04,4.504646e-04,0.000000e+00,4.846771e-04,1.995729e-05,0.000000e+00,8.838229e-05,0.000000e+00,0.000000e+00,2.252323e-04,3.335719e-04,5.131875e-05,3.991458e-05,0.000000e+00,0.000000e+00,0.000000e+00,0.000000e+00,0.000000e+00,0.000000e+00,2.925169e-03,0.000000e+00,0.000000e+00,0.000000e+00,0.000000e+00,0.000000e+00,0.000000e+00,2.737000e-04,0.000000e+00,0.000000e+00,0.000000e+00,1.425521e-05,0.000000e+00,0.000000e+00,0.000000e+00,0.000000e+00,0.000000e+00,0.000000e+00,0.000000e+00,9.123333e-05,0.000000e+00,0.000000e+00,0.000000e+00,5.930167e-04,0.000000e+00,2.851042e-05,0.000000e+00,0.000000e+00,0.000000e+00,0.000000e+00,0.000000e+00,0.000000e+00,0.000000e+00,0.000000e+00,0.000000e+00,0.000000e+00,0.000000e+00,0.000000e+00,0.000000e+00,0.000000e+00,0.000000e+00,0.000000e+00,0.000000e+00,8.838229e-05,0.000000e+00,0.000000e+00,0.000000e+00,0.000000e+00,0.000000e+00,0.000000e+00,0.000000e+00,2.195302e-04,0.000000e+00,0.000000e+00,0.000000e+00,0.000000e+00,0.000000e+00,0.000000e+00,0.000000e+00,0.000000e+00,0.000000e+00,4.276562e-05,0.000000e+00,0.000000e+00,0.000000e+00,0.000000e+00,0.000000e+00,0.000000e+00,0.000000e+00,0.000000e+00,0.000000e+00,0.000000e+00,0.000000e+00,0.000000e+00,0.000000e+00,0.000000e+00,0.000000e+00,0.000000e+00,0.000000e+00,0.000000e+00,0.000000e+00,0.000000e+00,0.000000e+00,0.000000e+00,0.000000e+00,0.000000e+00,0.000000e+00
DO_T07_7.5.15_DNA,6.468587e-01,1.607444e-02,1.321596e-03,1.410700e-02,1.154752e-02,0.000000e+00,2.360933e-02,1.568813e-01,8.495294e-02,3.169439e-04,5.382067e-05,0.000000e+00,2.990037e-05,0.000000e+00,6.751504e-03,6.207317e-03,1.219935e-03,7.463133e-03,1.004652e-03,4.186052e-04,3.462463e-03,0.000000e+00,2.679073e-03,6.954827e-03,6.458480e-04,6.578082e-05,1.118274e-03,4.126251e-04,7.176089e-05,0.000000e+00,1.375417e-04,4.724259e-04,3.647845e-04,1.620600e-03,0.000000e+00,3.588045e-04,0.000000e+00,0.000000e+00,4.903661e-04,0.000000e+00,0.000000e+00,0.000000e+00,4.186052e-04,0.000000e+00,2.392030e-05,0.000000e+00,0.000000e+00,0.000000e+00,0.000000e+00,7.893698e-04,0.000000e+00,0.000000e+00,2.511631e-04,0.000000e+00,1.794022e-05,0.000000e+00,0.000000e+00,1.196015e-05,3.049838e-04,0.000000e+00,1.554819e-04,0.000000e+00,0.000000e+00,0.000000e+00,0.000000e+00,0.000000e+00,0.000000e+00,2.033225e-04,0.000000e+00,0.000000e+00,2.990037e-05,0.000000e+00,0.000000e+00,0.000000e+00,0.000000e+00,0.000000e+00,0.000000e+00,0.000000e+00,0.000000e+00,0.000000e+00,0.000000e+00,0.000000e+00,0.000000e+00,0.000000e+00,0.000000e+00,0.000000e+00,0.000000e+00,0.000000e+00,0.000000e+00,0.000000e+00,0.000000e+00,0.000000e+00,0.000000e+00,1.196015e-04,0.000000e+00,0.000000e+00,0.000000e+00,0.000000e+00,0.000000e+00,0.000000e+00,0.000000e+00,0.000000e+00,0.000000e+00,0.000000e+00,0.000000e+00,0.000000e+00,0.000000e+00,0.000000e+00,0.000000e+00,0.000000e+00,0.000000e+00,0.000000e+00,0.000000e+00,0.000000e+00,0.000000e+00,0.000000e+00,0.000000e+00,0.000000e+00,0.000000e+00,0.000000e+00,0.000000e+00,0.000000e+00,0.000000e+00,0.000000e+00,0.000000e+00,0.000000e+00,0.000000e+00,0.000000e+00,0.000000e+00
DO_T03_15.22.5_DNA,6.892832e-01,2.179240e-02,2.125478e-04,3.007239e-02,1.043985e-03,0.000000e+00,1.826661e-02,1.419851e-01,5.472481e-02,1.478458e-03,0.000000e+00,0.000000e+00,0.000000e+00,0.000000e+00,3.303868e-03,3.600810e-03,3.375760e-04,8.642570e-03,7.720487e-04,2.344277e-04,2.478683e-03,0.000000e+00,1.400315e-03,5.466855e-03,2.313020e-03,0.000000e+00,5.657523e-04,9.127054e-04,5.938836e-05,3.688330e-04,5.001125e-05,7.501688e-05,3.031932e-04,1.697257e-03,0.000000e+00,4.629167e-03,0.000000e+00,0.000000e+00,1.781651e-04,1.562852e-05,0.000000e+00,0.000000e+00,1.431572e-03,0.000000e+00,4.907354e-04,0.000000e+00,0.000000e+00,0.000000e+00,0.000000e+00,2.125478e-04,0.000000e+00,0.000000e+00,2.813133e-05,0.000000e+00,0.000000e+00,0.000000e+00,9.752194e-04,0.000000e+00,0.000000e+00,4.375985e-05,0.000000e+00,0.000000e+00,0.000000e+00,0.000000e+00,0.000000e+00,3.125703e-06,0.000000e+00,2.500563e-04,0.000000e+00,0.000000e+00,6.563977e-05,0.000000e+00,0.000000e+00,0.000000e+00,0.000000e+00,0.000000e+00,0.000000e+00,0.000000e+00,3.750844e-05,0.000000e+00,0.000000e+00,0.000000e+00,0.000000e+00,0.000000e+00,0.000000e+00,0.000000e+00,3.750844e-05,0.000000e+00,0.000000e+00,0.000000e+00,0.000000e+00,9.377110e-06,0.000000e+00,1.437824e-04,0.000000e+00,0.000000e+00,0.000000e+00,0.000000e+00,0.000000e+00,0.000000e+00,0.000000e+00,0.000000e+00,0.000000e+00,3.125703e-06,3.125703e-06,0.000000e+00,0.000000e+00,0.000000e+00,0.000000e+00,0.000000e+00,0.000000e+00,0.000000e+00,0.000000e+00,0.000000e+00,0.000000e+00,0.000000e+00,0.000000e+00,0.000000e+00,0.000000e+00,0.000000e+00,0.000000e+00,0.000000e+00,0.000000e+00,0.000000e+00,0.000000e+00,0.000000e+00,0.000000e+00,0.000000e+00,0.000000e+00
DO_T06_15.22.5_DNA,6.774080e-01,3.808159e-02,4.545117e-04,1.460931e-03,6.980001e-03,4.637875e-05,1.147410e-02,1.596728e-01,9.669969e-03,3.796564e-02,3.246512e-05,2.782725e-05,3.246512e-05,2.782725e-05,3.663921e-04,2.862496e-02,5.472692e-04,6.052427e-03,3.093462e-03,3.617542e-04,3.246512e-05,9.275749e-06,1.252226e-04,1.187296e-03,5.528347e-03,5.658207e-04,7.652493e-04,1.391362e-04,6.493025e-05,3.153755e-04,0.000000e+00,5.101662e-05,6.678540e-04,1.358897e-03,1.391362e-05,5.936480e-04,0.000000e+00,0.000000e+00,0.000000e+00,0.000000e+00,0.000000e+00,4.174087e-05,3.682473e-03,0.000000e+00,1.159469e-04,0.000000e+00,0.000000e+00,0.000000e+00,0.000000e+00,1.080625e-03,0.000000e+00,1.855150e-05,0.000000e+00,0.000000e+00,4.637875e-05,0.000000e+00,0.000000e+00,0.000000e+00,6.493025e-05,0.000000e+00,0.000000e+00,3.942194e-04,0.000000e+00,0.000000e+00,0.000000e+00,1.530499e-04,0.000000e+00,1.298605e-04,0.000000e+00,0.000000e+00,1.623256e-04,0.000000e+00,0.000000e+00,0.000000e+00,0.000000e+00,0.000000e+00,0.000000e+00,0.000000e+00,0.000000e+00,0.000000e+00,0.000000e+00,0.000000e+00,0.000000e+00,0.000000e+00,0.000000e+00,1.855150e-05,0.000000e+00,0.000000e+00,0.000000e+00,0.000000e+00,0.000000e+00,0.000000e+00,0.000000e+00,2.689967e-04,0.000000e+00,0.000000e+00,0.000000e+00,0.000000e+00,0.000000e+00,0.000000e+00,0.000000e+00,0.000000e+00,0.000000e+00,2.318937e-05,0.000000e+00,0.000000e+00,0.000000e+00,0.000000e+00,0.000000e+00,0.000000e+00,0.000000e+00,0.000000e+00,0.000000e+00,0.000000e+00,0.000000e+00,0.000000e+00,0.000000e+00,0.000000e+00,0.000000e+00,0.000000e+00,0.000000e+00,0.000000e+00,0.000000e+00,0.000000e+00,0.000000e+00,0.000000e+00,0.000000e+00,0.000000e+00,0.000000e+00
DO_T02_7.5.15_DNA,5.330745e-01,6.885039e-03,1.322980e-02,2.605786e-02,2.389677e-04,4.848619e-05,1.752430e-02,2.647242e-01,5.041525e-02,3.844262e-04,2.770640e-05,3.463299e-05,2.770640e-05,0.000000e+00,4.297955e-03,6.701484e-03,4.034744e-03,1.595196e-02,3.809629e-05,2.801809e-03,1.489219e-04,0.000000e+00,1.873645e-03,9.977766e-03,1.939448e-03,7.529213e-03,1.191375e-03,1.890961e-03,0.000000e+00,1.852865e-03,1.731650e-05,3.047703e-04,1.447659e-03,5.416600e-03,1.038990e-05,4.104010e-03,0.000000e+00,0.000000e+00,9.004578e-05,1.014747e-03,0.000000e+00,7.619259e-05,3.044240e-03,0.000000e+00,4.502289e-04,0.000000e+00,3.116969e-05,9.004578e-05,0.000000e+00,6.718801e-04,3.116969e-04,0.000000e+00,4.155959e-04,1.697017e-04,9.870403e-04,0.000000e+00,0.000000e+00,1.662384e-04,4.332588e-03,4.259858e-04,4.259858e-04,2.528209e-04,1.385320e-05,2.770640e-05,0.000000e+00,0.000000e+00,0.000000e+00,7.203663e-04,0.000000e+00,0.000000e+00,2.701374e-04,0.000000e+00,0.000000e+00,0.000000e+00,0.000000e+00,0.000000e+00,0.000000e+00,0.000000e+00,1.731650e-05,0.000000e+00,2.701374e-04,0.000000e+00,3.809629e-05,0.000000e+00,1.385320e-05,0.000000e+00,0.000000e+00,0.000000e+00,2.424310e-05,5.091050e-04,6.926599e-05,6.926599e-05,0.000000e+00,5.264215e-04,0.000000e+00,7.272929e-05,0.000000e+00,0.000000e+00,0.000000e+00,0.000000e+00,0.000000e+00,0.000000e+00,0.000000e+00,8.311919e-05,0.000000e+00,0.000000e+00,9.350908e-05,0.000000e+00,0.000000e+00,0.000000e+00,0.000000e+00,0.000000e+00,0.000000e+00,0.000000e+00,0.000000e+00,0.000000e+00,0.000000e+00,0.000000e+00,0.000000e+00,0.000000e+00,0.000000e+00,0.000000e+00,0.000000e+00,0.000000e+00,2.077980e-05,0.000000e+00,0.000000e+00,0.000000e+00,0.000000e+00
DO_T03_7.5.15_DNA,6.978284e-01,2.400459e-02,2.842255e-04,2.376524e-02,1.451046e-03,1.994565e-05,2.348101e-02,1.056870e-01,7.549926e-02,4.088858e-04,0.000000e+00,0.000000e+00,0.000000e+00,0.000000e+00,1.974619e-03,5.849061e-03,2.094293e-04,8.945623e-03,9.673639e-04,1.047147e-04,9.150066e-03,0.000000e+00,9.374455e-04,8.865841e-03,1.575706e-03,4.986412e-06,4.537635e-04,1.087038e-03,9.972824e-05,9.474183e-04,8.476900e-05,2.493206e-05,6.482336e-04,2.378519e-03,1.047147e-04,1.211698e-03,0.000000e+00,0.000000e+00,3.490488e-05,0.000000e+00,0.000000e+00,3.490488e-05,3.640081e-04,0.000000e+00,4.088858e-04,0.000000e+00,0.000000e+00,5.983694e-05,0.000000e+00,2.343614e-04,0.000000e+00,0.000000e+00,1.894837e-04,0.000000e+00,0.000000e+00,0.000000e+00,0.000000e+00,0.000000e+00,0.000000e+00,1.296467e-04,1.495924e-05,0.000000e+00,0.000000e+00,1.495924e-05,0.000000e+00,0.000000e+00,4.487771e-05,8.975542e-05,0.000000e+00,0.000000e+00,3.490488e-05,0.000000e+00,0.000000e+00,0.000000e+00,0.000000e+00,0.000000e+00,0.000000e+00,0.000000e+00,0.000000e+00,0.000000e+00,0.000000e+00,0.000000e+00,0.000000e+00,0.000000e+00,0.000000e+00,0.000000e+00,4.487771e-05,0.000000e+00,0.000000e+00,0.000000e+00,0.000000e+00,0.000000e+00,0.000000e+00,2.194021e-04,0.000000e+00,0.000000e+00,1.994565e-05,0.000000e+00,0.000000e+00,0.000000e+00,0.000000e+00,0.000000e+00,0.000000e+00,0.000000e+00,0.000000e+00,4.986412e-06,0.000000e+00,0.000000e+00,0.000000e+00,0.000000e+00,0.000000e+00,0.000000e+00,0.000000e+00,0.000000e+00,0.000000e+00,0.000000e+00,0.000000e+00,0.000000e+00,0.000000e+00,0.000000e+00,0.000000e+00,0.000000e+00,0.000000e+00,0.000000e+00,0.000000e+00,0.000000e+00,0.000000e+00,0.000000e+00,0.000000e+00
DO_T05_15.22.5_DNA,6.857165e-01,7.816197e-03,3.154519e-04,1.045665e-02,6.542706e-04,0.000000e+00,1.124528e-02,1.627089e-01,7.241957e-02,1.810927e-04,0.000000e+00,0.000000e+00,4.089191e-05,0.000000e+00,7.652629e-04,6.268146e-03,1.559734e-03,7.897981e-03,0.000000e+00,0.000000e+00,3.919782e-03,0.000000e+00,1.033981e-03,4.509794e-03,8.704135e-04,4.089191e-05,1.039823e-03,1.524684e-03,0.000000e+00,3.388187e-04,7.243710e-04,2.336681e-05,1.150815e-03,6.326563e-03,2.132221e-03,9.229888e-04,0.000000e+00,8.937803e-04,0.000000e+00,0.000000e+00,0.000000e+00,2.570349e-04,2.476881e-03,0.000000e+00,3.446604e-04,0.000000e+00,0.000000e+00,0.000000e+00,0.000000e+00,1.168340e-05,0.000000e+00,0.000000e+00,1.746669e-03,0.000000e+00,5.841702e-05,0.000000e+00,0.000000e+00,0.000000e+00,0.000000e+00,2.278264e-04,0.000000e+00,0.000000e+00,0.000000e+00,1.285174e-04,0.000000e+00,0.000000e+00,0.000000e+00,1.226757e-04,0.000000e+00,0.000000e+00,2.804017e-04,0.000000e+00,0.000000e+00,1.285174e-04,0.000000e+00,0.000000e+00,0.000000e+00,0.000000e+00,2.336681e-05,0.000000e+00,1.168340e-05,0.000000e+00,0.000000e+00,0.000000e+00,0.000000e+00,0.000000e+00,0.000000e+00,0.000000e+00,5.257531e-05,0.000000e+00,0.000000e+00,0.000000e+00,0.000000e+00,6.309038e-04,0.000000e+00,0.000000e+00,0.000000e+00,0.000000e+00,0.000000e+00,0.000000e+00,0.000000e+00,0.000000e+00,0.000000e+00,0.000000e+00,0.000000e+00,0.000000e+00,0.000000e+00,0.000000e+00,0.000000e+00,0.000000e+00,0.000000e+00,0.000000e+00,0.000000e+00,0.000000e+00,0.000000e+00,0.000000e+00,0.000000e+00,0.000000e+00,0.000000e+00,0.000000e+00,0.000000e+00,0.000000e+00,0.000000e+00,0.000000e+00,0.000000e+00,0.000000e+00,0.000000e+00,0.000000e+00,0.000000e+00
DO_T03_0.7.5_DNA,5.783411e-01,1.465673e-02,3.125235e-03,1.865845e-02,4.426679e-04,3.541343e-05,1.953051e-02,2.222370e-01,6.964051e-02,8.410690e-05,0.000000e+00,0.000000e+00,0.000000e+00,1.770671e-04,3.244755e-03,7.472234e-03,2.080539e-04,1.041155e-02,1.416537e-04,5.090681e-04,3.111955e-03,0.000000e+00,1.567044e-03,1.506841e-02,2.394833e-03,1.328004e-03,1.288164e-03,3.700703e-03,1.770671e-04,3.328862e-03,2.744541e-04,2.877341e-04,9.871494e-04,4.608173e-03,0.000000e+00,8.189356e-04,0.000000e+00,0.000000e+00,4.205345e-04,2.346140e-04,0.000000e+00,3.718410e-04,1.801658e-03,0.000000e+00,1.447524e-03,0.000000e+00,2.656007e-05,6.285884e-04,1.062403e-04,5.754682e-05,4.205345e-04,0.000000e+00,7.348287e-04,1.057976e-03,1.195203e-04,2.124806e-04,0.000000e+00,3.098675e-05,1.903472e-04,9.827227e-04,3.541343e-05,5.400548e-04,0.000000e+00,5.754682e-05,0.000000e+00,0.000000e+00,8.410690e-05,1.549338e-04,1.314724e-03,1.106670e-04,1.150936e-04,0.000000e+00,0.000000e+00,0.000000e+00,0.000000e+00,0.000000e+00,4.869347e-05,0.000000e+00,0.000000e+00,0.000000e+00,5.754682e-05,0.000000e+00,6.197350e-05,0.000000e+00,4.426679e-05,0.000000e+00,0.000000e+00,0.000000e+00,5.754682e-05,0.000000e+00,8.853357e-05,0.000000e+00,0.000000e+00,1.593604e-04,0.000000e+00,0.000000e+00,6.640018e-05,0.000000e+00,0.000000e+00,0.000000e+00,0.000000e+00,0.000000e+00,0.000000e+00,8.853357e-06,0.000000e+00,1.903472e-04,0.000000e+00,0.000000e+00,0.000000e+00,4.869347e-05,0.000000e+00,0.000000e+00,5.312014e-05,0.000000e+00,0.000000e+00,0.000000e+00,0.000000e+00,0.000000e+00,0.000000e+00,0.000000e+00,0.000000e+00,0.000000e+00,0.000000e+00,0.000000e+00,0.000000e+00,0.000000e+00,0.000000e+00,0.000000e+00,0.000000e+00
DO_T04_15.22.5_DNA,7.284676e-01,1.619482e-02,9.706253e-04,4.030754e-02,7.605447e-03,3.324059e-05,2.765285e-02,7.534977e-02,7.180300e-02,6.681359e-04,3.988871e-05,3.656465e-05,0.000000e+00,1.994436e-05,2.017704e-03,2.975033e-03,5.318495e-05,6.611554e-03,6.016547e-04,8.376629e-04,4.796617e-03,6.648118e-06,1.435994e-03,5.152292e-03,9.673012e-04,1.662030e-05,6.215991e-04,2.925172e-04,3.324059e-05,5.983307e-05,1.994436e-05,9.639772e-05,1.429345e-04,1.133504e-03,0.000000e+00,1.329624e-05,0.000000e+00,0.000000e+00,1.163421e-04,0.000000e+00,0.000000e+00,0.000000e+00,1.635437e-03,0.000000e+00,1.628789e-04,3.224337e-04,0.000000e+00,0.000000e+00,0.000000e+00,0.000000e+00,0.000000e+00,0.000000e+00,3.224337e-04,3.324059e-06,0.000000e+00,0.000000e+00,0.000000e+00,2.659247e-05,0.000000e+00,0.000000e+00,1.662030e-05,0.000000e+00,0.000000e+00,9.972178e-06,0.000000e+00,2.326841e-05,2.659247e-05,1.196661e-04,0.000000e+00,0.000000e+00,0.000000e+00,0.000000e+00,0.000000e+00,0.000000e+00,0.000000e+00,0.000000e+00,0.000000e+00,0.000000e+00,0.000000e+00,0.000000e+00,0.000000e+00,0.000000e+00,0.000000e+00,0.000000e+00,0.000000e+00,0.000000e+00,0.000000e+00,0.000000e+00,0.000000e+00,0.000000e+00,0.000000e+00,0.000000e+00,0.000000e+00,1.396105e-04,0.000000e+00,0.000000e+00,1.662030e-05,0.000000e+00,0.000000e+00,0.000000e+00,0.000000e+00,6.648118e-06,0.000000e+00,1.662030e-05,0.000000e+00,0.000000e+00,0.000000e+00,0.000000e+00,0.000000e+00,0.000000e+00,0.000000e+00,0.000000e+00,0.000000e+00,0.000000e+00,0.000000e+00,0.000000e+00,0.000000e+00,0.000000e+00,0.000000e+00,0.000000e+00,0.000000e+00,0.000000e+00,0.000000e+00,0.000000e+00,0.000000e+00,0.000000e+00,0.000000e+00,0.000000e+00,0.000000e+00
DO_T03_30.37.5_DNA,7.710353e-01,2.008726e-02,4.127784e-04,6.045853e-02,7.754061e-04,1.041590e-04,2.519105e-02,4.688700e-02,4.398212e-02,3.414102e-03,5.400839e-05,6.172387e-05,7.329710e-05,1.157323e-05,4.706445e-04,2.125616e-03,5.400839e-05,6.245684e-03,4.127784e-04,1.465942e-04,9.328020e-03,3.471968e-05,1.076310e-03,2.534536e-03,5.786613e-04,0.000000e+00,5.400839e-04,1.350210e-04,2.700419e-05,7.715484e-05,6.172387e-05,0.000000e+00,1.735984e-04,5.593726e-04,1.149607e-03,3.857742e-06,0.000000e+00,0.000000e+00,0.000000e+00,0.000000e+00,0.000000e+00,0.000000e+00,6.326697e-04,0.000000e+00,0.000000e+00,3.163348e-04,0.000000e+00,0.000000e+00,0.000000e+00,4.590713e-04,0.000000e+00,0.000000e+00,3.471968e-05,3.471968e-05,0.000000e+00,0.000000e+00,0.000000e+00,0.000000e+00,0.000000e+00,0.000000e+00,8.487032e-05,0.000000e+00,0.000000e+00,0.000000e+00,0.000000e+00,0.000000e+00,2.314645e-05,1.543097e-05,0.000000e+00,0.000000e+00,5.786613e-05,0.000000e+00,0.000000e+00,0.000000e+00,0.000000e+00,0.000000e+00,0.000000e+00,0.000000e+00,0.000000e+00,0.000000e+00,0.000000e+00,0.000000e+00,0.000000e+00,0.000000e+00,0.000000e+00,0.000000e+00,0.000000e+00,0.000000e+00,0.000000e+00,0.000000e+00,0.000000e+00,0.000000e+00,0.000000e+00,5.786613e-05,0.000000e+00,0.000000e+00,0.000000e+00,0.000000e+00,0.000000e+00,0.000000e+00,0.000000e+00,0.000000e+00,0.000000e+00,0.000000e+00,0.000000e+00,0.000000e+00,0.000000e+00,0.000000e+00,0.000000e+00,0.000000e+00,0.000000e+00,0.000000e+00,0.000000e+00,0.000000e+00,0.000000e+00,0.000000e+00,0.000000e+00,0.000000e+00,0.000000e+00,0.000000e+00,0.000000e+00,0.000000e+00,0.000000e+00,0.000000e+00,0.000000e+00,0.000000e+00,0.000000e+00,0.000000e+00,0.000000e+00
DO_T04_0.7.5_DNA,5.051253e-01,3.234932e-03,2.668486e-02,2.264120e-02,1.907012e-03,4.659367e-05,1.318268e-02,3.054315e-01,5.259760e-02,2.662495e-05,0.000000e+00,5.990615e-05,5.657803e-05,1.431091e-04,7.019004e-03,4.409758e-03,2.006856e-03,1.291310e-02,1.331248e-05,5.225147e-04,4.825773e-04,9.984358e-06,1.161514e-03,6.263520e-03,1.933637e-03,1.827137e-03,5.458116e-04,5.238460e-03,4.492961e-04,3.218291e-03,1.264685e-04,8.819516e-04,6.057177e-04,5.621193e-03,0.000000e+00,5.391553e-04,0.000000e+00,1.530935e-04,3.527806e-04,1.863747e-04,0.000000e+00,7.288581e-04,1.417779e-03,0.000000e+00,5.191866e-04,0.000000e+00,0.000000e+00,3.527806e-04,3.494525e-04,4.992179e-05,2.795620e-04,1.697341e-04,1.291310e-03,9.518421e-04,3.328119e-04,3.794056e-04,0.000000e+00,1.664060e-04,1.331248e-04,7.255300e-04,9.984358e-06,7.388425e-04,0.000000e+00,2.396246e-04,0.000000e+00,0.000000e+00,6.323427e-05,1.664060e-03,0.000000e+00,0.000000e+00,1.431091e-04,3.760775e-04,0.000000e+00,0.000000e+00,2.362965e-04,0.000000e+00,8.985922e-05,1.564216e-04,9.984358e-06,0.000000e+00,7.321862e-05,0.000000e+00,5.324991e-05,0.000000e+00,0.000000e+00,0.000000e+00,0.000000e+00,0.000000e+00,1.697341e-04,0.000000e+00,7.321862e-05,5.990615e-05,0.000000e+00,2.063434e-04,0.000000e+00,0.000000e+00,2.329683e-05,0.000000e+00,0.000000e+00,0.000000e+00,0.000000e+00,0.000000e+00,0.000000e+00,0.000000e+00,0.000000e+00,1.131561e-04,0.000000e+00,0.000000e+00,0.000000e+00,0.000000e+00,0.000000e+00,0.000000e+00,3.328119e-05,0.000000e+00,0.000000e+00,0.000000e+00,0.000000e+00,0.000000e+00,0.000000e+00,0.000000e+00,0.000000e+00,0.000000e+00,0.000000e+00,0.000000e+00,0.000000e+00,0.000000e+00,0.000000e+00,0.000000e+00,0.000000e+00
DO_T05_22.5.30_DNA,7.420239e-01,8.192392e-03,5.618925e-04,2.227716e-02,1.798056e-03,5.618925e-05,2.402278e-02,8.474462e-02,7.059991e-02,3.408814e-04,7.117304e-05,1.498380e-05,4.495140e-05,2.247570e-05,1.539585e-03,2.030305e-03,2.247570e-04,5.248076e-03,2.659624e-04,1.798056e-04,1.445937e-02,0.000000e+00,1.266131e-03,5.015827e-03,5.206870e-04,0.000000e+00,1.108801e-03,3.858328e-04,0.000000e+00,5.244330e-05,8.241089e-05,2.285029e-04,1.386001e-04,1.232417e-03,7.967635e-03,9.364874e-05,0.000000e+00,0.000000e+00,8.241089e-05,0.000000e+00,0.000000e+00,2.622165e-05,1.412223e-03,0.000000e+00,2.210110e-04,5.768763e-04,0.000000e+00,0.000000e+00,0.000000e+00,1.872975e-05,0.000000e+00,0.000000e+00,2.547246e-04,0.000000e+00,1.498380e-05,0.000000e+00,0.000000e+00,0.000000e+00,4.495140e-05,0.000000e+00,0.000000e+00,7.491899e-05,0.000000e+00,8.241089e-05,0.000000e+00,1.498380e-05,0.000000e+00,1.648218e-04,0.000000e+00,0.000000e+00,0.000000e+00,0.000000e+00,0.000000e+00,2.996760e-05,0.000000e+00,0.000000e+00,0.000000e+00,0.000000e+00,0.000000e+00,0.000000e+00,0.000000e+00,0.000000e+00,0.000000e+00,0.000000e+00,1.498380e-05,0.000000e+00,0.000000e+00,0.000000e+00,0.000000e+00,0.000000e+00,0.000000e+00,0.000000e+00,0.000000e+00,1.386001e-04,0.000000e+00,0.000000e+00,1.498380e-05,0.000000e+00,0.000000e+00,0.000000e+00,0.000000e+00,0.000000e+00,0.000000e+00,0.000000e+00,0.000000e+00,0.000000e+00,0.000000e+00,0.000000e+00,0.000000e+00,0.000000e+00,0.000000e+00,0.000000e+00,0.000000e+00,0.000000e+00,0.000000e+00,0.000000e+00,0.000000e+00,0.000000e+00,0.000000e+00,0.000000e+00,0.000000e+00,0.000000e+00,0.000000e+00,0.000000e+00,0.000000e+00,0.000000e+00,0.000000e+00,0.000000e+00,0.000000e+00
DO_T05_30.37.5_DNA,6.831229e-01,1.111736e-02,4.073866e-04,5.420385e-02,1.608105e-04,7.504489e-05,3.411862e-02,6.893409e-02,8.439334e-02,1.726033e-03,5.360349e-05,3.752245e-05,5.896384e-05,0.000000e+00,1.479456e-03,1.522339e-03,2.144140e-04,4.132829e-03,5.681970e-04,0.000000e+00,1.157299e-02,0.000000e+00,2.985715e-03,4.304361e-03,1.463375e-03,2.036933e-04,3.752245e-04,3.323417e-04,0.000000e+00,9.112594e-05,5.360349e-05,2.572968e-04,1.286484e-04,1.618826e-03,2.498995e-02,1.715312e-04,0.000000e+00,0.000000e+00,1.929726e-04,0.000000e+00,0.000000e+00,2.144140e-05,1.072070e-03,0.000000e+00,0.000000e+00,3.103642e-03,0.000000e+00,0.000000e+00,0.000000e+00,1.072070e-05,0.000000e+00,0.000000e+00,2.197743e-04,0.000000e+00,1.608105e-05,0.000000e+00,0.000000e+00,0.000000e+00,0.000000e+00,0.000000e+00,1.072070e-05,0.000000e+00,0.000000e+00,0.000000e+00,0.000000e+00,0.000000e+00,0.000000e+00,1.125673e-04,0.000000e+00,0.000000e+00,5.360349e-05,0.000000e+00,0.000000e+00,0.000000e+00,0.000000e+00,0.000000e+00,0.000000e+00,0.000000e+00,4.288280e-05,0.000000e+00,0.000000e+00,4.288280e-05,0.000000e+00,0.000000e+00,0.000000e+00,0.000000e+00,0.000000e+00,0.000000e+00,0.000000e+00,0.000000e+00,0.000000e+00,0.000000e+00,0.000000e+00,1.715312e-04,0.000000e+00,0.000000e+00,5.360349e-05,0.000000e+00,0.000000e+00,0.000000e+00,0.000000e+00,0.000000e+00,0.000000e+00,0.000000e+00,0.000000e+00,0.000000e+00,0.000000e+00,0.000000e+00,0.000000e+00,0.000000e+00,0.000000e+00,0.000000e+00,0.000000e+00,0.000000e+00,0.000000e+00,0.000000e+00,0.000000e+00,0.000000e+00,0.000000e+00,0.000000e+00,0.000000e+00,0.000000e+00,0.000000e+00,0.000000e+00,0.000000e+00,0.000000e+00,0.000000e+00,0.000000e+00,0.000000e+00
DO_T06_7.5.15_DNA,5.846694e-01,1.053138e-02,1.401395e-03,1.181773e-02,7.848858e-03,6.797812e-05,9.679039e-03,2.627877e-01,2.060783e-02,1.139941e-03,0.000000e+00,2.091635e-05,4.183269e-05,0.000000e+00,3.147910e-03,3.410933e-02,1.453686e-03,7.477593e-03,1.568726e-05,8.000502e-04,1.359562e-04,0.000000e+00,5.229086e-04,2.431525e-03,4.978090e-03,7.686757e-04,1.589642e-03,4.941487e-03,2.039344e-04,1.464144e-03,2.039344e-04,1.019672e-03,3.294324e-04,6.363798e-03,0.000000e+00,2.619772e-03,0.000000e+00,6.170322e-04,8.366538e-05,0.000000e+00,0.000000e+00,1.260210e-03,5.736308e-03,0.000000e+00,6.797812e-05,0.000000e+00,0.000000e+00,0.000000e+00,0.000000e+00,3.346615e-04,4.706178e-05,1.359562e-04,1.254981e-04,2.091635e-04,4.863050e-04,0.000000e+00,0.000000e+00,1.254981e-04,6.118031e-04,6.118031e-04,0.000000e+00,8.366538e-04,0.000000e+00,1.359562e-04,0.000000e+00,0.000000e+00,4.706178e-05,6.222613e-04,0.000000e+00,0.000000e+00,7.634466e-04,0.000000e+00,0.000000e+00,0.000000e+00,0.000000e+00,0.000000e+00,0.000000e+00,0.000000e+00,0.000000e+00,0.000000e+00,0.000000e+00,0.000000e+00,2.509961e-04,0.000000e+00,0.000000e+00,0.000000e+00,6.484067e-04,0.000000e+00,5.647413e-04,6.274904e-05,0.000000e+00,0.000000e+00,0.000000e+00,4.078687e-04,0.000000e+00,0.000000e+00,0.000000e+00,0.000000e+00,0.000000e+00,0.000000e+00,0.000000e+00,0.000000e+00,0.000000e+00,1.568726e-05,0.000000e+00,0.000000e+00,0.000000e+00,0.000000e+00,0.000000e+00,0.000000e+00,0.000000e+00,0.000000e+00,0.000000e+00,0.000000e+00,0.000000e+00,0.000000e+00,0.000000e+00,0.000000e+00,0.000000e+00,0.000000e+00,0.000000e+00,0.000000e+00,0.000000e+00,0.000000e+00,0.000000e+00,0.000000e+00,0.000000e+00,0.000000e+00,0.000000e+00
DO_T02_15.22.5_DNA,6.197157e-01,1.277005e-02,1.755528e-03,2.967409e-02,5.238271e-04,7.078744e-05,2.171759e-02,1.256760e-01,1.401308e-01,8.919217e-04,8.494493e-05,9.910242e-05,0.000000e+00,4.247246e-05,6.795594e-04,4.473766e-03,1.005182e-03,1.618201e-02,7.503469e-04,3.822522e-04,7.361894e-04,0.000000e+00,7.078744e-04,1.131183e-02,7.786618e-04,5.096696e-04,1.316646e-03,1.132599e-04,0.000000e+00,3.539372e-04,0.000000e+00,0.000000e+00,1.160914e-03,1.967891e-03,0.000000e+00,1.727214e-03,0.000000e+00,0.000000e+00,0.000000e+00,0.000000e+00,0.000000e+00,0.000000e+00,7.220319e-04,0.000000e+00,6.654019e-04,0.000000e+00,0.000000e+00,4.530396e-04,0.000000e+00,0.000000e+00,0.000000e+00,0.000000e+00,9.910242e-05,0.000000e+00,0.000000e+00,0.000000e+00,0.000000e+00,0.000000e+00,0.000000e+00,1.132599e-04,0.000000e+00,0.000000e+00,0.000000e+00,0.000000e+00,0.000000e+00,0.000000e+00,0.000000e+00,1.698899e-04,0.000000e+00,0.000000e+00,4.247246e-05,0.000000e+00,0.000000e+00,0.000000e+00,0.000000e+00,0.000000e+00,0.000000e+00,0.000000e+00,0.000000e+00,0.000000e+00,0.000000e+00,0.000000e+00,0.000000e+00,0.000000e+00,0.000000e+00,0.000000e+00,0.000000e+00,0.000000e+00,0.000000e+00,1.557324e-04,0.000000e+00,0.000000e+00,0.000000e+00,2.548348e-04,0.000000e+00,0.000000e+00,0.000000e+00,0.000000e+00,0.000000e+00,0.000000e+00,0.000000e+00,0.000000e+00,0.000000e+00,1.415749e-05,0.000000e+00,0.000000e+00,0.000000e+00,0.000000e+00,0.000000e+00,0.000000e+00,0.000000e+00,0.000000e+00,0.000000e+00,0.000000e+00,0.000000e+00,0.000000e+00,0.000000e+00,0.000000e+00,0.000000e+00,0.000000e+00,0.000000e+00,0.000000e+00,0.000000e+00,0.000000e+00,0.000000e+00,0.000000e+00,0.000000e+00,0.000000e+00,0.000000e+00
DO_T06_37.5.45_DNA,7.585326e-01,5.909043e-02,1.168845e-04,2.212836e-02,7.491234e-04,2.879609e-03,2.928488e-02,6.107746e-02,1.634258e-02,9.754543e-03,1.110403e-03,1.067899e-03,9.138242e-04,7.916268e-04,6.588035e-04,3.389650e-03,7.969398e-05,1.942408e-02,1.067899e-03,0.000000e+00,8.819467e-04,5.419190e-04,3.878440e-04,5.419190e-04,3.134630e-04,5.312932e-06,1.094464e-03,5.312932e-06,0.000000e+00,2.125173e-05,0.000000e+00,0.000000e+00,2.709595e-04,5.206673e-04,2.794602e-03,2.656466e-05,0.000000e+00,0.000000e+00,0.000000e+00,0.000000e+00,1.593880e-04,0.000000e+00,2.040166e-03,0.000000e+00,0.000000e+00,7.384975e-04,0.000000e+00,0.000000e+00,0.000000e+00,2.922112e-04,0.000000e+00,0.000000e+00,0.000000e+00,0.000000e+00,0.000000e+00,0.000000e+00,0.000000e+00,0.000000e+00,0.000000e+00,0.000000e+00,0.000000e+00,7.969398e-05,0.000000e+00,0.000000e+00,0.000000e+00,1.009457e-04,0.000000e+00,0.000000e+00,0.000000e+00,0.000000e+00,0.000000e+00,0.000000e+00,0.000000e+00,0.000000e+00,0.000000e+00,0.000000e+00,0.000000e+00,0.000000e+00,0.000000e+00,0.000000e+00,0.000000e+00,0.000000e+00,0.000000e+00,0.000000e+00,2.125173e-05,0.000000e+00,0.000000e+00,0.000000e+00,0.000000e+00,0.000000e+00,0.000000e+00,0.000000e+00,0.000000e+00,5.153544e-04,0.000000e+00,0.000000e+00,0.000000e+00,0.000000e+00,0.000000e+00,0.000000e+00,0.000000e+00,0.000000e+00,0.000000e+00,1.859526e-04,0.000000e+00,0.000000e+00,0.000000e+00,0.000000e+00,0.000000e+00,0.000000e+00,0.000000e+00,0.000000e+00,0.000000e+00,0.000000e+00,0.000000e+00,0.000000e+00,0.000000e+00,0.000000e+00,0.000000e+00,0.000000e+00,0.000000e+00,0.000000e+00,0.000000e+00,0.000000e+00,0.000000e+00,0.000000e+00,0.000000e+00,0.000000e+00,0.000000e+00
